20260419 22:00:00.000,4767.405,4778.005,4763.355,4766.105,51210,0.0
20260419 22:01:00.000,4766.055,4781.055,4758.085,4779.105,67140,0.0
20260419 22:02:00.000,4778.915,4785.015,4774.885,4778.375,58230,0.0
20260419 22:03:00.000,4778.375,4789.565,4776.805,4780.598,55030,0.0
20260419 22:04:00.000,4780.305,4781.155,4771.248,4773.635,75890,0.0
20260419 22:05:00.000,4773.775,4776.605,4769.435,4773.125,52830,0.0
20260419 22:06:00.000,4773.565,4783.455,4771.155,4782.665,68310,0.0
20260419 22:07:00.000,4782.745,4784.415,4775.618,4782.035,72430,0.0
20260419 22:08:00.000,4782.035,4784.875,4778.585,4783.475,90290,0.0
20260419 22:09:00.000,4783.435,4792.548,4782.835,4792.548,81230,0.0
20260419 22:10:00.000,4792.548,4793.115,4780.191,4786.575,78110,0.0
20260419 22:11:00.000,4786.655,4794.225,4785.455,4793.045,61560,0.0
20260419 22:12:00.000,4793.075,4794.075,4789.065,4789.445,47230,0.0
20260419 22:13:00.000,4789.415,4791.665,4787.545,4788.545,38220,0.0
20260419 22:14:00.000,4788.465,4790.695,4787.445,4789.805,32159,0.0
20260419 22:15:00.000,4789.865,4792.135,4788.115,4791.765,32620,0.0
20260419 22:16:00.000,4791.715,4794.635,4789.255,4789.735,41110,0.0
20260419 22:17:00.000,4789.755,4791.905,4789.365,4790.315,25260,0.0
20260419 22:18:00.000,4790.345,4792.125,4785.015,4790.195,34320,0.0
20260419 22:19:00.000,4790.215,4793.285,4789.485,4791.145,22750,0.0
20260419 22:20:00.000,4791.295,4793.188,4789.235,4789.598,34840,0.0
20260419 22:21:00.000,4789.615,4789.865,4787.045,4788.258,45210,0.0
20260419 22:22:00.000,4788.268,4788.488,4785.985,4786.575,32660,0.0
20260419 22:23:00.000,4786.555,4786.665,4783.808,4784.635,42200,0.0
20260419 22:24:00.000,4784.715,4786.745,4783.568,4783.988,34230,0.0
20260419 22:25:00.000,4783.965,4785.008,4783.538,4784.818,38250,0.0
20260419 22:26:00.000,4784.828,4786.415,4783.808,4785.995,28080,0.0
20260419 22:27:00.000,4786.038,4786.175,4784.905,4786.175,19020,0.0
20260419 22:28:00.000,4786.205,4788.625,4786.205,4787.995,29190,0.0
20260419 22:29:00.000,4788.238,4788.355,4784.155,4784.565,24370,0.0
20260419 22:30:00.000,4784.648,4786.635,4784.285,4784.305,27480,0.0
20260419 22:31:00.000,4784.385,4787.355,4784.385,4787.148,26010,0.0
20260419 22:32:00.000,4787.238,4789.285,4787.238,4788.765,58200,0.0
20260419 22:33:00.000,4788.725,4790.365,4786.905,4787.325,23880,0.0
20260419 22:34:00.000,4787.275,4787.485,4785.078,4785.078,43830,0.0
20260419 22:35:00.000,4785.008,4785.118,4782.488,4784.568,66480,0.0
20260419 22:36:00.000,4784.575,4785.145,4783.605,4784.525,26700,0.0
20260419 22:37:00.000,4784.545,4785.958,4784.095,4785.788,53460,0.0
20260419 22:38:00.000,4785.818,4786.688,4785.488,4785.508,51750,0.0
20260419 22:39:00.000,4785.508,4785.828,4783.488,4783.905,32880,0.0
20260419 22:40:00.000,4783.885,4784.278,4781.998,4782.565,48210,0.0
20260419 22:41:00.000,4782.598,4783.488,4782.598,4782.825,23130,0.0
20260419 22:42:00.000,4782.995,4783.085,4780.225,4781.335,22290,0.0
20260419 22:43:00.000,4781.385,4782.298,4778.788,4782.085,29010,0.0
20260419 22:44:00.000,4782.178,4782.178,4779.535,4780.065,16530,0.0
20260419 22:45:00.000,4780.005,4782.508,4779.885,4781.235,20670,0.0
20260419 22:46:00.000,4780.938,4783.405,4780.788,4782.055,27510,0.0
20260419 22:47:00.000,4782.005,4784.025,4781.485,4781.555,28560,0.0
20260419 22:48:00.000,4781.598,4783.408,4781.108,4782.868,15659,0.0
20260419 22:49:00.000,4782.868,4785.378,4782.868,4784.915,52050,0.0
20260419 22:50:00.000,4784.908,4786.098,4784.258,4784.678,62180,0.0
20260419 22:51:00.000,4784.678,4785.238,4784.038,4785.225,20850,0.0
20260419 22:52:00.000,4785.275,4786.418,4784.965,4786.225,20040,0.0
20260419 22:53:00.000,4786.255,4786.308,4784.648,4784.708,25650,0.0
20260419 22:54:00.000,4784.708,4784.888,4781.698,4781.698,30720,0.0
20260419 22:55:00.000,4781.698,4782.698,4781.688,4781.688,32699,0.0
20260419 22:56:00.000,4781.648,4781.648,4779.898,4780.498,20460,0.0
20260419 22:57:00.000,4780.498,4781.048,4779.908,4781.048,20850,0.0
20260419 22:58:00.000,4781.048,4781.248,4780.048,4780.398,39820,0.0
20260419 22:59:00.000,4780.398,4780.398,4777.498,4778.698,49910,0.0
20260419 23:00:00.000,4778.698,4778.798,4773.588,4775.898,73530,0.0
20260419 23:01:00.000,4775.898,4775.898,4772.248,4775.198,89200,0.0
20260419 23:02:00.000,4775.318,4778.848,4775.308,4778.048,87620,0.0
20260419 23:03:00.000,4778.048,4778.328,4776.348,4777.848,28420,0.0
20260419 23:04:00.000,4778.018,4778.248,4774.468,4775.598,45390,0.0
20260419 23:05:00.000,4775.618,4775.758,4772.498,4773.648,46380,0.0
20260419 23:06:00.000,4773.648,4774.048,4771.308,4773.348,52290,0.0
20260419 23:07:00.000,4773.348,4775.548,4773.015,4775.248,45740,0.0
20260419 23:08:00.000,4775.248,4776.688,4774.648,4775.448,26910,0.0
20260419 23:09:00.000,4775.265,4776.048,4774.545,4775.248,32460,0.0
20260419 23:10:00.000,4775.868,4778.225,4775.748,4777.885,25110,0.0
20260419 23:11:00.000,4777.865,4778.385,4777.385,4778.125,13500,0.0
20260419 23:12:00.000,4778.455,4778.795,4775.685,4775.685,19260,0.0
20260419 23:13:00.000,4775.785,4775.925,4772.365,4775.385,20430,0.0
20260419 23:14:00.000,4775.415,4775.455,4771.905,4772.215,11910,0.0
20260419 23:15:00.000,4772.175,4773.845,4771.555,4772.845,19830,0.0
20260419 23:16:00.000,4772.865,4773.345,4770.485,4771.215,18750,0.0
20260419 23:17:00.000,4771.155,4774.965,4771.155,4774.965,14340,0.0
20260419 23:18:00.000,4774.955,4775.735,4773.665,4773.845,14190,0.0
20260419 23:19:00.000,4773.755,4773.975,4772.645,4772.645,11070,0.0
20260419 23:20:00.000,4772.585,4772.645,4770.715,4772.295,20220,0.0
20260419 23:21:00.000,4772.315,4772.705,4769.895,4770.075,19920,0.0
20260419 23:22:00.000,4769.945,4770.725,4769.775,4770.635,13620,0.0
20260419 23:23:00.000,4770.635,4771.015,4768.405,4769.445,15300,0.0
20260419 23:24:00.000,4769.465,4770.665,4769.365,4770.365,13920,0.0
20260419 23:25:00.000,4770.385,4770.995,4768.995,4770.985,11670,0.0
20260419 23:26:00.000,4770.965,4771.875,4770.565,4771.495,10890,0.0
20260419 23:27:00.000,4770.715,4770.745,4768.965,4769.275,12060,0.0
20260419 23:28:00.000,4769.245,4769.485,4768.045,4769.325,15390,0.0
20260419 23:29:00.000,4769.375,4770.155,4767.925,4768.945,12570,0.0
20260419 23:30:00.000,4769.115,4771.195,4767.865,4771.105,20130,0.0
20260419 23:31:00.000,4771.085,4772.505,4768.985,4772.295,18450,0.0
20260419 23:32:00.000,4772.335,4773.205,4771.795,4772.635,14760,0.0
20260419 23:33:00.000,4772.655,4772.655,4769.815,4770.045,14730,0.0
20260419 23:34:00.000,4770.065,4771.435,4769.105,4771.125,14460,0.0
20260419 23:35:00.000,4771.035,4771.515,4766.675,4767.565,19890,0.0
20260419 23:36:00.000,4767.755,4767.865,4762.025,4763.235,24390,0.0
20260419 23:37:00.000,4763.255,4766.465,4762.385,4765.345,27000,0.0
20260419 23:38:00.000,4765.405,4766.535,4763.345,4763.705,15030,0.0
20260419 23:39:00.000,4763.045,4764.495,4759.245,4763.805,23400,0.0
20260419 23:40:00.000,4763.605,4764.055,4759.205,4759.815,24570,0.0
20260419 23:41:00.000,4759.795,4762.325,4759.505,4762.005,21450,0.0
20260419 23:42:00.000,4762.165,4763.215,4760.715,4760.965,21780,0.0
20260419 23:43:00.000,4760.328,4761.065,4740.768,4750.335,60307,0.0
20260419 23:44:00.000,4750.225,4753.635,4747.775,4751.615,56460,0.0
20260419 23:45:00.000,4751.945,4751.965,4740.625,4741.145,64470,0.0
20260419 23:46:00.000,4741.255,4743.315,4736.635,4740.685,66510,0.0
20260419 23:47:00.000,4740.795,4743.835,4739.325,4740.005,41780,0.0
20260419 23:48:00.000,4739.985,4748.475,4739.925,4745.215,42510,0.0
20260419 23:49:00.000,4745.195,4746.645,4743.075,4743.535,29640,0.0
20260419 23:50:00.000,4743.505,4748.545,4743.385,4747.688,51090,0.0
20260419 23:51:00.000,4747.688,4750.095,4744.655,4746.765,53580,0.0
20260419 23:52:00.000,4746.865,4748.728,4744.845,4748.045,31800,0.0
20260419 23:53:00.000,4748.055,4750.895,4747.795,4747.865,29850,0.0
20260419 23:54:00.000,4747.905,4752.338,4747.865,4752.135,27690,0.0
20260419 23:55:00.000,4752.085,4752.275,4750.625,4751.858,20940,0.0
20260419 23:56:00.000,4751.838,4752.128,4749.635,4751.545,20760,0.0
20260419 23:57:00.000,4751.845,4753.045,4750.635,4752.145,18840,0.0
20260419 23:58:00.000,4752.215,4754.085,4752.215,4753.575,23310,0.0
20260419 23:59:00.000,4753.605,4755.115,4753.605,4754.945,14280,0.0
20260420 00:00:00.000,4754.995,4754.995,4744.295,4748.345,59140,0.0
20260420 00:01:00.000,4748.315,4750.475,4745.065,4747.635,45060,0.0
20260420 00:02:00.000,4747.615,4753.035,4747.075,4750.695,40730,0.0
20260420 00:03:00.000,4750.635,4752.425,4746.535,4746.965,29010,0.0
20260420 00:04:00.000,4746.915,4750.585,4746.658,4749.445,31470,0.0
20260420 00:05:00.000,4749.595,4750.995,4748.275,4750.545,27000,0.0
20260420 00:06:00.000,4750.585,4753.785,4749.895,4753.695,34950,0.0
20260420 00:07:00.000,4753.725,4754.035,4746.515,4748.785,40920,0.0
20260420 00:08:00.000,4748.625,4751.255,4748.625,4750.075,27210,0.0
20260420 00:09:00.000,4750.045,4753.215,4749.705,4752.065,25800,0.0
20260420 00:10:00.000,4752.075,4754.935,4751.495,4753.215,33060,0.0
20260420 00:11:00.000,4753.475,4754.795,4751.405,4754.095,28200,0.0
20260420 00:12:00.000,4754.125,4754.355,4751.225,4752.965,28290,0.0
20260420 00:13:00.000,4752.945,4753.185,4749.105,4750.525,25050,0.0
20260420 00:14:00.000,4750.795,4752.885,4750.795,4751.985,22830,0.0
20260420 00:15:00.000,4752.005,4755.825,4751.455,4755.585,37470,0.0
20260420 00:16:00.000,4755.645,4758.368,4753.415,4754.265,45270,0.0
20260420 00:17:00.000,4754.285,4756.075,4752.555,4753.975,31020,0.0
20260420 00:18:00.000,4754.015,4756.825,4752.925,4756.825,27810,0.0
20260420 00:19:00.000,4756.795,4758.935,4755.655,4758.005,40650,0.0
20260420 00:20:00.000,4757.965,4760.845,4757.375,4759.865,39030,0.0
20260420 00:21:00.000,4759.975,4761.125,4757.905,4758.995,39180,0.0
20260420 00:22:00.000,4758.805,4759.295,4756.455,4758.255,27030,0.0
20260420 00:23:00.000,4758.245,4761.295,4757.805,4760.895,29970,0.0
20260420 00:24:00.000,4760.865,4762.665,4759.695,4762.435,28110,0.0
20260420 00:25:00.000,4762.395,4763.725,4761.755,4763.315,27060,0.0
20260420 00:26:00.000,4763.365,4764.245,4762.425,4763.165,26250,0.0
20260420 00:27:00.000,4763.195,4764.395,4762.225,4762.875,20280,0.0
20260420 00:28:00.000,4762.895,4764.305,4762.895,4763.495,22230,0.0
20260420 00:29:00.000,4763.465,4765.635,4762.875,4765.255,26940,0.0
20260420 00:30:00.000,4765.215,4766.615,4764.635,4765.795,23130,0.0
20260420 00:31:00.000,4765.755,4766.215,4761.665,4764.195,22440,0.0
20260420 00:32:00.000,4764.235,4767.005,4764.195,4766.515,29580,0.0
20260420 00:33:00.000,4766.575,4767.825,4766.035,4767.285,28440,0.0
20260420 00:34:00.000,4767.325,4767.325,4764.755,4765.825,15540,0.0
20260420 00:35:00.000,4765.795,4765.815,4762.815,4762.835,17310,0.0
20260420 00:36:00.000,4762.775,4764.805,4760.975,4764.795,23580,0.0
20260420 00:37:00.000,4764.745,4766.185,4763.765,4764.295,29940,0.0
20260420 00:38:00.000,4764.295,4765.545,4763.415,4763.975,33870,0.0
20260420 00:39:00.000,4763.975,4765.575,4763.705,4764.915,25110,0.0
20260420 00:40:00.000,4764.725,4765.635,4763.515,4765.385,20970,0.0
20260420 00:41:00.000,4765.325,4765.325,4763.415,4763.895,14880,0.0
20260420 00:42:00.000,4764.005,4765.478,4763.705,4765.435,14430,0.0
20260420 00:43:00.000,4765.075,4765.515,4763.555,4765.125,17760,0.0
20260420 00:44:00.000,4765.185,4765.225,4763.745,4763.975,15060,0.0
20260420 00:45:00.000,4764.025,4765.185,4763.358,4764.625,21390,0.0
20260420 00:46:00.000,4764.685,4767.955,4764.685,4766.175,26160,0.0
20260420 00:47:00.000,4766.215,4766.785,4763.615,4763.655,15480,0.0
20260420 00:48:00.000,4763.695,4764.125,4762.495,4763.995,10650,0.0
20260420 00:49:00.000,4763.935,4764.525,4763.215,4764.225,15600,0.0
20260420 00:50:00.000,4764.325,4764.625,4762.845,4762.845,17880,0.0
20260420 00:51:00.000,4762.825,4763.475,4759.915,4760.505,25560,0.0
20260420 00:52:00.000,4760.495,4762.005,4759.205,4761.315,33690,0.0
20260420 00:53:00.000,4761.275,4764.435,4760.765,4764.195,21540,0.0
20260420 00:54:00.000,4764.265,4764.995,4762.945,4763.415,18900,0.0
20260420 00:55:00.000,4763.435,4763.435,4761.325,4762.475,19170,0.0
20260420 00:56:00.000,4762.425,4763.945,4761.985,4763.945,19860,0.0
20260420 00:57:00.000,4763.975,4768.895,4763.975,4768.595,26670,0.0
20260420 00:58:00.000,4768.665,4769.565,4768.265,4768.485,22830,0.0
20260420 00:59:00.000,4768.495,4774.185,4768.495,4772.105,40050,0.0
20260420 01:00:00.000,4772.165,4779.045,4771.345,4777.895,70630,0.0
20260420 01:01:00.000,4777.835,4780.095,4775.965,4779.575,54960,0.0
20260420 01:02:00.000,4780.235,4781.135,4775.865,4780.005,58560,0.0
20260420 01:03:00.000,4779.915,4785.745,4779.915,4785.335,51090,0.0
20260420 01:04:00.000,4785.185,4788.465,4785.185,4787.505,44190,0.0
20260420 01:05:00.000,4787.475,4789.235,4785.045,4785.045,50640,0.0
20260420 01:06:00.000,4784.915,4785.575,4781.135,4781.565,39300,0.0
20260420 01:07:00.000,4782.015,4784.355,4782.015,4783.075,36390,0.0
20260420 01:08:00.000,4783.115,4786.925,4783.115,4786.875,38430,0.0
20260420 01:09:00.000,4786.915,4788.145,4785.215,4788.105,34140,0.0
20260420 01:10:00.000,4788.185,4790.065,4786.285,4789.775,37950,0.0
20260420 01:11:00.000,4789.835,4791.985,4789.555,4790.665,32040,0.0
20260420 01:12:00.000,4790.495,4792.885,4790.425,4792.145,37620,0.0
20260420 01:13:00.000,4792.485,4793.918,4790.835,4793.645,35010,0.0
20260420 01:14:00.000,4793.695,4794.245,4792.315,4793.605,36330,0.0
20260420 01:15:00.000,4793.675,4794.685,4788.395,4790.355,43020,0.0
20260420 01:16:00.000,4790.385,4791.525,4788.955,4789.305,37020,0.0
20260420 01:17:00.000,4789.195,4792.795,4789.195,4791.195,37440,0.0
20260420 01:18:00.000,4791.215,4792.725,4790.745,4790.845,33990,0.0
20260420 01:19:00.000,4791.155,4792.625,4790.495,4792.395,31200,0.0
20260420 01:20:00.000,4792.405,4794.375,4791.545,4794.345,34140,0.0
20260420 01:21:00.000,4794.395,4794.555,4792.625,4793.345,28530,0.0
20260420 01:22:00.000,4793.635,4794.855,4791.825,4794.825,28080,0.0
20260420 01:23:00.000,4794.795,4798.155,4794.705,4797.145,31170,0.0
20260420 01:24:00.000,4797.195,4797.665,4796.085,4796.995,21120,0.0
20260420 01:25:00.000,4797.495,4799.255,4795.695,4796.195,32159,0.0
20260420 01:26:00.000,4796.165,4798.095,4796.165,4797.575,26910,0.0
20260420 01:27:00.000,4797.415,4801.615,4796.845,4800.805,26670,0.0
20260420 01:28:00.000,4800.865,4802.625,4800.865,4802.005,38220,0.0
20260420 01:29:00.000,4802.175,4803.625,4802.105,4802.685,32249,0.0
20260420 01:30:00.000,4802.785,4804.555,4801.185,4804.115,41340,0.0
20260420 01:31:00.000,4804.005,4808.435,4803.945,4808.335,42480,0.0
20260420 01:32:00.000,4808.295,4810.665,4807.645,4810.195,38670,0.0
20260420 01:33:00.000,4810.225,4812.085,4808.385,4808.845,40560,0.0
20260420 01:34:00.000,4808.805,4808.805,4805.045,4807.495,38160,0.0
20260420 01:35:00.000,4807.585,4808.965,4805.745,4806.145,27870,0.0
20260420 01:36:00.000,4806.288,4807.775,4804.878,4805.058,42810,0.0
20260420 01:37:00.000,4805.008,4805.235,4802.845,4804.345,40110,0.0
20260420 01:38:00.000,4804.325,4807.105,4804.325,4805.685,29880,0.0
20260420 01:39:00.000,4805.705,4809.728,4805.375,4807.855,45510,0.0
20260420 01:40:00.000,4807.825,4807.825,4805.585,4806.655,35520,0.0
20260420 01:41:00.000,4806.845,4810.095,4805.595,4808.655,32490,0.0
20260420 01:42:00.000,4808.795,4809.835,4807.795,4808.585,29880,0.0
20260420 01:43:00.000,4808.555,4809.025,4806.225,4807.255,32340,0.0
20260420 01:44:00.000,4807.945,4807.945,4805.835,4806.198,31980,0.0
20260420 01:45:00.000,4806.198,4810.185,4805.715,4809.005,28920,0.0
20260420 01:46:00.000,4809.065,4811.755,4808.865,4811.205,30240,0.0
20260420 01:47:00.000,4811.265,4813.745,4810.815,4812.355,30210,0.0
20260420 01:48:00.000,4812.315,4812.315,4808.138,4808.285,37680,0.0
20260420 01:49:00.000,4808.145,4810.905,4807.858,4810.098,30330,0.0
20260420 01:50:00.000,4810.098,4810.698,4808.335,4809.295,36540,0.0
20260420 01:51:00.000,4809.395,4810.445,4807.988,4808.455,29340,0.0
20260420 01:52:00.000,4808.395,4813.905,4808.335,4813.865,32850,0.0
20260420 01:53:00.000,4813.845,4814.035,4812.295,4812.695,26370,0.0
20260420 01:54:00.000,4812.675,4813.005,4811.415,4812.675,22110,0.0
20260420 01:55:00.000,4812.755,4813.105,4811.055,4813.035,27120,0.0
20260420 01:56:00.000,4812.925,4813.375,4809.365,4809.635,26700,0.0
20260420 01:57:00.000,4809.725,4810.555,4807.995,4810.495,34470,0.0
20260420 01:58:00.000,4810.565,4810.645,4808.805,4808.875,27720,0.0
20260420 01:59:00.000,4808.905,4809.015,4807.105,4807.525,33330,0.0
20260420 02:00:00.000,4807.415,4808.825,4806.725,4807.695,35040,0.0
20260420 02:01:00.000,4807.725,4808.335,4806.618,4807.525,29910,0.0
20260420 02:02:00.000,4807.595,4808.495,4806.395,4807.225,24600,0.0
20260420 02:03:00.000,4807.205,4808.555,4806.655,4806.655,23700,0.0
20260420 02:04:00.000,4806.745,4806.745,4803.805,4804.175,33330,0.0
20260420 02:05:00.000,4803.935,4805.285,4802.675,4805.285,36210,0.0
20260420 02:06:00.000,4805.265,4805.625,4802.655,4804.065,28080,0.0
20260420 02:07:00.000,4804.095,4804.145,4802.695,4802.915,24960,0.0
20260420 02:08:00.000,4802.935,4804.735,4802.765,4803.755,23490,0.0
20260420 02:09:00.000,4803.765,4804.475,4802.855,4802.855,21360,0.0
20260420 02:10:00.000,4802.815,4803.425,4801.585,4803.105,26670,0.0
20260420 02:11:00.000,4803.105,4804.475,4801.695,4801.775,20880,0.0
20260420 02:12:00.000,4801.655,4802.955,4801.345,4802.215,25770,0.0
20260420 02:13:00.000,4802.195,4802.725,4800.995,4801.295,26340,0.0
20260420 02:14:00.000,4801.075,4801.735,4800.505,4800.735,27750,0.0
20260420 02:15:00.000,4800.705,4801.155,4799.565,4799.795,14820,0.0
20260420 02:16:00.000,4799.745,4801.265,4799.495,4800.255,15060,0.0
20260420 02:17:00.000,4800.235,4802.025,4799.935,4801.905,15210,0.0
20260420 02:18:00.000,4801.985,4802.175,4800.565,4801.225,16230,0.0
20260420 02:19:00.000,4801.295,4801.615,4799.885,4800.655,17400,0.0
20260420 02:20:00.000,4800.635,4800.635,4797.685,4799.085,18900,0.0
20260420 02:21:00.000,4798.885,4799.545,4798.495,4799.468,14190,0.0
20260420 02:22:00.000,4799.785,4800.475,4799.365,4799.805,17280,0.0
20260420 02:23:00.000,4799.825,4803.645,4799.825,4803.575,23340,0.0
20260420 02:24:00.000,4803.455,4803.625,4802.195,4803.055,14250,0.0
20260420 02:25:00.000,4803.085,4803.155,4801.675,4802.315,17370,0.0
20260420 02:26:00.000,4802.265,4803.215,4800.745,4801.125,15120,0.0
20260420 02:27:00.000,4801.155,4801.265,4798.715,4800.195,17310,0.0
20260420 02:28:00.000,4800.145,4800.145,4798.635,4799.785,15990,0.0
20260420 02:29:00.000,4800.305,4801.425,4799.765,4800.085,16770,0.0
20260420 02:30:00.000,4800.105,4801.765,4799.025,4799.385,31920,0.0
20260420 02:31:00.000,4799.765,4800.085,4798.125,4798.535,29160,0.0
20260420 02:32:00.000,4798.565,4800.025,4798.525,4799.595,19890,0.0
20260420 02:33:00.000,4799.588,4800.205,4798.665,4799.245,21930,0.0
20260420 02:34:00.000,4799.225,4801.745,4798.635,4801.105,27900,0.0
20260420 02:35:00.000,4801.455,4801.735,4799.625,4799.625,24720,0.0
20260420 02:36:00.000,4799.645,4800.405,4798.555,4799.775,24060,0.0
20260420 02:37:00.000,4799.665,4800.275,4798.225,4798.935,25200,0.0
20260420 02:38:00.000,4799.055,4799.935,4798.555,4798.775,21270,0.0
20260420 02:39:00.000,4798.745,4798.795,4795.535,4796.495,27120,0.0
20260420 02:40:00.000,4796.545,4797.445,4795.738,4796.505,25530,0.0
20260420 02:41:00.000,4796.298,4797.735,4796.045,4796.435,27120,0.0
20260420 02:42:00.000,4796.415,4797.445,4795.245,4796.075,21870,0.0
20260420 02:43:00.000,4796.115,4796.115,4794.565,4795.595,24060,0.0
20260420 02:44:00.000,4795.565,4796.275,4795.065,4795.935,24480,0.0
20260420 02:45:00.000,4795.965,4797.225,4795.565,4796.575,22530,0.0
20260420 02:46:00.000,4796.535,4796.535,4795.265,4796.095,19350,0.0
20260420 02:47:00.000,4796.135,4796.355,4793.385,4793.635,25770,0.0
20260420 02:48:00.000,4793.535,4793.955,4792.915,4793.835,25440,0.0
20260420 02:49:00.000,4794.385,4796.065,4794.295,4795.125,26070,0.0
20260420 02:50:00.000,4795.065,4795.595,4794.305,4794.665,18390,0.0
20260420 02:51:00.000,4794.705,4796.325,4793.175,4795.735,24600,0.0
20260420 02:52:00.000,4795.645,4796.755,4794.565,4796.675,20490,0.0
20260420 02:53:00.000,4796.655,4797.275,4796.275,4796.315,16230,0.0
20260420 02:54:00.000,4796.365,4796.485,4795.115,4795.475,19650,0.0
20260420 02:55:00.000,4795.435,4795.435,4793.255,4793.355,20970,0.0
20260420 02:56:00.000,4793.385,4793.595,4792.908,4793.565,32669,0.0
20260420 02:57:00.000,4793.755,4795.255,4793.675,4795.125,35010,0.0
20260420 02:58:00.000,4795.145,4796.265,4794.155,4796.085,34140,0.0
20260420 02:59:00.000,4796.055,4797.125,4794.835,4796.905,23490,0.0
20260420 03:00:00.000,4796.935,4798.285,4796.595,4796.805,25170,0.0
20260420 03:01:00.000,4796.735,4796.815,4793.975,4794.875,26130,0.0
20260420 03:02:00.000,4794.335,4796.455,4794.335,4796.055,21030,0.0
20260420 03:03:00.000,4796.075,4796.595,4795.035,4796.215,22260,0.0
20260420 03:04:00.000,4796.155,4797.178,4794.595,4794.935,27510,0.0
20260420 03:05:00.000,4794.905,4796.425,4794.765,4795.685,21750,0.0
20260420 03:06:00.000,4795.895,4797.115,4795.325,4796.285,21120,0.0
20260420 03:07:00.000,4796.275,4796.695,4796.065,4796.548,14880,0.0
20260420 03:08:00.000,4796.615,4797.485,4794.745,4795.125,25950,0.0
20260420 03:09:00.000,4795.165,4795.595,4793.425,4793.425,22170,0.0
20260420 03:10:00.000,4793.335,4793.335,4790.535,4791.955,30750,0.0
20260420 03:11:00.000,4791.995,4792.265,4790.915,4791.158,23130,0.0
20260420 03:12:00.000,4791.108,4791.415,4790.425,4791.215,25350,0.0
20260420 03:13:00.000,4791.308,4791.938,4790.235,4790.315,26430,0.0
20260420 03:14:00.000,4790.218,4791.445,4790.098,4791.185,24480,0.0
20260420 03:15:00.000,4791.198,4792.535,4790.798,4792.165,26790,0.0
20260420 03:16:00.000,4792.078,4792.535,4791.185,4792.015,17850,0.0
20260420 03:17:00.000,4791.915,4791.935,4790.455,4790.765,17700,0.0
20260420 03:18:00.000,4790.795,4791.135,4789.665,4789.785,19020,0.0
20260420 03:19:00.000,4789.815,4791.845,4788.445,4791.555,26730,0.0
20260420 03:20:00.000,4791.598,4794.305,4791.598,4794.105,24210,0.0
20260420 03:21:00.000,4794.135,4794.145,4792.975,4793.345,21180,0.0
20260420 03:22:00.000,4793.375,4793.565,4792.445,4793.015,18450,0.0
20260420 03:23:00.000,4793.045,4794.975,4793.035,4794.795,16650,0.0
20260420 03:24:00.000,4794.815,4794.895,4793.925,4794.705,16800,0.0
20260420 03:25:00.000,4794.648,4795.745,4794.305,4795.345,25170,0.0
20260420 03:26:00.000,4795.255,4795.468,4794.185,4794.185,18960,0.0
20260420 03:27:00.000,4794.225,4794.425,4792.915,4793.735,21570,0.0
20260420 03:28:00.000,4793.755,4795.385,4793.725,4794.705,17760,0.0
20260420 03:29:00.000,4794.905,4795.325,4794.315,4794.895,19500,0.0
20260420 03:30:00.000,4794.795,4795.475,4794.205,4794.695,19800,0.0
20260420 03:31:00.000,4794.285,4795.665,4793.615,4795.665,14280,0.0
20260420 03:32:00.000,4795.845,4796.585,4792.818,4792.818,25290,0.0
20260420 03:33:00.000,4792.748,4792.748,4789.575,4790.935,38070,0.0
20260420 03:34:00.000,4791.075,4792.525,4791.075,4791.875,18270,0.0
20260420 03:35:00.000,4791.835,4792.395,4791.505,4792.168,11850,0.0
20260420 03:36:00.000,4792.168,4792.485,4790.388,4790.965,19890,0.0
20260420 03:37:00.000,4791.025,4791.655,4790.825,4791.165,9270,0.0
20260420 03:38:00.000,4791.135,4792.845,4790.855,4792.185,13200,0.0
20260420 03:39:00.000,4792.235,4794.145,4792.235,4793.765,17520,0.0
20260420 03:40:00.000,4793.805,4794.768,4793.208,4794.185,14220,0.0
20260420 03:41:00.000,4794.425,4794.805,4793.978,4794.295,11520,0.0
20260420 03:42:00.000,4794.345,4794.345,4792.255,4792.255,9420,0.0
20260420 03:43:00.000,4792.295,4792.675,4791.765,4792.005,10620,0.0
20260420 03:44:00.000,4792.205,4793.578,4792.205,4793.095,11550,0.0
20260420 03:45:00.000,4793.065,4793.285,4791.845,4792.045,13140,0.0
20260420 03:46:00.000,4792.015,4792.375,4791.125,4792.145,12000,0.0
20260420 03:47:00.000,4791.795,4791.955,4791.308,4791.395,10890,0.0
20260420 03:48:00.000,4791.355,4792.725,4791.355,4792.195,14430,0.0
20260420 03:49:00.000,4792.275,4792.325,4791.435,4791.855,11070,0.0
20260420 03:50:00.000,4791.865,4793.675,4791.865,4793.675,13020,0.0
20260420 03:51:00.000,4793.615,4794.075,4793.375,4793.955,9270,0.0
20260420 03:52:00.000,4794.015,4794.485,4793.575,4793.955,6120,0.0
20260420 03:53:00.000,4793.985,4794.315,4791.845,4791.965,11760,0.0
20260420 03:54:00.000,4791.995,4791.995,4790.635,4791.245,12870,0.0
20260420 03:55:00.000,4791.285,4791.695,4791.145,4791.255,8880,0.0
20260420 03:56:00.000,4791.175,4791.175,4788.708,4790.575,15300,0.0
20260420 03:57:00.000,4790.475,4791.085,4790.205,4790.435,13110,0.0
20260420 03:58:00.000,4790.415,4791.295,4790.095,4791.215,12510,0.0
20260420 03:59:00.000,4790.995,4791.825,4790.635,4790.645,11700,0.0
20260420 04:00:00.000,4790.975,4791.985,4790.508,4791.535,15780,0.0
20260420 04:01:00.000,4791.565,4792.225,4791.405,4791.545,9630,0.0
20260420 04:02:00.000,4791.565,4792.105,4791.005,4791.505,12510,0.0
20260420 04:03:00.000,4791.435,4791.855,4791.195,4791.635,6330,0.0
20260420 04:04:00.000,4791.615,4793.545,4791.615,4793.185,10980,0.0
20260420 04:05:00.000,4793.155,4794.235,4793.155,4793.805,9060,0.0
20260420 04:06:00.000,4793.765,4794.025,4792.195,4793.805,12810,0.0
20260420 04:07:00.000,4793.845,4794.345,4792.885,4794.015,19230,0.0
20260420 04:08:00.000,4794.035,4794.885,4793.875,4794.465,10770,0.0
20260420 04:09:00.000,4795.075,4795.455,4794.175,4794.205,7080,0.0
20260420 04:10:00.000,4794.185,4794.465,4793.345,4793.435,8640,0.0
20260420 04:11:00.000,4793.475,4794.215,4792.925,4793.785,10350,0.0
20260420 04:12:00.000,4793.825,4794.915,4793.805,4794.375,9600,0.0
20260420 04:13:00.000,4794.385,4794.745,4793.715,4793.845,6120,0.0
20260420 04:14:00.000,4793.825,4793.825,4792.005,4792.575,8039,0.0
20260420 04:15:00.000,4792.165,4792.795,4791.555,4792.615,12000,0.0
20260420 04:16:00.000,4792.638,4793.755,4791.845,4793.685,13170,0.0
20260420 04:17:00.000,4793.725,4794.605,4793.325,4793.635,14970,0.0
20260420 04:18:00.000,4793.635,4793.905,4792.635,4792.725,10020,0.0
20260420 04:19:00.000,4792.965,4793.335,4791.585,4793.105,16200,0.0
20260420 04:20:00.000,4793.105,4793.975,4793.015,4793.035,10980,0.0
20260420 04:21:00.000,4793.035,4793.085,4792.125,4792.365,13860,0.0
20260420 04:22:00.000,4792.373,4792.565,4791.735,4791.775,12450,0.0
20260420 04:23:00.000,4791.655,4793.565,4791.525,4792.995,15629,0.0
20260420 04:24:00.000,4792.995,4793.925,4792.715,4793.785,9060,0.0
20260420 04:25:00.000,4793.815,4794.075,4793.205,4793.855,7140,0.0
20260420 04:26:00.000,4793.835,4793.915,4792.835,4793.385,7829,0.0
20260420 04:27:00.000,4793.435,4793.555,4792.745,4792.855,7950,0.0
20260420 04:28:00.000,4792.885,4795.535,4792.835,4795.535,9930,0.0
20260420 04:29:00.000,4795.415,4795.575,4794.405,4794.455,8820,0.0
20260420 04:30:00.000,4794.415,4794.535,4792.865,4793.155,8039,0.0
20260420 04:31:00.000,4793.125,4793.165,4791.505,4791.655,11970,0.0
20260420 04:32:00.000,4791.605,4791.605,4788.175,4789.435,21090,0.0
20260420 04:33:00.000,4789.455,4790.545,4789.045,4789.395,12480,0.0
20260420 04:34:00.000,4789.435,4789.435,4787.898,4788.885,11940,0.0
20260420 04:35:00.000,4788.855,4789.215,4788.035,4789.055,12270,0.0
20260420 04:36:00.000,4789.138,4790.065,4788.295,4788.585,12240,0.0
20260420 04:37:00.000,4788.515,4789.295,4788.515,4788.705,10530,0.0
20260420 04:38:00.000,4788.735,4790.775,4788.198,4788.335,14790,0.0
20260420 04:39:00.000,4788.315,4790.685,4788.285,4790.475,9390,0.0
20260420 04:40:00.000,4790.525,4791.245,4790.115,4790.995,10050,0.0
20260420 04:41:00.000,4790.925,4791.175,4790.375,4790.435,7829,0.0
20260420 04:42:00.000,4790.405,4790.455,4788.965,4789.595,7829,0.0
20260420 04:43:00.000,4789.615,4790.675,4789.615,4790.015,10080,0.0
20260420 04:44:00.000,4790.035,4790.115,4786.858,4787.095,17820,0.0
20260420 04:45:00.000,4787.175,4789.425,4787.175,4789.305,15840,0.0
20260420 04:46:00.000,4789.335,4790.755,4789.235,4790.345,9270,0.0
20260420 04:47:00.000,4790.385,4792.685,4790.385,4791.895,15690,0.0
20260420 04:48:00.000,4791.865,4792.265,4791.655,4792.105,7890,0.0
20260420 04:49:00.000,4792.125,4793.055,4791.595,4792.715,11010,0.0
20260420 04:50:00.000,4792.505,4792.925,4791.775,4791.895,12450,0.0
20260420 04:51:00.000,4791.805,4791.865,4788.445,4788.655,20520,0.0
20260420 04:52:00.000,4788.725,4789.455,4788.695,4789.105,11010,0.0
20260420 04:53:00.000,4789.155,4789.945,4788.975,4789.945,10530,0.0
20260420 04:54:00.000,4789.975,4790.175,4788.425,4788.605,11700,0.0
20260420 04:55:00.000,4788.635,4789.625,4788.315,4789.365,13170,0.0
20260420 04:56:00.000,4789.395,4789.725,4787.805,4788.415,13290,0.0
20260420 04:57:00.000,4788.275,4788.825,4787.895,4788.315,10170,0.0
20260420 04:58:00.000,4788.445,4788.835,4787.865,4788.075,11520,0.0
20260420 04:59:00.000,4788.045,4788.715,4787.178,4788.715,10050,0.0
20260420 05:00:00.000,4788.785,4791.045,4788.655,4790.735,17280,0.0
20260420 05:01:00.000,4790.705,4792.905,4788.955,4789.245,19500,0.0
20260420 05:02:00.000,4789.215,4789.755,4788.655,4789.755,13410,0.0
20260420 05:03:00.000,4789.745,4789.828,4787.285,4788.765,14490,0.0
20260420 05:04:00.000,4788.785,4790.295,4788.785,4789.645,9270,0.0
20260420 05:05:00.000,4789.665,4790.955,4787.625,4787.905,12300,0.0
20260420 05:06:00.000,4787.815,4788.465,4786.115,4786.345,17340,0.0
20260420 05:07:00.000,4786.315,4788.245,4786.255,4787.935,13980,0.0
20260420 05:08:00.000,4787.965,4788.945,4787.935,4788.305,6660,0.0
20260420 05:09:00.000,4788.245,4790.315,4786.605,4786.915,14490,0.0
20260420 05:10:00.000,4786.845,4788.435,4786.655,4788.035,16230,0.0
20260420 05:11:00.000,4788.005,4788.235,4784.875,4785.195,16380,0.0
20260420 05:12:00.000,4785.155,4786.155,4784.755,4784.845,14220,0.0
20260420 05:13:00.000,4784.805,4785.455,4784.195,4784.515,11670,0.0
20260420 05:14:00.000,4784.535,4786.585,4784.535,4786.145,11130,0.0
20260420 05:15:00.000,4786.225,4786.885,4786.195,4786.695,10050,0.0
20260420 05:16:00.000,4786.735,4787.985,4786.735,4787.455,8940,0.0
20260420 05:17:00.000,4787.475,4789.225,4787.455,4788.405,13800,0.0
20260420 05:18:00.000,4788.445,4789.325,4787.595,4788.555,13170,0.0
20260420 05:19:00.000,4788.558,4788.775,4787.335,4787.575,11910,0.0
20260420 05:20:00.000,4787.555,4788.665,4786.815,4787.265,17970,0.0
20260420 05:21:00.000,4787.145,4787.405,4786.145,4786.375,13320,0.0
20260420 05:22:00.000,4786.425,4788.625,4786.135,4788.075,17100,0.0
20260420 05:23:00.000,4788.095,4788.135,4786.755,4787.495,10890,0.0
20260420 05:24:00.000,4787.465,4787.875,4786.955,4787.265,11070,0.0
20260420 05:25:00.000,4787.235,4788.065,4786.315,4786.975,13800,0.0
20260420 05:26:00.000,4786.965,4787.285,4784.778,4785.815,23460,0.0
20260420 05:27:00.000,4785.775,4787.035,4785.495,4786.625,24390,0.0
20260420 05:28:00.000,4786.565,4788.805,4786.565,4788.495,20460,0.0
20260420 05:29:00.000,4788.275,4788.695,4787.305,4787.715,20190,0.0
20260420 05:30:00.000,4787.725,4792.995,4787.418,4791.885,50100,0.0
20260420 05:31:00.000,4791.865,4794.985,4791.365,4794.975,43380,0.0
20260420 05:32:00.000,4795.215,4795.585,4793.255,4794.765,37410,0.0
20260420 05:33:00.000,4794.775,4795.845,4793.615,4794.745,36840,0.0
20260420 05:34:00.000,4794.685,4794.855,4792.435,4794.365,34410,0.0
20260420 05:35:00.000,4794.345,4795.545,4791.705,4792.705,31650,0.0
20260420 05:36:00.000,4792.565,4794.515,4792.485,4793.955,35640,0.0
20260420 05:37:00.000,4793.975,4795.305,4793.775,4795.145,26520,0.0
20260420 05:38:00.000,4795.175,4795.655,4792.895,4793.295,32040,0.0
20260420 05:39:00.000,4793.265,4793.865,4792.075,4792.285,23280,0.0
20260420 05:40:00.000,4792.315,4793.875,4791.275,4791.445,29310,0.0
20260420 05:41:00.000,4791.475,4792.085,4788.325,4788.565,27630,0.0
20260420 05:42:00.000,4788.675,4789.265,4783.745,4784.465,28980,0.0
20260420 05:43:00.000,4784.305,4785.405,4782.905,4783.285,34170,0.0
20260420 05:44:00.000,4783.115,4784.535,4779.285,4780.565,37950,0.0
20260420 05:45:00.000,4780.545,4784.215,4780.545,4784.015,32249,0.0
20260420 05:46:00.000,4783.965,4785.455,4781.975,4781.975,32159,0.0
20260420 05:47:00.000,4782.005,4783.725,4782.005,4783.495,23880,0.0
20260420 05:48:00.000,4783.385,4784.265,4782.635,4784.115,24900,0.0
20260420 05:49:00.000,4784.135,4785.705,4783.815,4785.515,29460,0.0
20260420 05:50:00.000,4785.615,4785.675,4783.235,4784.985,33360,0.0
20260420 05:51:00.000,4784.805,4784.845,4783.335,4784.485,31680,0.0
20260420 05:52:00.000,4784.355,4784.615,4782.745,4783.225,26280,0.0
20260420 05:53:00.000,4783.145,4787.795,4782.495,4786.705,27870,0.0
20260420 05:54:00.000,4786.675,4791.265,4785.535,4790.435,32850,0.0
20260420 05:55:00.000,4790.405,4791.635,4789.295,4791.035,34290,0.0
20260420 05:56:00.000,4791.025,4792.935,4790.675,4791.415,28560,0.0
20260420 05:57:00.000,4791.325,4791.705,4790.295,4790.855,22980,0.0
20260420 05:58:00.000,4790.845,4791.345,4790.255,4790.665,20580,0.0
20260420 05:59:00.000,4790.815,4792.205,4789.998,4790.705,21390,0.0
20260420 06:00:00.000,4790.665,4791.185,4785.405,4787.255,53400,0.0
20260420 06:01:00.000,4787.255,4788.635,4786.085,4788.585,33060,0.0
20260420 06:02:00.000,4788.605,4793.895,4788.325,4792.095,40710,0.0
20260420 06:03:00.000,4792.485,4793.095,4790.935,4791.485,28800,0.0
20260420 06:04:00.000,4791.465,4792.325,4789.815,4790.365,28470,0.0
20260420 06:05:00.000,4790.385,4790.525,4788.305,4790.505,28770,0.0
20260420 06:06:00.000,4790.455,4790.485,4788.465,4789.305,27300,0.0
20260420 06:07:00.000,4789.375,4790.585,4789.295,4790.225,25290,0.0
20260420 06:08:00.000,4790.205,4790.545,4788.715,4789.765,28350,0.0
20260420 06:09:00.000,4789.735,4791.925,4789.615,4791.505,23160,0.0
20260420 06:10:00.000,4791.505,4791.645,4789.955,4790.805,23940,0.0
20260420 06:11:00.000,4790.835,4790.975,4789.375,4790.885,21930,0.0
20260420 06:12:00.000,4790.865,4793.745,4790.675,4793.295,28380,0.0
20260420 06:13:00.000,4793.275,4793.495,4791.605,4792.645,23430,0.0
20260420 06:14:00.000,4792.695,4793.255,4790.445,4790.445,21840,0.0
20260420 06:15:00.000,4790.435,4790.485,4787.615,4788.915,36030,0.0
20260420 06:16:00.000,4788.968,4789.935,4787.545,4788.065,22860,0.0
20260420 06:17:00.000,4787.985,4789.565,4787.695,4789.335,20310,0.0
20260420 06:18:00.000,4789.445,4789.535,4786.765,4787.285,20610,0.0
20260420 06:19:00.000,4787.235,4787.965,4786.748,4787.145,20910,0.0
20260420 06:20:00.000,4787.235,4787.875,4784.755,4786.035,27120,0.0
20260420 06:21:00.000,4785.935,4787.375,4785.405,4787.025,26130,0.0
20260420 06:22:00.000,4787.045,4787.665,4784.855,4785.455,40020,0.0
20260420 06:23:00.000,4785.805,4786.855,4783.578,4786.745,30370,0.0
20260420 06:24:00.000,4786.765,4788.265,4786.575,4787.075,22560,0.0
20260420 06:25:00.000,4787.105,4787.245,4784.995,4787.135,23940,0.0
20260420 06:26:00.000,4787.165,4787.835,4784.235,4784.285,21090,0.0
20260420 06:27:00.000,4784.265,4785.955,4784.135,4785.375,19440,0.0
20260420 06:28:00.000,4785.355,4785.355,4784.125,4784.785,20190,0.0
20260420 06:29:00.000,4784.735,4785.875,4783.815,4785.835,23250,0.0
20260420 06:30:00.000,4785.875,4791.275,4785.275,4791.275,36090,0.0
20260420 06:31:00.000,4791.295,4791.855,4787.825,4788.185,32430,0.0
20260420 06:32:00.000,4788.165,4789.825,4787.515,4789.505,27300,0.0
20260420 06:33:00.000,4789.565,4789.915,4788.195,4788.525,20070,0.0
20260420 06:34:00.000,4788.545,4788.635,4786.375,4786.865,24540,0.0
20260420 06:35:00.000,4786.825,4787.245,4785.935,4787.055,20100,0.0
20260420 06:36:00.000,4787.105,4789.335,4786.875,4789.285,21150,0.0
20260420 06:37:00.000,4789.375,4789.385,4787.455,4787.495,23310,0.0
20260420 06:38:00.000,4787.465,4787.785,4786.785,4787.425,20910,0.0
20260420 06:39:00.000,4787.545,4790.355,4787.385,4790.175,17250,0.0
20260420 06:40:00.000,4790.225,4790.825,4787.235,4788.055,23910,0.0
20260420 06:41:00.000,4788.015,4788.685,4786.925,4788.495,23340,0.0
20260420 06:42:00.000,4788.515,4789.615,4788.045,4789.465,20130,0.0
20260420 06:43:00.000,4789.635,4790.675,4788.925,4789.215,19170,0.0
20260420 06:44:00.000,4789.245,4790.365,4789.125,4789.935,18000,0.0
20260420 06:45:00.000,4789.915,4789.985,4787.875,4788.215,19290,0.0
20260420 06:46:00.000,4788.175,4788.175,4786.405,4787.325,17940,0.0
20260420 06:47:00.000,4787.305,4787.815,4785.855,4786.275,23700,0.0
20260420 06:48:00.000,4786.225,4788.545,4785.805,4788.175,19710,0.0
20260420 06:49:00.000,4788.145,4788.145,4786.955,4787.245,13770,0.0
20260420 06:50:00.000,4787.195,4787.345,4785.265,4785.715,20460,0.0
20260420 06:51:00.000,4785.545,4786.585,4785.485,4786.175,22290,0.0
20260420 06:52:00.000,4786.225,4787.875,4786.225,4787.445,20670,0.0
20260420 06:53:00.000,4787.545,4788.795,4787.075,4787.695,19860,0.0
20260420 06:54:00.000,4787.595,4787.955,4786.715,4786.875,21540,0.0
20260420 06:55:00.000,4786.905,4788.995,4786.905,4788.735,20010,0.0
20260420 06:56:00.000,4788.655,4792.865,4786.325,4791.785,49920,0.0
20260420 06:57:00.000,4791.765,4791.765,4789.065,4791.615,52710,0.0
20260420 06:58:00.000,4791.565,4794.645,4791.075,4794.265,41970,0.0
20260420 06:59:00.000,4794.295,4795.305,4793.385,4795.255,35580,0.0
20260420 07:00:00.000,4795.635,4798.025,4794.755,4797.015,53860,0.0
20260420 07:01:00.000,4796.898,4797.505,4794.595,4796.665,34560,0.0
20260420 07:02:00.000,4796.285,4797.695,4795.105,4797.485,32460,0.0
20260420 07:03:00.000,4797.565,4801.325,4797.215,4799.295,40020,0.0
20260420 07:04:00.000,4799.215,4799.215,4797.255,4797.395,30630,0.0
20260420 07:05:00.000,4797.385,4798.515,4795.825,4796.215,27660,0.0
20260420 07:06:00.000,4796.185,4796.935,4793.995,4795.285,24480,0.0
20260420 07:07:00.000,4795.325,4797.175,4794.915,4794.938,25650,0.0
20260420 07:08:00.000,4794.918,4797.625,4793.955,4795.925,26790,0.0
20260420 07:09:00.000,4795.835,4797.275,4795.045,4795.685,22350,0.0
20260420 07:10:00.000,4795.555,4796.245,4793.925,4795.405,26460,0.0
20260420 07:11:00.000,4795.375,4796.815,4793.695,4794.575,22230,0.0
20260420 07:12:00.000,4794.425,4794.995,4793.735,4794.965,20760,0.0
20260420 07:13:00.000,4794.995,4796.745,4794.355,4796.745,22230,0.0
20260420 07:14:00.000,4796.685,4797.585,4795.645,4797.355,20400,0.0
20260420 07:15:00.000,4797.285,4797.285,4795.405,4796.055,18090,0.0
20260420 07:16:00.000,4796.085,4796.335,4794.065,4795.885,19470,0.0
20260420 07:17:00.000,4795.655,4799.805,4795.385,4799.775,24420,0.0
20260420 07:18:00.000,4799.795,4803.545,4799.545,4803.305,44160,0.0
20260420 07:19:00.000,4803.325,4803.875,4802.215,4802.685,33960,0.0
20260420 07:20:00.000,4802.685,4804.225,4802.435,4804.225,31470,0.0
20260420 07:21:00.000,4804.125,4805.105,4803.045,4804.105,25050,0.0
20260420 07:22:00.000,4804.205,4805.605,4803.965,4804.185,21360,0.0
20260420 07:23:00.000,4804.155,4804.155,4801.085,4802.515,23640,0.0
20260420 07:24:00.000,4802.495,4803.135,4801.275,4801.645,21660,0.0
20260420 07:25:00.000,4801.615,4801.815,4800.565,4800.945,18420,0.0
20260420 07:26:00.000,4800.965,4801.315,4797.515,4797.645,22320,0.0
20260420 07:27:00.000,4797.605,4798.825,4797.575,4798.595,19560,0.0
20260420 07:28:00.000,4798.545,4798.545,4796.885,4796.925,22530,0.0
20260420 07:29:00.000,4796.895,4797.735,4796.485,4797.665,20940,0.0
20260420 07:30:00.000,4797.645,4798.485,4791.165,4793.515,47510,0.0
20260420 07:31:00.000,4793.275,4794.685,4791.925,4793.515,38190,0.0
20260420 07:32:00.000,4793.445,4794.875,4792.905,4794.745,32580,0.0
20260420 07:33:00.000,4794.705,4794.705,4790.335,4792.145,37250,0.0
20260420 07:34:00.000,4792.215,4794.265,4791.605,4794.265,25920,0.0
20260420 07:35:00.000,4794.235,4795.015,4793.565,4793.755,22800,0.0
20260420 07:36:00.000,4793.825,4793.825,4789.955,4791.955,39360,0.0
20260420 07:37:00.000,4791.915,4793.105,4791.085,4793.025,27480,0.0
20260420 07:38:00.000,4793.065,4796.085,4793.005,4795.965,22690,0.0
20260420 07:39:00.000,4796.255,4796.498,4795.135,4796.195,20820,0.0
20260420 07:40:00.000,4796.215,4797.485,4795.825,4796.065,20100,0.0
20260420 07:41:00.000,4796.185,4796.185,4794.745,4796.115,16770,0.0
20260420 07:42:00.000,4796.175,4796.575,4795.575,4795.965,15690,0.0
20260420 07:43:00.000,4796.005,4797.135,4795.845,4796.845,15629,0.0
20260420 07:44:00.000,4796.785,4798.635,4796.555,4797.395,16170,0.0
20260420 07:45:00.000,4797.325,4797.455,4794.205,4794.715,26890,0.0
20260420 07:46:00.000,4794.735,4796.485,4794.735,4795.325,16179,0.0
20260420 07:47:00.000,4795.365,4795.865,4793.155,4793.155,21030,0.0
20260420 07:48:00.000,4793.115,4793.715,4792.665,4793.715,14700,0.0
20260420 07:49:00.000,4793.808,4793.945,4792.165,4792.385,16650,0.0
20260420 07:50:00.000,4792.235,4792.235,4789.885,4790.765,24570,0.0
20260420 07:51:00.000,4790.685,4793.315,4789.325,4792.905,25710,0.0
20260420 07:52:00.000,4792.925,4793.815,4790.745,4791.255,23100,0.0
20260420 07:53:00.000,4791.295,4791.385,4789.325,4791.325,25170,0.0
20260420 07:54:00.000,4791.295,4791.325,4787.965,4788.055,20010,0.0
20260420 07:55:00.000,4788.015,4791.045,4787.865,4789.435,35340,0.0
20260420 07:56:00.000,4789.435,4789.695,4787.865,4788.595,21150,0.0
20260420 07:57:00.000,4788.645,4789.725,4787.565,4788.675,30360,0.0
20260420 07:58:00.000,4788.735,4788.735,4786.605,4787.465,22260,0.0
20260420 07:59:00.000,4787.735,4789.905,4787.735,4789.465,21030,0.0
20260420 08:00:00.000,4789.445,4789.555,4788.215,4789.305,26370,0.0
20260420 08:01:00.000,4789.285,4790.715,4789.225,4790.075,21150,0.0
20260420 08:02:00.000,4789.885,4789.885,4785.835,4787.895,29070,0.0
20260420 08:03:00.000,4787.855,4789.825,4787.735,4788.985,15840,0.0
20260420 08:04:00.000,4788.955,4789.525,4787.865,4788.545,14610,0.0
20260420 08:05:00.000,4788.575,4791.135,4788.395,4789.175,24150,0.0
20260420 08:06:00.000,4789.155,4789.635,4787.165,4788.195,29130,0.0
20260420 08:07:00.000,4788.165,4789.885,4786.715,4787.115,24330,0.0
20260420 08:08:00.000,4786.815,4789.125,4786.685,4788.375,21450,0.0
20260420 08:09:00.000,4788.178,4789.215,4787.875,4788.045,26610,0.0
20260420 08:10:00.000,4788.055,4790.635,4787.485,4790.405,26820,0.0
20260420 08:11:00.000,4790.455,4790.985,4789.535,4790.205,18300,0.0
20260420 08:12:00.000,4790.225,4791.545,4790.185,4790.895,20490,0.0
20260420 08:13:00.000,4790.915,4791.275,4790.205,4791.085,16950,0.0
20260420 08:14:00.000,4791.025,4791.185,4788.365,4788.865,20040,0.0
20260420 08:15:00.000,4788.865,4789.115,4787.155,4787.715,21060,0.0
20260420 08:16:00.000,4787.695,4788.535,4786.665,4787.185,22350,0.0
20260420 08:17:00.000,4787.295,4787.945,4786.285,4786.575,17910,0.0
20260420 08:18:00.000,4786.535,4787.675,4786.455,4787.585,16500,0.0
20260420 08:19:00.000,4787.565,4789.215,4786.965,4788.515,17040,0.0
20260420 08:20:00.000,4788.555,4788.765,4787.565,4788.005,15690,0.0
20260420 08:21:00.000,4788.025,4791.408,4787.055,4789.055,21660,0.0
20260420 08:22:00.000,4788.975,4789.925,4788.675,4789.095,21600,0.0
20260420 08:23:00.000,4789.145,4790.325,4788.045,4788.345,21390,0.0
20260420 08:24:00.000,4788.365,4789.205,4787.435,4788.665,19380,0.0
20260420 08:25:00.000,4788.545,4789.765,4788.505,4789.165,19410,0.0
20260420 08:26:00.000,4789.135,4789.875,4788.345,4789.295,19560,0.0
20260420 08:27:00.000,4789.285,4791.085,4789.265,4790.415,17970,0.0
20260420 08:28:00.000,4790.465,4792.365,4790.435,4790.825,15540,0.0
20260420 08:29:00.000,4791.005,4792.285,4791.005,4791.785,19620,0.0
20260420 08:30:00.000,4791.785,4792.245,4789.615,4789.615,17910,0.0
20260420 08:31:00.000,4789.585,4790.215,4789.135,4789.715,19830,0.0
20260420 08:32:00.000,4789.735,4791.115,4788.635,4790.545,20430,0.0
20260420 08:33:00.000,4790.525,4791.555,4789.815,4790.705,16440,0.0
20260420 08:34:00.000,4790.675,4791.015,4789.635,4789.965,16230,0.0
20260420 08:35:00.000,4789.995,4790.215,4788.725,4789.205,17130,0.0
20260420 08:36:00.000,4789.225,4790.515,4788.785,4788.985,14670,0.0
20260420 08:37:00.000,4788.955,4789.365,4788.395,4789.295,10950,0.0
20260420 08:38:00.000,4789.265,4790.185,4789.165,4789.805,13410,0.0
20260420 08:39:00.000,4789.775,4789.995,4788.955,4789.385,15360,0.0
20260420 08:40:00.000,4789.355,4789.745,4788.765,4789.535,14880,0.0
20260420 08:41:00.000,4789.645,4791.335,4789.645,4791.025,16980,0.0
20260420 08:42:00.000,4791.055,4792.235,4791.005,4791.455,16740,0.0
20260420 08:43:00.000,4791.495,4791.495,4790.565,4790.965,14100,0.0
20260420 08:44:00.000,4791.285,4792.405,4790.935,4792.255,10320,0.0
20260420 08:45:00.000,4792.275,4793.725,4792.045,4793.225,18510,0.0
20260420 08:46:00.000,4793.185,4793.875,4792.725,4793.525,14370,0.0
20260420 08:47:00.000,4793.505,4794.645,4793.275,4794.255,16860,0.0
20260420 08:48:00.000,4794.225,4795.025,4793.005,4793.465,18720,0.0
20260420 08:49:00.000,4793.465,4794.575,4793.375,4794.345,12360,0.0
20260420 08:50:00.000,4794.365,4796.015,4794.205,4795.825,12420,0.0
20260420 08:51:00.000,4795.805,4795.805,4794.245,4794.855,19140,0.0
20260420 08:52:00.000,4794.825,4795.055,4793.505,4793.655,11400,0.0
20260420 08:53:00.000,4793.685,4794.045,4793.085,4793.665,9180,0.0
20260420 08:54:00.000,4793.705,4793.845,4793.255,4793.645,15690,0.0
20260420 08:55:00.000,4793.605,4794.205,4793.275,4793.745,11280,0.0
20260420 08:56:00.000,4793.725,4793.755,4792.985,4792.985,12420,0.0
20260420 08:57:00.000,4792.765,4795.448,4792.355,4795.235,37110,0.0
20260420 08:58:00.000,4795.195,4795.965,4794.415,4795.675,31319,0.0
20260420 08:59:00.000,4795.615,4796.125,4795.155,4796.085,24600,0.0
20260420 09:00:00.000,4796.025,4796.375,4795.255,4796.025,21600,0.0
20260420 09:01:00.000,4796.005,4797.565,4795.945,4796.935,31470,0.0
20260420 09:02:00.000,4796.985,4797.325,4795.065,4795.575,29040,0.0
20260420 09:03:00.000,4795.495,4796.875,4794.985,4796.335,19320,0.0
20260420 09:04:00.000,4796.265,4796.265,4793.335,4795.495,25680,0.0
20260420 09:05:00.000,4795.295,4797.765,4794.535,4797.145,17880,0.0
20260420 09:06:00.000,4797.195,4797.685,4795.995,4796.045,25320,0.0
20260420 09:07:00.000,4796.015,4796.515,4795.705,4795.965,15020,0.0
20260420 09:08:00.000,4795.935,4795.935,4795.388,4795.705,4869,0.0
20260420 09:09:00.000,4795.705,4795.705,4793.245,4794.825,24040,0.0
20260420 09:10:00.000,4794.845,4795.045,4793.865,4794.555,15240,0.0
20260420 09:11:00.000,4794.495,4794.775,4793.945,4794.465,11910,0.0
20260420 09:12:00.000,4794.505,4796.215,4794.405,4795.975,14370,0.0
20260420 09:13:00.000,4795.955,4797.175,4795.605,4796.705,10800,0.0
20260420 09:14:00.000,4796.755,4797.085,4795.525,4795.525,13050,0.0
20260420 09:15:00.000,4795.665,4795.665,4793.305,4793.305,20210,0.0
20260420 09:16:00.000,4793.325,4793.985,4792.615,4793.645,19710,0.0
20260420 09:17:00.000,4793.695,4794.285,4793.515,4793.865,15930,0.0
20260420 09:18:00.000,4793.925,4793.985,4791.775,4792.935,13530,0.0
20260420 09:19:00.000,4792.915,4794.415,4792.765,4794.115,13410,0.0
20260420 09:20:00.000,4794.135,4794.615,4793.105,4793.675,13530,0.0
20260420 09:21:00.000,4793.645,4795.575,4793.585,4794.995,16980,0.0
20260420 09:22:00.000,4794.975,4795.525,4793.615,4793.725,17670,0.0
20260420 09:23:00.000,4793.755,4795.025,4793.235,4794.985,16950,0.0
20260420 09:24:00.000,4794.895,4795.075,4793.375,4793.375,15180,0.0
20260420 09:25:00.000,4793.355,4793.635,4792.655,4793.405,12960,0.0
20260420 09:26:00.000,4793.335,4793.445,4792.845,4793.375,9150,0.0
20260420 09:27:00.000,4793.355,4793.465,4791.955,4792.455,14370,0.0
20260420 09:28:00.000,4792.475,4793.165,4791.555,4792.705,11280,0.0
20260420 09:29:00.000,4792.685,4792.775,4791.505,4791.995,13530,0.0
20260420 09:30:00.000,4792.405,4794.085,4788.555,4789.625,33180,0.0
20260420 09:31:00.000,4789.225,4789.465,4787.295,4787.465,22350,0.0
20260420 09:32:00.000,4787.495,4787.495,4784.655,4785.025,25000,0.0
20260420 09:33:00.000,4784.985,4785.695,4783.235,4785.415,24480,0.0
20260420 09:34:00.000,4785.395,4786.155,4784.025,4785.975,24510,0.0
20260420 09:35:00.000,4785.995,4786.905,4785.805,4786.475,19560,0.0
20260420 09:36:00.000,4786.525,4786.535,4785.105,4785.945,18150,0.0
20260420 09:37:00.000,4786.045,4786.175,4784.615,4785.615,22350,0.0
20260420 09:38:00.000,4785.158,4788.575,4784.995,4788.565,20790,0.0
20260420 09:39:00.000,4788.625,4789.385,4787.775,4788.075,23520,0.0
20260420 09:40:00.000,4788.485,4789.085,4787.625,4789.025,19710,0.0
20260420 09:41:00.000,4789.055,4789.855,4788.485,4789.795,15450,0.0
20260420 09:42:00.000,4789.845,4789.875,4788.945,4788.995,12930,0.0
20260420 09:43:00.000,4789.025,4790.205,4788.825,4789.975,9810,0.0
20260420 09:44:00.000,4789.955,4792.245,4789.955,4791.865,14520,0.0
20260420 09:45:00.000,4791.815,4791.885,4791.125,4791.885,13980,0.0
20260420 09:46:00.000,4791.905,4794.175,4791.835,4793.365,19980,0.0
20260420 09:47:00.000,4793.405,4795.965,4793.038,4795.355,22080,0.0
20260420 09:48:00.000,4795.285,4795.485,4794.475,4794.535,16530,0.0
20260420 09:49:00.000,4794.405,4795.245,4794.235,4795.035,10800,0.0
20260420 09:50:00.000,4795.055,4795.795,4794.755,4795.635,13950,0.0
20260420 09:51:00.000,4795.605,4796.875,4795.285,4796.345,20430,0.0
20260420 09:52:00.000,4796.305,4796.845,4796.075,4796.585,15600,0.0
20260420 09:53:00.000,4796.615,4796.845,4794.435,4794.685,22080,0.0
20260420 09:54:00.000,4794.705,4794.705,4791.305,4791.715,20910,0.0
20260420 09:55:00.000,4791.665,4791.715,4789.615,4790.055,17850,0.0
20260420 09:56:00.000,4790.005,4790.025,4788.995,4789.495,14400,0.0
20260420 09:57:00.000,4789.555,4790.925,4789.425,4790.585,22860,0.0
20260420 09:58:00.000,4790.555,4793.545,4790.555,4793.085,29190,0.0
20260420 09:59:00.000,4793.045,4793.765,4790.985,4791.335,20220,0.0
20260420 10:00:00.000,4791.315,4792.175,4790.805,4791.565,15540,0.0
20260420 10:01:00.000,4791.655,4792.525,4790.815,4791.805,16260,0.0
20260420 10:02:00.000,4791.705,4793.335,4791.595,4793.125,31530,0.0
20260420 10:03:00.000,4793.105,4793.525,4789.485,4790.635,33810,0.0
20260420 10:04:00.000,4791.105,4791.955,4790.775,4791.065,13080,0.0
20260420 10:05:00.000,4791.085,4792.365,4790.618,4792.315,15420,0.0
20260420 10:06:00.000,4792.175,4794.385,4791.715,4794.385,21390,0.0
20260420 10:07:00.000,4794.445,4797.055,4794.408,4796.415,18630,0.0
20260420 10:08:00.000,4796.395,4798.335,4796.265,4797.565,25620,0.0
20260420 10:09:00.000,4797.635,4799.145,4797.145,4797.585,23610,0.0
20260420 10:10:00.000,4797.655,4798.385,4797.225,4798.305,20970,0.0
20260420 10:11:00.000,4798.345,4799.405,4796.345,4796.405,27030,0.0
20260420 10:12:00.000,4796.545,4797.055,4796.005,4796.235,19320,0.0
20260420 10:13:00.000,4796.195,4796.335,4794.835,4795.245,18990,0.0
20260420 10:14:00.000,4795.205,4795.915,4794.945,4795.545,15210,0.0
20260420 10:15:00.000,4795.525,4796.725,4795.025,4796.305,13350,0.0
20260420 10:16:00.000,4796.495,4797.645,4796.245,4797.545,11550,0.0
20260420 10:17:00.000,4797.515,4799.235,4797.315,4799.165,14520,0.0
20260420 10:18:00.000,4799.005,4799.765,4797.245,4799.505,19290,0.0
20260420 10:19:00.000,4799.475,4800.215,4798.875,4799.985,13800,0.0
20260420 10:20:00.000,4799.805,4799.875,4798.935,4799.555,16349,0.0
20260420 10:21:00.000,4799.525,4800.305,4799.145,4799.915,13350,0.0
20260420 10:22:00.000,4799.895,4800.765,4799.475,4800.435,11910,0.0
20260420 10:23:00.000,4800.465,4800.575,4798.735,4799.205,15840,0.0
20260420 10:24:00.000,4799.205,4799.225,4797.655,4797.865,12660,0.0
20260420 10:25:00.000,4797.885,4798.425,4797.265,4797.265,13530,0.0
20260420 10:26:00.000,4797.425,4797.675,4796.655,4796.975,12390,0.0
20260420 10:27:00.000,4796.955,4798.085,4796.955,4797.965,10260,0.0
20260420 10:28:00.000,4797.995,4798.805,4797.945,4798.705,13950,0.0
20260420 10:29:00.000,4798.735,4798.935,4797.905,4797.955,11580,0.0
20260420 10:30:00.000,4798.005,4799.915,4798.005,4799.065,13470,0.0
20260420 10:31:00.000,4799.025,4799.285,4797.615,4797.845,15990,0.0
20260420 10:32:00.000,4797.835,4798.745,4797.725,4797.925,11310,0.0
20260420 10:33:00.000,4797.945,4797.945,4796.875,4797.345,11280,0.0
20260420 10:34:00.000,4797.365,4797.455,4796.695,4796.895,10920,0.0
20260420 10:35:00.000,4797.035,4797.415,4796.785,4797.225,9510,0.0
20260420 10:36:00.000,4797.195,4797.485,4796.225,4796.795,9810,0.0
20260420 10:37:00.000,4796.775,4796.795,4795.785,4796.205,10620,0.0
20260420 10:38:00.000,4796.165,4796.925,4795.845,4796.885,8400,0.0
20260420 10:39:00.000,4796.935,4796.935,4795.995,4796.365,7829,0.0
20260420 10:40:00.000,4796.135,4796.855,4796.135,4796.375,10050,0.0
20260420 10:41:00.000,4796.305,4796.995,4795.635,4796.265,11820,0.0
20260420 10:42:00.000,4796.335,4796.465,4795.305,4795.325,8310,0.0
20260420 10:43:00.000,4795.365,4795.845,4795.115,4795.485,13350,0.0
20260420 10:44:00.000,4795.455,4795.525,4794.815,4794.865,12960,0.0
20260420 10:45:00.000,4794.915,4795.525,4794.845,4795.175,13830,0.0
20260420 10:46:00.000,4795.325,4795.555,4794.975,4794.975,10920,0.0
20260420 10:47:00.000,4794.655,4795.735,4794.595,4795.175,8970,0.0
20260420 10:48:00.000,4795.175,4796.675,4795.115,4795.675,10080,0.0
20260420 10:49:00.000,4795.585,4796.435,4795.365,4796.175,9780,0.0
20260420 10:50:00.000,4796.155,4796.405,4795.195,4795.855,13650,0.0
20260420 10:51:00.000,4795.905,4796.245,4794.505,4794.505,13920,0.0
20260420 10:52:00.000,4794.485,4795.875,4794.405,4795.035,17970,0.0
20260420 10:53:00.000,4794.895,4795.315,4794.305,4795.185,14730,0.0
20260420 10:54:00.000,4795.125,4795.935,4795.045,4795.865,13680,0.0
20260420 10:55:00.000,4795.635,4795.855,4795.265,4795.625,15000,0.0
20260420 10:56:00.000,4795.595,4796.585,4795.248,4796.455,18750,0.0
20260420 10:57:00.000,4796.425,4796.955,4795.795,4795.955,15629,0.0
20260420 10:58:00.000,4795.935,4795.935,4795.255,4795.325,19680,0.0
20260420 10:59:00.000,4795.445,4795.875,4795.035,4795.685,19890,0.0
20260420 11:00:00.000,4795.575,4795.985,4793.775,4794.195,27870,0.0
20260420 11:01:00.000,4794.135,4794.395,4792.005,4792.185,33150,0.0
20260420 11:02:00.000,4792.205,4793.315,4791.755,4791.845,22620,0.0
20260420 11:03:00.000,4791.805,4792.855,4790.575,4791.205,21390,0.0
20260420 11:04:00.000,4791.235,4791.945,4790.095,4790.615,29280,0.0
20260420 11:05:00.000,4790.555,4791.735,4790.255,4791.065,20400,0.0
20260420 11:06:00.000,4791.085,4791.965,4790.535,4791.615,17610,0.0
20260420 11:07:00.000,4791.695,4792.955,4791.415,4791.615,18150,0.0
20260420 11:08:00.000,4791.595,4793.715,4791.565,4792.315,21960,0.0
20260420 11:09:00.000,4792.455,4792.715,4791.685,4792.355,11250,0.0
20260420 11:10:00.000,4792.205,4792.835,4791.005,4791.565,22110,0.0
20260420 11:11:00.000,4791.535,4791.535,4787.065,4788.355,29370,0.0
20260420 11:12:00.000,4788.305,4788.705,4786.675,4787.315,22270,0.0
20260420 11:13:00.000,4787.355,4788.655,4786.955,4787.955,18360,0.0
20260420 11:14:00.000,4787.935,4789.645,4787.588,4789.555,15360,0.0
20260420 11:15:00.000,4789.395,4790.115,4788.995,4789.935,21340,0.0
20260420 11:16:00.000,4789.905,4790.755,4789.145,4789.375,17070,0.0
20260420 11:17:00.000,4789.425,4790.565,4789.245,4789.595,15240,0.0
20260420 11:18:00.000,4789.535,4790.195,4786.765,4787.055,21600,0.0
20260420 11:19:00.000,4787.155,4788.295,4786.515,4787.715,19230,0.0
20260420 11:20:00.000,4787.695,4788.015,4786.785,4786.955,14880,0.0
20260420 11:21:00.000,4786.975,4788.115,4786.315,4787.115,17190,0.0
20260420 11:22:00.000,4787.165,4787.725,4786.685,4787.595,14010,0.0
20260420 11:23:00.000,4787.538,4789.035,4787.485,4788.675,12690,0.0
20260420 11:24:00.000,4788.725,4789.225,4787.715,4789.035,14280,0.0
20260420 11:25:00.000,4789.135,4789.745,4788.545,4789.645,14310,0.0
20260420 11:26:00.000,4789.485,4790.115,4788.925,4789.665,15960,0.0
20260420 11:27:00.000,4789.865,4790.225,4787.955,4787.955,14160,0.0
20260420 11:28:00.000,4787.975,4788.618,4787.445,4788.105,21510,0.0
20260420 11:29:00.000,4788.175,4789.075,4787.915,4788.155,15960,0.0
20260420 11:30:00.000,4788.135,4788.985,4787.965,4788.735,17160,0.0
20260420 11:31:00.000,4788.485,4788.865,4787.455,4788.865,16680,0.0
20260420 11:32:00.000,4788.895,4790.685,4788.235,4789.055,24890,0.0
20260420 11:33:00.000,4788.905,4791.715,4788.635,4790.105,36690,0.0
20260420 11:34:00.000,4790.205,4790.895,4789.675,4790.035,25110,0.0
20260420 11:35:00.000,4790.055,4791.695,4789.738,4791.075,20520,0.0
20260420 11:36:00.000,4791.078,4791.078,4788.825,4790.415,24480,0.0
20260420 11:37:00.000,4790.385,4790.845,4789.465,4790.535,17250,0.0
20260420 11:38:00.000,4790.518,4791.095,4790.155,4790.505,11400,0.0
20260420 11:39:00.000,4790.535,4791.725,4790.275,4790.915,18390,0.0
20260420 11:40:00.000,4790.948,4791.565,4789.855,4790.705,16560,0.0
20260420 11:41:00.000,4790.675,4793.045,4790.555,4792.325,23970,0.0
20260420 11:42:00.000,4792.295,4792.865,4790.595,4792.685,18600,0.0
20260420 11:43:00.000,4792.765,4793.475,4792.265,4793.015,14850,0.0
20260420 11:44:00.000,4793.045,4794.655,4793.045,4794.655,14280,0.0
20260420 11:45:00.000,4794.655,4796.235,4794.515,4796.225,23730,0.0
20260420 11:46:00.000,4796.205,4798.545,4796.205,4797.985,28140,0.0
20260420 11:47:00.000,4798.015,4799.395,4797.845,4799.315,28350,0.0
20260420 11:48:00.000,4799.185,4800.595,4798.315,4800.125,24750,0.0
20260420 11:49:00.000,4800.105,4802.105,4799.795,4801.675,24660,0.0
20260420 11:50:00.000,4801.625,4803.665,4801.345,4803.035,31650,0.0
20260420 11:51:00.000,4803.055,4804.235,4802.325,4803.165,29820,0.0
20260420 11:52:00.000,4803.145,4804.695,4803.145,4804.155,30540,0.0
20260420 11:53:00.000,4804.285,4808.025,4803.745,4807.395,51840,0.0
20260420 11:54:00.000,4807.305,4808.795,4805.145,4806.305,34560,0.0
20260420 11:55:00.000,4806.205,4809.425,4806.185,4809.005,33690,0.0
20260420 11:56:00.000,4808.935,4810.395,4808.885,4809.485,30810,0.0
20260420 11:57:00.000,4809.455,4809.625,4808.165,4808.435,23190,0.0
20260420 11:58:00.000,4808.405,4809.805,4808.135,4809.085,20280,0.0
20260420 11:59:00.000,4809.175,4810.775,4809.085,4810.395,21840,0.0
20260420 12:00:00.000,4810.325,4810.585,4809.205,4809.765,30690,0.0
20260420 12:01:00.000,4809.775,4810.145,4807.818,4807.958,32639,0.0
20260420 12:02:00.000,4807.918,4809.658,4807.158,4807.368,48420,0.0
20260420 12:03:00.000,4807.368,4807.418,4805.895,4806.625,35670,0.0
20260420 12:04:00.000,4806.645,4811.645,4806.305,4809.155,45300,0.0
20260420 12:05:00.000,4809.245,4812.108,4806.815,4807.408,38400,0.0
20260420 12:06:00.000,4807.675,4807.685,4803.175,4803.175,41260,0.0
20260420 12:07:00.000,4803.045,4807.645,4802.605,4806.095,45000,0.0
20260420 12:08:00.000,4806.145,4807.735,4806.095,4807.735,32010,0.0
20260420 12:09:00.000,4807.715,4808.865,4807.085,4807.415,19800,0.0
20260420 12:10:00.000,4807.435,4810.455,4807.415,4809.805,33150,0.0
20260420 12:11:00.000,4810.035,4812.365,4810.005,4811.275,27070,0.0
20260420 12:12:00.000,4811.225,4812.845,4809.855,4812.285,38700,0.0
20260420 12:13:00.000,4812.265,4812.965,4811.175,4812.315,22830,0.0
20260420 12:14:00.000,4812.185,4812.305,4810.685,4810.865,21600,0.0
20260420 12:15:00.000,4810.915,4811.415,4807.675,4808.245,32280,0.0
20260420 12:16:00.000,4808.185,4811.385,4807.995,4810.885,26850,0.0
20260420 12:17:00.000,4810.885,4813.345,4810.035,4812.985,24480,0.0
20260420 12:18:00.000,4812.995,4814.845,4811.765,4814.705,40320,0.0
20260420 12:19:00.000,4814.745,4815.625,4812.115,4814.545,33540,0.0
20260420 12:20:00.000,4814.665,4819.568,4814.445,4819.335,48900,0.0
20260420 12:21:00.000,4819.295,4821.815,4819.005,4820.498,84720,0.0
20260420 12:22:00.000,4820.498,4821.848,4817.028,4817.458,66310,0.0
20260420 12:23:00.000,4817.485,4817.548,4813.525,4814.455,37440,0.0
20260420 12:24:00.000,4814.425,4815.795,4813.585,4813.585,33600,0.0
20260420 12:25:00.000,4813.645,4813.915,4810.665,4811.655,29790,0.0
20260420 12:26:00.000,4811.605,4811.815,4809.455,4809.465,27180,0.0
20260420 12:27:00.000,4809.465,4809.735,4803.628,4803.745,30600,0.0
20260420 12:28:00.000,4803.805,4806.595,4803.625,4804.645,37620,0.0
20260420 12:29:00.000,4804.595,4805.645,4803.765,4805.375,25920,0.0
20260420 12:30:00.000,4805.345,4809.365,4805.345,4807.915,37560,0.0
20260420 12:31:00.000,4807.955,4808.045,4804.608,4806.935,30450,0.0
20260420 12:32:00.000,4806.975,4807.995,4804.205,4805.885,24360,0.0
20260420 12:33:00.000,4805.795,4806.785,4804.475,4804.975,28620,0.0
20260420 12:34:00.000,4804.905,4806.355,4804.115,4805.995,22680,0.0
20260420 12:35:00.000,4805.945,4806.175,4802.205,4804.215,36180,0.0
20260420 12:36:00.000,4804.185,4804.275,4801.995,4802.525,38040,0.0
20260420 12:37:00.000,4802.605,4803.895,4801.095,4801.145,34170,0.0
20260420 12:38:00.000,4801.115,4803.675,4798.795,4803.495,32760,0.0
20260420 12:39:00.000,4803.535,4804.505,4803.125,4803.605,24090,0.0
20260420 12:40:00.000,4803.575,4804.425,4803.575,4804.405,19560,0.0
20260420 12:41:00.000,4804.435,4804.985,4802.895,4804.415,22290,0.0
20260420 12:42:00.000,4804.385,4807.475,4804.065,4805.905,18870,0.0
20260420 12:43:00.000,4805.845,4807.285,4804.985,4806.685,23310,0.0
20260420 12:44:00.000,4806.595,4807.415,4805.875,4805.915,18840,0.0
20260420 12:45:00.000,4805.965,4806.845,4803.815,4804.725,20310,0.0
20260420 12:46:00.000,4804.875,4807.125,4803.865,4807.095,24420,0.0
20260420 12:47:00.000,4807.115,4808.305,4806.605,4806.885,24930,0.0
20260420 12:48:00.000,4806.965,4807.935,4806.398,4806.895,20880,0.0
20260420 12:49:00.000,4806.878,4807.575,4805.015,4806.115,21420,0.0
20260420 12:50:00.000,4806.045,4807.335,4805.258,4805.585,27150,0.0
20260420 12:51:00.000,4805.335,4805.915,4803.585,4805.455,22860,0.0
20260420 12:52:00.000,4805.365,4805.695,4801.488,4801.665,24720,0.0
20260420 12:53:00.000,4801.595,4803.045,4801.585,4802.785,16920,0.0
20260420 12:54:00.000,4802.755,4803.835,4801.415,4803.275,19470,0.0
20260420 12:55:00.000,4803.295,4804.095,4802.605,4803.665,21540,0.0
20260420 12:56:00.000,4803.635,4803.885,4802.875,4802.995,15150,0.0
20260420 12:57:00.000,4802.975,4803.615,4801.445,4801.715,20850,0.0
20260420 12:58:00.000,4801.695,4802.315,4800.825,4802.315,22110,0.0
20260420 12:59:00.000,4802.335,4803.635,4801.605,4803.295,27810,0.0
20260420 13:00:00.000,4803.245,4804.765,4799.365,4800.195,52480,0.0
20260420 13:01:00.000,4800.165,4803.355,4799.878,4801.435,45880,0.0
20260420 13:02:00.000,4801.455,4802.585,4800.085,4801.125,41380,0.0
20260420 13:03:00.000,4801.025,4801.505,4800.005,4801.195,33600,0.0
20260420 13:04:00.000,4801.235,4804.195,4801.025,4803.305,37350,0.0
20260420 13:05:00.000,4803.385,4806.015,4802.535,4805.255,35460,0.0
20260420 13:06:00.000,4805.325,4808.685,4805.185,4808.685,37920,0.0
20260420 13:07:00.000,4808.705,4809.505,4807.225,4807.645,32370,0.0
20260420 13:08:00.000,4807.625,4814.635,4804.425,4811.685,56950,0.0
20260420 13:09:00.000,4811.705,4812.085,4808.315,4810.965,65009,0.0
20260420 13:10:00.000,4810.845,4812.495,4809.735,4811.155,47010,0.0
20260420 13:11:00.000,4811.175,4812.305,4809.875,4811.815,47130,0.0
20260420 13:12:00.000,4811.855,4816.135,4811.715,4815.235,50370,0.0
20260420 13:13:00.000,4815.155,4816.845,4813.065,4815.585,42630,0.0
20260420 13:14:00.000,4815.545,4815.765,4813.635,4815.315,32189,0.0
20260420 13:15:00.000,4815.345,4817.145,4813.745,4813.895,42120,0.0
20260420 13:16:00.000,4813.965,4814.335,4812.575,4813.845,35070,0.0
20260420 13:17:00.000,4813.785,4814.425,4811.775,4812.045,33990,0.0
20260420 13:18:00.000,4812.015,4813.715,4811.925,4813.205,29220,0.0
20260420 13:19:00.000,4813.235,4816.275,4813.235,4815.565,28230,0.0
20260420 13:20:00.000,4815.615,4819.035,4814.865,4818.505,34470,0.0
20260420 13:21:00.000,4818.458,4818.605,4816.095,4816.995,34580,0.0
20260420 13:22:00.000,4817.165,4819.435,4815.035,4819.085,29730,0.0
20260420 13:23:00.000,4818.915,4819.735,4817.655,4818.375,38430,0.0
20260420 13:24:00.000,4818.275,4818.445,4815.725,4816.195,30270,0.0
20260420 13:25:00.000,4816.215,4816.785,4814.815,4815.675,27480,0.0
20260420 13:26:00.000,4815.645,4816.875,4814.715,4816.785,24990,0.0
20260420 13:27:00.000,4816.765,4820.125,4816.545,4820.015,39240,0.0
20260420 13:28:00.000,4820.085,4821.175,4819.388,4820.105,38010,0.0
20260420 13:29:00.000,4820.085,4825.805,4819.965,4824.148,59640,0.0
20260420 13:30:00.000,4824.148,4826.188,4821.678,4822.615,87880,0.0
20260420 13:31:00.000,4822.585,4823.925,4817.675,4818.935,60360,0.0
20260420 13:32:00.000,4818.995,4820.235,4817.195,4818.285,53880,0.0
20260420 13:33:00.000,4818.308,4818.308,4815.885,4817.645,49590,0.0
20260420 13:34:00.000,4817.705,4821.785,4816.325,4821.605,52740,0.0
20260420 13:35:00.000,4821.465,4823.095,4820.415,4822.675,48360,0.0
20260420 13:36:00.000,4822.645,4825.145,4822.275,4822.775,51690,0.0
20260420 13:37:00.000,4822.665,4822.915,4820.805,4821.125,50580,0.0
20260420 13:38:00.000,4820.985,4821.785,4817.495,4817.585,49440,0.0
20260420 13:39:00.000,4817.615,4818.675,4815.515,4817.725,54150,0.0
20260420 13:40:00.000,4817.745,4819.625,4816.285,4819.535,47910,0.0
20260420 13:41:00.000,4819.565,4821.125,4817.965,4818.805,49140,0.0
20260420 13:42:00.000,4818.775,4819.975,4817.545,4819.775,46770,0.0
20260420 13:43:00.000,4819.605,4822.615,4818.705,4821.715,56250,0.0
20260420 13:44:00.000,4821.395,4823.815,4821.285,4822.255,63869,0.0
20260420 13:45:00.000,4822.235,4823.355,4821.358,4822.875,69870,0.0
20260420 13:46:00.000,4823.035,4824.295,4819.295,4819.368,52170,0.0
20260420 13:47:00.000,4819.225,4822.585,4819.168,4822.455,50100,0.0
20260420 13:48:00.000,4822.348,4823.585,4818.695,4819.338,47160,0.0
20260420 13:49:00.000,4819.385,4820.745,4818.498,4819.988,49740,0.0
20260420 13:50:00.000,4819.988,4821.668,4819.555,4820.305,44970,0.0
20260420 13:51:00.000,4820.445,4821.195,4817.335,4817.618,49380,0.0
20260420 13:52:00.000,4817.618,4820.305,4817.305,4819.125,49950,0.0
20260420 13:53:00.000,4819.175,4819.928,4818.425,4818.768,48150,0.0
20260420 13:54:00.000,4818.975,4821.765,4818.405,4820.985,47100,0.0
20260420 13:55:00.000,4821.035,4822.675,4820.445,4822.115,39240,0.0
20260420 13:56:00.000,4822.075,4822.835,4820.255,4821.775,42330,0.0
20260420 13:57:00.000,4821.725,4822.235,4819.698,4820.578,52080,0.0
20260420 13:58:00.000,4820.478,4821.115,4818.715,4820.045,49500,0.0
20260420 13:59:00.000,4820.145,4820.145,4816.568,4817.545,51480,0.0
20260420 14:00:00.000,4817.855,4817.985,4813.685,4814.538,65289,0.0
20260420 14:01:00.000,4814.488,4815.395,4812.355,4813.278,64130,0.0
20260420 14:02:00.000,4813.258,4815.315,4811.005,4815.265,57020,0.0
20260420 14:03:00.000,4815.415,4815.415,4810.765,4812.935,56940,0.0
20260420 14:04:00.000,4812.938,4817.625,4812.755,4817.625,47880,0.0
20260420 14:05:00.000,4817.645,4817.785,4815.785,4816.595,46920,0.0
20260420 14:06:00.000,4816.635,4817.625,4815.905,4816.388,39450,0.0
20260420 14:07:00.000,4816.388,4816.655,4815.005,4816.655,39690,0.0
20260420 14:08:00.000,4816.695,4817.665,4811.325,4812.525,57000,0.0
20260420 14:09:00.000,4812.495,4813.875,4812.025,4812.378,54780,0.0
20260420 14:10:00.000,4812.355,4814.115,4807.458,4808.885,70590,0.0
20260420 14:11:00.000,4808.815,4809.965,4807.565,4808.475,55020,0.0
20260420 14:12:00.000,4808.445,4809.875,4806.655,4808.215,55800,0.0
20260420 14:13:00.000,4808.275,4812.275,4808.058,4812.165,50940,0.0
20260420 14:14:00.000,4812.115,4816.748,4811.818,4815.848,60000,0.0
20260420 14:15:00.000,4815.845,4816.155,4814.155,4814.875,54180,0.0
20260420 14:16:00.000,4814.825,4816.825,4814.585,4815.758,44070,0.0
20260420 14:17:00.000,4815.745,4817.765,4815.145,4817.295,44910,0.0
20260420 14:18:00.000,4817.325,4817.615,4815.555,4816.025,42060,0.0
20260420 14:19:00.000,4816.045,4818.215,4814.438,4816.285,46070,0.0
20260420 14:20:00.000,4816.418,4819.245,4815.595,4817.705,56370,0.0
20260420 14:21:00.000,4817.735,4821.165,4817.495,4820.495,47940,0.0
20260420 14:22:00.000,4820.465,4821.838,4819.645,4820.708,45870,0.0
20260420 14:23:00.000,4820.805,4823.365,4820.135,4823.045,44130,0.0
20260420 14:24:00.000,4823.065,4825.585,4822.405,4825.415,51540,0.0
20260420 14:25:00.000,4825.328,4825.328,4822.685,4823.675,43620,0.0
20260420 14:26:00.000,4823.595,4826.428,4823.485,4826.025,65459,0.0
20260420 14:27:00.000,4825.995,4826.465,4824.365,4824.855,51890,0.0
20260420 14:28:00.000,4824.948,4825.285,4822.605,4823.035,39930,0.0
20260420 14:29:00.000,4823.035,4823.035,4821.465,4823.025,37980,0.0
20260420 14:30:00.000,4823.055,4827.348,4822.948,4825.015,50430,0.0
20260420 14:31:00.000,4824.948,4825.155,4821.888,4822.435,47400,0.0
20260420 14:32:00.000,4822.498,4824.745,4822.008,4823.598,51900,0.0
20260420 14:33:00.000,4823.598,4824.998,4820.645,4821.298,66540,0.0
20260420 14:34:00.000,4821.298,4821.298,4816.775,4817.915,49350,0.0
20260420 14:35:00.000,4817.945,4818.445,4812.875,4815.295,52320,0.0
20260420 14:36:00.000,4815.225,4815.735,4813.665,4814.785,44940,0.0
20260420 14:37:00.000,4814.465,4816.655,4814.215,4816.025,38460,0.0
20260420 14:38:00.000,4816.015,4816.675,4815.065,4815.445,40680,0.0
20260420 14:39:00.000,4815.465,4815.565,4813.135,4813.875,36300,0.0
20260420 14:40:00.000,4813.985,4814.815,4811.728,4813.735,44370,0.0
20260420 14:41:00.000,4813.765,4813.945,4810.475,4811.185,62040,0.0
20260420 14:42:00.000,4811.235,4812.035,4810.155,4811.595,40770,0.0
20260420 14:43:00.000,4811.495,4814.085,4811.315,4813.585,40950,0.0
20260420 14:44:00.000,4813.355,4814.485,4812.355,4813.795,38140,0.0
20260420 14:45:00.000,4813.765,4814.515,4813.025,4813.745,42720,0.0
20260420 14:46:00.000,4813.775,4814.105,4809.958,4811.615,45570,0.0
20260420 14:47:00.000,4811.488,4812.685,4810.225,4811.085,35250,0.0
20260420 14:48:00.000,4811.095,4812.135,4810.215,4810.315,34530,0.0
20260420 14:49:00.000,4810.335,4813.035,4810.065,4813.035,32639,0.0
20260420 14:50:00.000,4813.065,4813.975,4811.195,4812.285,33600,0.0
20260420 14:51:00.000,4812.285,4812.285,4792.045,4805.555,78380,0.0
20260420 14:52:00.000,4805.415,4809.205,4802.265,4802.755,92220,0.0
20260420 14:53:00.000,4802.635,4806.535,4802.635,4804.645,71940,0.0
20260420 14:54:00.000,4804.705,4809.115,4803.625,4808.865,53220,0.0
20260420 14:55:00.000,4808.775,4809.095,4802.895,4804.665,56610,0.0
20260420 14:56:00.000,4804.645,4806.625,4803.825,4804.085,50040,0.0
20260420 14:57:00.000,4804.235,4806.085,4799.195,4802.115,59850,0.0
20260420 14:58:00.000,4802.058,4802.238,4799.665,4802.238,60150,0.0
20260420 14:59:00.000,4802.198,4805.338,4801.438,4804.895,63510,0.0
20260420 15:00:00.000,4804.858,4807.105,4803.028,4803.125,71820,0.0
20260420 15:01:00.000,4803.075,4805.065,4801.355,4803.945,52920,0.0
20260420 15:02:00.000,4803.935,4804.188,4800.835,4802.645,48180,0.0
20260420 15:03:00.000,4802.615,4803.145,4796.935,4798.118,54180,0.0
20260420 15:04:00.000,4798.165,4799.445,4796.205,4797.835,52800,0.0
20260420 15:05:00.000,4797.745,4799.348,4796.515,4798.518,56790,0.0
20260420 15:06:00.000,4798.485,4800.785,4797.945,4798.405,59790,0.0
20260420 15:07:00.000,4798.465,4798.465,4795.115,4795.698,53550,0.0
20260420 15:08:00.000,4795.618,4799.845,4795.618,4799.545,48960,0.0
20260420 15:09:00.000,4799.605,4799.905,4796.965,4797.235,46230,0.0
20260420 15:10:00.000,4797.175,4800.798,4796.675,4800.715,48450,0.0
20260420 15:11:00.000,4800.705,4802.305,4799.785,4801.695,49710,0.0
20260420 15:12:00.000,4801.568,4802.138,4796.745,4796.925,50100,0.0
20260420 15:13:00.000,4797.045,4798.015,4792.425,4794.275,57510,0.0
20260420 15:14:00.000,4794.135,4798.625,4793.485,4797.965,45120,0.0
20260420 15:15:00.000,4798.005,4798.345,4794.635,4794.695,56160,0.0
20260420 15:16:00.000,4794.735,4795.605,4793.815,4794.478,57930,0.0
20260420 15:17:00.000,4794.358,4796.555,4794.038,4795.835,61770,0.0
20260420 15:18:00.000,4795.938,4799.805,4795.795,4799.415,47220,0.0
20260420 15:19:00.000,4799.385,4800.005,4796.915,4797.875,54180,0.0
20260420 15:20:00.000,4797.825,4797.945,4796.465,4797.805,52350,0.0
20260420 15:21:00.000,4797.775,4800.285,4796.015,4799.405,56310,0.0
20260420 15:22:00.000,4799.445,4803.395,4798.385,4800.585,57450,0.0
20260420 15:23:00.000,4800.665,4802.665,4799.135,4801.935,50370,0.0
20260420 15:24:00.000,4801.875,4804.625,4801.875,4803.635,57660,0.0
20260420 15:25:00.000,4803.595,4806.835,4802.615,4806.475,56220,0.0
20260420 15:26:00.000,4806.395,4809.315,4806.295,4808.185,67800,0.0
20260420 15:27:00.000,4808.115,4808.745,4807.225,4807.325,65220,0.0
20260420 15:28:00.000,4807.155,4807.545,4805.815,4806.535,53250,0.0
20260420 15:29:00.000,4806.475,4809.205,4804.045,4807.845,50280,0.0
20260420 15:30:00.000,4808.055,4809.075,4804.278,4804.515,54030,0.0
20260420 15:31:00.000,4804.615,4806.595,4803.655,4805.125,36330,0.0
20260420 15:32:00.000,4805.095,4806.655,4804.365,4805.105,37860,0.0
20260420 15:33:00.000,4804.925,4807.255,4804.635,4806.455,33780,0.0
20260420 15:34:00.000,4806.435,4806.655,4803.335,4804.015,36210,0.0
20260420 15:35:00.000,4803.925,4804.345,4803.055,4804.135,37200,0.0
20260420 15:36:00.000,4804.215,4804.375,4800.338,4801.305,48300,0.0
20260420 15:37:00.000,4801.185,4802.535,4800.348,4801.255,39570,0.0
20260420 15:38:00.000,4801.235,4803.075,4801.168,4802.395,38370,0.0
20260420 15:39:00.000,4802.488,4802.845,4800.858,4801.745,29340,0.0
20260420 15:40:00.000,4801.705,4803.715,4801.475,4803.355,30450,0.0
20260420 15:41:00.000,4803.415,4804.378,4801.848,4802.475,30670,0.0
20260420 15:42:00.000,4802.645,4802.865,4800.995,4801.298,28230,0.0
20260420 15:43:00.000,4801.298,4801.605,4800.215,4800.895,33960,0.0
20260420 15:44:00.000,4800.788,4800.788,4799.185,4799.945,32070,0.0
20260420 15:45:00.000,4799.925,4799.925,4797.455,4797.995,38250,0.0
20260420 15:46:00.000,4798.195,4799.855,4797.765,4799.355,26760,0.0
20260420 15:47:00.000,4799.305,4801.295,4798.905,4799.435,28500,0.0
20260420 15:48:00.000,4799.415,4801.375,4799.415,4801.215,30090,0.0
20260420 15:49:00.000,4801.085,4801.465,4799.625,4799.695,20490,0.0
20260420 15:50:00.000,4799.665,4799.915,4797.005,4797.385,32490,0.0
20260420 15:51:00.000,4797.375,4797.955,4796.735,4797.545,31200,0.0
20260420 15:52:00.000,4797.515,4798.195,4796.725,4796.875,26100,0.0
20260420 15:53:00.000,4796.805,4797.125,4795.475,4795.965,30240,0.0
20260420 15:54:00.000,4795.925,4796.575,4795.175,4795.205,32669,0.0
20260420 15:55:00.000,4795.038,4799.155,4795.015,4798.915,31680,0.0
20260420 15:56:00.000,4798.915,4799.205,4798.435,4798.895,25740,0.0
20260420 15:57:00.000,4798.915,4800.545,4798.915,4799.635,30720,0.0
20260420 15:58:00.000,4799.685,4800.845,4799.675,4799.985,25080,0.0
20260420 15:59:00.000,4799.955,4800.705,4799.085,4799.495,25560,0.0
20260420 16:00:00.000,4799.515,4801.218,4798.785,4799.505,28740,0.0
20260420 16:01:00.000,4799.485,4799.805,4797.055,4797.325,33960,0.0
20260420 16:02:00.000,4797.285,4797.685,4796.085,4796.325,24480,0.0
20260420 16:03:00.000,4796.295,4797.955,4795.655,4795.725,22110,0.0
20260420 16:04:00.000,4795.775,4796.065,4794.055,4794.535,29820,0.0
20260420 16:05:00.000,4794.595,4797.725,4793.975,4796.718,33330,0.0
20260420 16:06:00.000,4796.705,4797.935,4796.275,4796.415,24030,0.0
20260420 16:07:00.000,4796.335,4796.415,4794.995,4795.525,26310,0.0
20260420 16:08:00.000,4795.425,4796.595,4795.315,4796.205,22590,0.0
20260420 16:09:00.000,4796.255,4797.838,4795.895,4797.535,27630,0.0
20260420 16:10:00.000,4797.495,4799.375,4797.415,4798.058,26400,0.0
20260420 16:11:00.000,4798.045,4798.895,4797.798,4798.375,16790,0.0
20260420 16:12:00.000,4798.405,4798.905,4797.835,4798.605,20250,0.0
20260420 16:13:00.000,4798.625,4799.295,4797.515,4797.865,18870,0.0
20260420 16:14:00.000,4797.905,4799.008,4797.738,4798.178,24720,0.0
20260420 16:15:00.000,4798.195,4799.705,4798.115,4799.018,28800,0.0
20260420 16:16:00.000,4799.125,4799.125,4796.375,4796.755,30720,0.0
20260420 16:17:00.000,4796.805,4797.955,4795.025,4795.075,37770,0.0
20260420 16:18:00.000,4795.095,4795.265,4792.725,4794.285,37380,0.0
20260420 16:19:00.000,4794.315,4796.595,4793.765,4796.585,33060,0.0
20260420 16:20:00.000,4796.635,4799.345,4796.545,4798.785,29820,0.0
20260420 16:21:00.000,4798.765,4799.205,4797.795,4798.685,22140,0.0
20260420 16:22:00.000,4798.655,4798.755,4796.525,4796.525,22470,0.0
20260420 16:23:00.000,4796.525,4798.955,4796.375,4798.505,20760,0.0
20260420 16:24:00.000,4798.485,4798.675,4797.535,4797.558,20640,0.0
20260420 16:25:00.000,4797.555,4799.175,4797.165,4798.135,19740,0.0
20260420 16:26:00.000,4798.165,4799.475,4797.475,4799.455,21120,0.0
20260420 16:27:00.000,4799.435,4801.465,4799.195,4801.465,22020,0.0
20260420 16:28:00.000,4801.425,4801.765,4800.335,4800.655,25860,0.0
20260420 16:29:00.000,4800.685,4801.295,4800.525,4800.975,23610,0.0
20260420 16:30:00.000,4801.025,4804.125,4801.025,4803.215,28860,0.0
20260420 16:31:00.000,4803.055,4803.385,4801.585,4802.045,31170,0.0
20260420 16:32:00.000,4801.995,4801.995,4800.515,4801.355,30840,0.0
20260420 16:33:00.000,4801.465,4801.935,4801.185,4801.445,18660,0.0
20260420 16:34:00.000,4801.405,4801.405,4799.845,4800.095,25200,0.0
20260420 16:35:00.000,4800.045,4800.585,4798.655,4798.985,22680,0.0
20260420 16:36:00.000,4799.075,4800.375,4799.015,4800.055,21930,0.0
20260420 16:37:00.000,4799.705,4799.705,4798.925,4799.115,20400,0.0
20260420 16:38:00.000,4798.928,4800.255,4798.795,4799.985,21690,0.0
20260420 16:39:00.000,4800.015,4800.165,4799.545,4799.765,12600,0.0
20260420 16:40:00.000,4799.775,4801.385,4798.725,4800.805,27990,0.0
20260420 16:41:00.000,4800.845,4802.355,4800.845,4802.255,22620,0.0
20260420 16:42:00.000,4802.305,4804.298,4800.805,4803.475,27330,0.0
20260420 16:43:00.000,4803.455,4803.455,4802.645,4802.855,32820,0.0
20260420 16:44:00.000,4802.825,4802.825,4801.555,4801.775,17490,0.0
20260420 16:45:00.000,4801.665,4803.095,4801.455,4802.825,24030,0.0
20260420 16:46:00.000,4802.805,4802.875,4801.895,4802.505,23700,0.0
20260420 16:47:00.000,4802.535,4804.215,4801.895,4803.785,29850,0.0
20260420 16:48:00.000,4803.825,4804.515,4802.945,4803.255,27000,0.0
20260420 16:49:00.000,4803.255,4803.645,4802.485,4803.555,23040,0.0
20260420 16:50:00.000,4803.575,4803.945,4803.095,4803.225,23190,0.0
20260420 16:51:00.000,4803.245,4804.755,4803.205,4804.118,20190,0.0
20260420 16:52:00.000,4804.105,4805.785,4803.825,4805.555,20730,0.0
20260420 16:53:00.000,4805.525,4806.065,4803.865,4804.365,28470,0.0
20260420 16:54:00.000,4804.405,4805.095,4804.108,4804.738,21300,0.0
20260420 16:55:00.000,4804.678,4804.698,4803.308,4804.108,47970,0.0
20260420 16:56:00.000,4804.118,4805.465,4803.768,4804.968,40020,0.0
20260420 16:57:00.000,4804.988,4805.068,4804.035,4804.235,28680,0.0
20260420 16:58:00.000,4804.208,4805.155,4803.295,4804.635,32940,0.0
20260420 16:59:00.000,4804.585,4805.505,4804.155,4805.225,28320,0.0
20260420 17:00:00.000,4805.445,4807.235,4805.138,4806.515,37020,0.0
20260420 17:01:00.000,4806.498,4806.848,4804.255,4804.668,44100,0.0
20260420 17:02:00.000,4804.668,4807.818,4803.558,4806.778,46170,0.0
20260420 17:03:00.000,4806.425,4808.065,4805.735,4807.328,52980,0.0
20260420 17:04:00.000,4807.328,4808.378,4807.198,4807.208,41790,0.0
20260420 17:05:00.000,4807.188,4807.685,4806.485,4806.775,36210,0.0
20260420 17:06:00.000,4806.805,4808.735,4806.698,4807.775,28260,0.0
20260420 17:07:00.000,4807.765,4809.395,4807.495,4808.505,23280,0.0
20260420 17:08:00.000,4808.525,4809.498,4808.475,4808.475,21270,0.0
20260420 17:09:00.000,4808.465,4809.395,4808.065,4809.105,21270,0.0
20260420 17:10:00.000,4809.135,4810.215,4808.795,4808.905,29880,0.0
20260420 17:11:00.000,4808.945,4810.135,4808.775,4809.595,21630,0.0
20260420 17:12:00.000,4809.565,4809.685,4808.365,4808.975,23760,0.0
20260420 17:13:00.000,4809.045,4809.595,4808.445,4808.845,23850,0.0
20260420 17:14:00.000,4808.875,4809.565,4808.175,4808.485,15840,0.0
20260420 17:15:00.000,4808.495,4808.735,4807.325,4808.235,25440,0.0
20260420 17:16:00.000,4808.175,4808.875,4807.905,4808.035,19620,0.0
20260420 17:17:00.000,4808.095,4810.015,4807.905,4809.025,27240,0.0
20260420 17:18:00.000,4809.118,4809.565,4808.735,4809.128,16020,0.0
20260420 17:19:00.000,4809.205,4809.295,4808.525,4808.865,23310,0.0
20260420 17:20:00.000,4808.885,4808.945,4807.175,4807.205,20220,0.0
20260420 17:21:00.000,4807.138,4808.075,4806.905,4807.935,24120,0.0
20260420 17:22:00.000,4807.898,4808.985,4807.715,4808.335,19650,0.0
20260420 17:23:00.000,4808.295,4811.205,4808.295,4810.278,30150,0.0
20260420 17:24:00.000,4810.455,4810.845,4807.525,4807.525,47370,0.0
20260420 17:25:00.000,4807.745,4808.225,4806.985,4807.695,32880,0.0
20260420 17:26:00.000,4807.695,4808.195,4806.935,4807.035,28590,0.0
20260420 17:27:00.000,4807.055,4808.185,4806.945,4807.355,26730,0.0
20260420 17:28:00.000,4807.408,4807.408,4806.015,4806.805,37140,0.0
20260420 17:29:00.000,4806.708,4810.065,4806.708,4809.865,52140,0.0
20260420 17:30:00.000,4809.955,4811.765,4808.935,4810.285,37650,0.0
20260420 17:31:00.000,4810.225,4810.735,4809.715,4810.105,22470,0.0
20260420 17:32:00.000,4810.205,4810.225,4806.445,4806.815,27180,0.0
20260420 17:33:00.000,4806.845,4807.115,4804.818,4805.148,32130,0.0
20260420 17:34:00.000,4805.148,4805.878,4804.808,4804.975,23790,0.0
20260420 17:35:00.000,4804.995,4808.695,4804.865,4807.015,35100,0.0
20260420 17:36:00.000,4807.065,4809.585,4806.008,4809.135,35220,0.0
20260420 17:37:00.000,4809.185,4810.645,4808.115,4808.285,42420,0.0
20260420 17:38:00.000,4808.255,4809.465,4807.775,4809.455,33330,0.0
20260420 17:39:00.000,4809.455,4810.465,4808.715,4809.585,34170,0.0
20260420 17:40:00.000,4809.705,4811.935,4808.445,4810.325,35460,0.0
20260420 17:41:00.000,4810.325,4810.715,4809.215,4809.865,39600,0.0
20260420 17:42:00.000,4809.825,4809.945,4808.065,4808.075,28410,0.0
20260420 17:43:00.000,4808.115,4809.855,4807.935,4809.325,31720,0.0
20260420 17:44:00.000,4809.325,4809.705,4808.875,4809.285,25290,0.0
20260420 17:45:00.000,4809.255,4809.355,4808.145,4808.315,19800,0.0
20260420 17:46:00.000,4808.335,4809.185,4807.735,4808.315,25230,0.0
20260420 17:47:00.000,4808.385,4808.605,4807.815,4808.125,22770,0.0
20260420 17:48:00.000,4808.065,4808.405,4807.585,4808.015,25890,0.0
20260420 17:49:00.000,4808.025,4808.845,4807.955,4808.825,27270,0.0
20260420 17:50:00.000,4808.845,4809.085,4808.315,4808.595,24660,0.0
20260420 17:51:00.000,4808.595,4808.715,4807.695,4808.425,23880,0.0
20260420 17:52:00.000,4808.475,4808.475,4807.335,4808.105,24090,0.0
20260420 17:53:00.000,4808.105,4808.305,4807.598,4808.035,16740,0.0
20260420 17:54:00.000,4808.005,4809.555,4808.005,4809.145,25290,0.0
20260420 17:55:00.000,4809.055,4809.345,4808.255,4808.665,25050,0.0
20260420 17:56:00.000,4808.605,4808.965,4807.435,4807.715,26490,0.0
20260420 17:57:00.000,4807.735,4807.815,4805.678,4805.975,27450,0.0
20260420 17:58:00.000,4805.945,4807.125,4805.398,4806.985,26730,0.0
20260420 17:59:00.000,4807.085,4807.085,4806.075,4806.515,18840,0.0
20260420 18:00:00.000,4806.535,4809.245,4806.535,4809.085,27240,0.0
20260420 18:01:00.000,4808.955,4810.065,4808.425,4809.925,32669,0.0
20260420 18:02:00.000,4809.895,4810.345,4809.438,4810.345,24300,0.0
20260420 18:03:00.000,4810.325,4811.645,4810.325,4811.615,19770,0.0
20260420 18:04:00.000,4811.525,4811.525,4810.185,4811.115,22230,0.0
20260420 18:05:00.000,4811.235,4813.735,4810.545,4813.675,30240,0.0
20260420 18:06:00.000,4813.705,4814.885,4813.405,4813.785,23760,0.0
20260420 18:07:00.000,4813.855,4813.975,4812.585,4812.685,22950,0.0
20260420 18:08:00.000,4812.665,4814.325,4811.915,4812.665,30060,0.0
20260420 18:09:00.000,4812.695,4814.105,4812.638,4813.785,22860,0.0
20260420 18:10:00.000,4813.655,4814.165,4812.678,4812.678,21930,0.0
20260420 18:11:00.000,4812.648,4814.145,4810.245,4811.745,37690,0.0
20260420 18:12:00.000,4811.725,4813.235,4811.565,4812.815,23250,0.0
20260420 18:13:00.000,4812.785,4814.105,4812.145,4813.895,20970,0.0
20260420 18:14:00.000,4813.925,4815.755,4813.475,4815.225,20190,0.0
20260420 18:15:00.000,4815.235,4815.365,4813.555,4813.555,23760,0.0
20260420 18:16:00.000,4813.545,4814.225,4813.275,4814.058,30300,0.0
20260420 18:17:00.000,4814.058,4814.398,4813.595,4813.855,25620,0.0
20260420 18:18:00.000,4813.825,4814.635,4813.015,4813.015,28740,0.0
20260420 18:19:00.000,4813.018,4813.898,4812.468,4813.195,32189,0.0
20260420 18:20:00.000,4813.235,4814.928,4813.205,4814.568,31830,0.0
20260420 18:21:00.000,4814.658,4814.725,4812.098,4812.665,27960,0.0
20260420 18:22:00.000,4812.628,4813.748,4812.598,4813.568,39900,0.0
20260420 18:23:00.000,4813.568,4813.848,4812.398,4812.698,64779,0.0
20260420 18:24:00.000,4812.698,4813.698,4812.498,4813.155,22950,0.0
20260420 18:25:00.000,4813.055,4813.405,4812.298,4812.798,27780,0.0
20260420 18:26:00.000,4812.885,4813.498,4811.998,4813.498,27570,0.0
20260420 18:27:00.000,4813.498,4813.605,4812.955,4813.235,19560,0.0
20260420 18:28:00.000,4813.198,4814.298,4811.525,4812.925,49850,0.0
20260420 18:29:00.000,4813.098,4813.498,4812.618,4813.068,33000,0.0
20260420 18:30:00.000,4813.068,4814.098,4812.625,4812.628,28890,0.0
20260420 18:31:00.000,4812.698,4813.275,4812.255,4812.818,27970,0.0
20260420 18:32:00.000,4812.635,4812.905,4811.615,4812.898,33850,0.0
20260420 18:33:00.000,4813.098,4815.215,4813.098,4814.115,23760,0.0
20260420 18:34:00.000,4814.098,4814.548,4814.005,4814.508,18660,0.0
20260420 18:35:00.000,4814.528,4814.998,4813.385,4813.578,27360,0.0
20260420 18:36:00.000,4813.585,4813.698,4810.638,4810.848,32499,0.0
20260420 18:37:00.000,4810.848,4811.798,4810.498,4811.608,32070,0.0
20260420 18:38:00.000,4811.608,4812.398,4810.998,4812.038,27690,0.0
20260420 18:39:00.000,4811.918,4812.698,4811.098,4811.798,26130,0.0
20260420 18:40:00.000,4811.788,4813.898,4811.788,4813.398,33090,0.0
20260420 18:41:00.000,4813.398,4814.498,4813.308,4814.198,20670,0.0
20260420 18:42:00.000,4814.198,4815.098,4813.998,4814.715,17280,0.0
20260420 18:43:00.000,4814.745,4814.798,4813.898,4814.198,16980,0.0
20260420 18:44:00.000,4814.198,4814.498,4813.798,4814.098,18110,0.0
20260420 18:45:00.000,4813.975,4814.498,4813.698,4814.088,28710,0.0
20260420 18:46:00.000,4813.998,4815.798,4813.998,4815.048,20700,0.0
20260420 18:47:00.000,4815.048,4815.448,4814.838,4815.148,14190,0.0
20260420 18:48:00.000,4815.048,4815.748,4814.748,4815.298,29730,0.0
20260420 18:49:00.000,4815.298,4815.618,4814.598,4814.598,19260,0.0
20260420 18:50:00.000,4814.598,4815.098,4814.388,4814.898,24210,0.0
20260420 18:51:00.000,4814.898,4816.198,4814.888,4815.898,25920,0.0
20260420 18:52:00.000,4815.898,4816.098,4814.948,4815.398,24330,0.0
20260420 18:53:00.000,4815.398,4815.698,4814.698,4815.085,15629,0.0
20260420 18:54:00.000,4815.145,4815.248,4814.548,4814.748,16060,0.0
20260420 18:55:00.000,4814.748,4815.948,4814.648,4815.348,23160,0.0
20260420 18:56:00.000,4815.348,4815.848,4814.655,4814.655,39030,0.0
20260420 18:57:00.000,4814.535,4815.148,4814.535,4814.908,42970,0.0
20260420 18:58:00.000,4814.908,4814.925,4813.658,4814.158,35580,0.0
20260420 18:59:00.000,4814.158,4814.158,4812.778,4813.798,40240,0.0
20260420 19:00:00.000,4813.588,4818.058,4813.478,4817.648,45700,0.0
20260420 19:01:00.000,4817.648,4818.448,4817.248,4818.185,29760,0.0
20260420 19:02:00.000,4818.168,4818.448,4816.738,4817.098,31319,0.0
20260420 19:03:00.000,4817.198,4818.418,4816.738,4817.018,32389,0.0
20260420 19:04:00.000,4817.198,4817.498,4816.798,4817.238,35400,0.0
20260420 19:05:00.000,4817.238,4818.698,4817.038,4818.548,31410,0.0
20260420 19:06:00.000,4818.548,4818.898,4818.205,4818.598,28810,0.0
20260420 19:07:00.000,4818.665,4819.048,4817.758,4817.998,21120,0.0
20260420 19:08:00.000,4818.005,4819.608,4817.698,4818.698,20730,0.0
20260420 19:09:00.000,4818.698,4819.765,4818.478,4819.598,27750,0.0
20260420 19:10:00.000,4819.698,4819.708,4818.348,4818.398,31410,0.0
20260420 19:11:00.000,4818.398,4820.018,4818.398,4819.205,29940,0.0
20260420 19:12:00.000,4819.298,4819.898,4818.925,4819.465,14580,0.0
20260420 19:13:00.000,4819.245,4821.058,4819.198,4820.225,25710,0.0
20260420 19:14:00.000,4820.275,4820.628,4820.098,4820.098,20640,0.0
20260420 19:15:00.000,4820.098,4820.168,4819.028,4819.338,35100,0.0
20260420 19:16:00.000,4819.338,4819.598,4817.718,4817.848,33690,0.0
20260420 19:17:00.000,4817.838,4818.718,4817.648,4818.348,29280,0.0
20260420 19:18:00.000,4818.348,4818.858,4818.228,4818.248,25080,0.0
20260420 19:19:00.000,4818.218,4818.528,4817.918,4818.248,19800,0.0
20260420 19:20:00.000,4818.348,4818.438,4816.555,4817.098,27390,0.0
20260420 19:21:00.000,4817.098,4818.588,4817.098,4818.498,32729,0.0
20260420 19:22:00.000,4818.468,4818.898,4818.038,4818.558,20160,0.0
20260420 19:23:00.000,4818.558,4818.698,4817.558,4818.108,20400,0.0
20260420 19:24:00.000,4818.108,4818.498,4817.888,4818.178,20280,0.0
20260420 19:25:00.000,4818.178,4818.298,4817.638,4817.658,18690,0.0
20260420 19:26:00.000,4817.685,4817.898,4816.788,4816.798,32040,0.0
20260420 19:27:00.000,4816.798,4816.948,4815.758,4816.108,22860,0.0
20260420 19:28:00.000,4816.108,4817.465,4815.738,4816.318,31769,0.0
20260420 19:29:00.000,4816.355,4817.098,4816.128,4816.698,21810,0.0
20260420 19:30:00.000,4816.698,4816.955,4815.498,4815.538,24990,0.0
20260420 19:31:00.000,4815.528,4816.128,4815.445,4816.128,22290,0.0
20260420 19:32:00.000,4816.128,4816.165,4814.618,4814.725,23130,0.0
20260420 19:33:00.000,4814.755,4815.365,4814.435,4814.698,24000,0.0
20260420 19:34:00.000,4814.698,4815.155,4813.498,4814.298,26220,0.0
20260420 19:35:00.000,4814.218,4814.425,4810.055,4812.325,36660,0.0
20260420 19:36:00.000,4812.345,4813.545,4810.545,4810.905,23460,0.0
20260420 19:37:00.000,4810.835,4812.835,4810.805,4811.175,24150,0.0
20260420 19:38:00.000,4811.298,4811.675,4810.545,4810.955,24840,0.0
20260420 19:39:00.000,4810.975,4811.235,4810.415,4810.625,21300,0.0
20260420 19:40:00.000,4810.545,4811.565,4810.445,4810.605,23160,0.0
20260420 19:41:00.000,4810.445,4811.505,4810.085,4811.075,17910,0.0
20260420 19:42:00.000,4811.045,4811.465,4810.585,4811.445,15240,0.0
20260420 19:43:00.000,4811.475,4812.525,4811.475,4811.725,17490,0.0
20260420 19:44:00.000,4811.745,4811.885,4810.975,4811.178,15480,0.0
20260420 19:45:00.000,4811.185,4812.315,4811.145,4812.305,23760,0.0
20260420 19:46:00.000,4812.285,4812.675,4811.885,4812.595,18030,0.0
20260420 19:47:00.000,4812.575,4812.875,4811.888,4812.215,15000,0.0
20260420 19:48:00.000,4812.155,4812.245,4811.805,4811.855,15960,0.0
20260420 19:49:00.000,4811.845,4812.425,4811.285,4812.225,25920,0.0
20260420 19:50:00.000,4812.245,4812.718,4811.295,4811.395,31739,0.0
20260420 19:51:00.000,4811.315,4812.958,4811.315,4812.265,34440,0.0
20260420 19:52:00.000,4812.345,4812.805,4811.855,4812.625,26370,0.0
20260420 19:53:00.000,4812.655,4813.055,4811.735,4811.965,20460,0.0
20260420 19:54:00.000,4811.965,4812.615,4810.995,4810.995,18510,0.0
20260420 19:55:00.000,4811.025,4812.485,4810.775,4811.795,36210,0.0
20260420 19:56:00.000,4811.825,4812.075,4811.188,4811.825,35280,0.0
20260420 19:57:00.000,4811.865,4812.865,4811.355,4812.268,50850,0.0
20260420 19:58:00.000,4812.258,4813.458,4812.128,4812.275,50910,0.0
20260420 19:59:00.000,4812.315,4814.165,4812.038,4814.135,66360,0.0
20260420 20:00:00.000,4813.978,4815.675,4813.695,4815.465,29610,0.0
20260420 20:01:00.000,4815.525,4816.628,4815.028,4815.028,20310,0.0
20260420 20:02:00.000,4815.035,4815.895,4814.228,4815.705,15510,0.0
20260420 20:03:00.000,4815.655,4816.285,4815.355,4815.465,7950,0.0
20260420 20:04:00.000,4815.425,4815.495,4814.475,4814.925,10680,0.0
20260420 20:05:00.000,4814.875,4815.558,4814.605,4815.528,7980,0.0
20260420 20:06:00.000,4815.588,4815.675,4815.425,4815.525,8820,0.0
20260420 20:07:00.000,4815.455,4815.455,4814.315,4814.668,10260,0.0
20260420 20:08:00.000,4814.718,4814.718,4813.945,4814.235,8490,0.0
20260420 20:09:00.000,4814.265,4814.315,4814.008,4814.155,8820,0.0
20260420 20:10:00.000,4814.025,4814.375,4814.025,4814.255,3780,0.0
20260420 20:11:00.000,4814.238,4814.345,4813.548,4813.585,5280,0.0
20260420 20:12:00.000,4813.565,4813.765,4812.475,4813.098,7800,0.0
20260420 20:13:00.000,4813.128,4813.355,4813.128,4813.145,4620,0.0
20260420 20:14:00.000,4813.155,4813.365,4812.705,4813.365,6420,0.0
20260420 20:15:00.000,4813.395,4814.265,4812.655,4812.655,6210,0.0
20260420 20:16:00.000,4812.735,4813.125,4812.735,4812.995,3600,0.0
20260420 20:17:00.000,4813.015,4813.355,4812.965,4813.305,4200,0.0
20260420 20:18:00.000,4813.055,4813.425,4812.195,4812.425,3960,0.0
20260420 20:19:00.000,4812.415,4813.035,4811.975,4812.935,5130,0.0
20260420 20:20:00.000,4812.965,4813.065,4812.585,4812.855,3840,0.0
20260420 20:21:00.000,4812.955,4813.775,4812.955,4813.545,5190,0.0
20260420 20:22:00.000,4813.485,4814.145,4813.485,4814.145,5220,0.0
20260420 20:23:00.000,4814.175,4814.435,4813.985,4814.385,5070,0.0
20260420 20:24:00.000,4814.355,4815.345,4814.295,4815.315,6390,0.0
20260420 20:25:00.000,4815.245,4815.245,4814.825,4815.205,2340,0.0
20260420 20:26:00.000,4815.165,4816.705,4815.165,4816.705,7260,0.0
20260420 20:27:00.000,4816.705,4816.725,4815.975,4816.155,5160,0.0
20260420 20:28:00.000,4816.205,4816.345,4815.885,4816.115,3840,0.0
20260420 20:29:00.000,4816.135,4816.135,4815.395,4815.735,11370,0.0
20260420 20:30:00.000,4815.675,4815.895,4815.315,4815.738,14940,0.0
20260420 20:31:00.000,4815.725,4816.545,4815.428,4816.195,10590,0.0
20260420 20:32:00.000,4816.178,4816.455,4815.495,4815.885,10470,0.0
20260420 20:33:00.000,4815.748,4816.628,4814.835,4815.145,18840,0.0
20260420 20:34:00.000,4815.205,4815.205,4812.888,4813.785,15180,0.0
20260420 20:35:00.000,4813.628,4814.025,4812.655,4813.855,16560,0.0
20260420 20:36:00.000,4813.835,4814.385,4813.565,4813.805,15010,0.0
20260420 20:37:00.000,4813.775,4814.945,4813.745,4814.858,12540,0.0
20260420 20:38:00.000,4814.858,4815.165,4814.298,4814.565,10950,0.0
20260420 20:39:00.000,4814.538,4815.745,4814.535,4815.268,11820,0.0
20260420 20:40:00.000,4814.955,4815.375,4814.955,4815.135,9210,0.0
20260420 20:41:00.000,4815.138,4815.275,4814.805,4815.248,8640,0.0
20260420 20:42:00.000,4815.248,4815.395,4814.575,4814.685,8640,0.0
20260420 20:43:00.000,4814.768,4816.845,4814.635,4816.628,11250,0.0
20260420 20:44:00.000,4816.628,4817.018,4815.898,4816.265,13810,0.0
20260420 20:45:00.000,4816.315,4817.155,4816.028,4816.845,13530,0.0
20260420 20:46:00.000,4816.795,4817.215,4816.515,4817.175,6270,0.0
20260420 20:47:00.000,4817.205,4817.535,4816.995,4816.995,7320,0.0
20260420 20:48:00.000,4816.995,4817.015,4816.565,4816.715,9120,0.0
20260420 20:49:00.000,4816.815,4817.145,4816.415,4817.005,14010,0.0
20260420 20:50:00.000,4817.035,4819.005,4817.035,4818.505,12210,0.0
20260420 20:51:00.000,4818.485,4818.965,4818.355,4818.785,12360,0.0
20260420 20:52:00.000,4818.835,4819.395,4818.835,4819.285,8400,0.0
20260420 20:53:00.000,4819.305,4820.665,4819.175,4820.665,9570,0.0
20260420 20:54:00.000,4820.655,4820.735,4819.405,4819.705,13350,0.0
20260420 20:55:00.000,4819.745,4821.535,4819.595,4821.485,14010,0.0
20260420 20:56:00.000,4821.455,4821.705,4820.675,4820.885,11640,0.0
20260420 20:57:00.000,4820.985,4821.105,4820.225,4820.355,7170,0.0
20260420 20:58:00.000,4820.385,4820.675,4819.645,4820.465,10200,0.0
20260420 20:59:00.000,4820.385,4820.695,4819.675,4820.265,7620,0.0
20260420 22:00:00.000,4821.098,4827.965,4819.395,4821.735,51290,0.0
20260420 22:01:00.000,4821.895,4830.765,4821.725,4827.488,54310,0.0
20260420 22:02:00.000,4827.498,4828.668,4825.498,4827.035,40590,0.0
20260420 22:03:00.000,4827.005,4827.428,4822.658,4823.098,35190,0.0
20260420 22:04:00.000,4823.108,4827.068,4820.365,4825.088,42240,0.0
20260420 22:05:00.000,4824.665,4827.050,4823.315,4826.478,31350,0.0
20260420 22:06:00.000,4826.483,4829.625,4825.638,4829.245,28860,0.0
20260420 22:07:00.000,4829.215,4830.265,4827.885,4828.645,29790,0.0
20260420 22:08:00.000,4828.595,4828.928,4826.635,4827.225,14070,0.0
20260420 22:09:00.000,4827.048,4831.075,4827.035,4829.535,15270,0.0
20260420 22:10:00.000,4829.485,4831.105,4828.105,4830.285,21510,0.0
20260420 22:11:00.000,4830.365,4832.275,4830.365,4830.885,14220,0.0
20260420 22:12:00.000,4830.885,4831.945,4829.745,4829.765,10380,0.0
20260420 22:13:00.000,4829.735,4830.905,4829.225,4829.455,12600,0.0
20260420 22:14:00.000,4829.445,4829.665,4827.565,4828.795,12540,0.0
20260420 22:15:00.000,4828.765,4831.625,4828.705,4830.995,16319,0.0
20260420 22:16:00.000,4830.895,4832.465,4830.455,4832.095,14730,0.0
20260420 22:17:00.000,4832.055,4832.545,4831.605,4832.065,13320,0.0
20260420 22:18:00.000,4831.985,4832.785,4830.795,4830.835,11430,0.0
20260420 22:19:00.000,4830.785,4831.435,4830.335,4831.365,12360,0.0
20260420 22:20:00.000,4831.295,4832.595,4831.295,4831.955,9570,0.0
20260420 22:21:00.000,4831.895,4832.845,4831.365,4831.365,12270,0.0
20260420 22:22:00.000,4831.305,4831.635,4830.245,4830.355,8610,0.0
20260420 22:23:00.000,4830.405,4830.995,4829.975,4830.055,8730,0.0
20260420 22:24:00.000,4829.995,4831.675,4829.975,4830.955,11310,0.0
20260420 22:25:00.000,4830.925,4831.015,4830.445,4830.535,6180,0.0
20260420 22:26:00.000,4830.645,4832.255,4830.125,4830.285,9870,0.0
20260420 22:27:00.000,4830.235,4830.235,4828.545,4828.855,13890,0.0
20260420 22:28:00.000,4828.825,4829.635,4828.685,4829.075,9300,0.0
20260420 22:29:00.000,4829.105,4829.718,4828.275,4828.565,13020,0.0
20260420 22:30:00.000,4828.505,4828.765,4824.895,4825.325,22890,0.0
20260420 22:31:00.000,4825.355,4826.238,4824.925,4825.835,16200,0.0
20260420 22:32:00.000,4825.755,4826.555,4825.515,4825.815,11910,0.0
20260420 22:33:00.000,4825.865,4827.035,4825.695,4826.625,12360,0.0
20260420 22:34:00.000,4826.678,4827.875,4826.678,4827.505,10560,0.0
20260420 22:35:00.000,4827.545,4828.825,4827.545,4828.375,6840,0.0
20260420 22:36:00.000,4828.485,4830.485,4827.705,4830.085,12990,0.0
20260420 22:37:00.000,4830.165,4830.395,4828.085,4828.195,9360,0.0
20260420 22:38:00.000,4828.155,4830.035,4828.155,4829.635,9780,0.0
20260420 22:39:00.000,4829.685,4829.715,4828.325,4828.695,10470,0.0
20260420 22:40:00.000,4828.775,4830.175,4828.615,4829.365,13320,0.0
20260420 22:41:00.000,4829.445,4830.185,4828.895,4828.925,9300,0.0
20260420 22:42:00.000,4828.985,4830.365,4828.985,4829.905,11550,0.0
20260420 22:43:00.000,4830.025,4830.315,4829.598,4830.075,10680,0.0
20260420 22:44:00.000,4829.855,4830.785,4829.445,4830.465,12150,0.0
20260420 22:45:00.000,4830.315,4831.145,4830.265,4831.065,11190,0.0
20260420 22:46:00.000,4831.085,4831.545,4830.435,4830.585,9150,0.0
20260420 22:47:00.000,4830.515,4831.195,4830.315,4830.598,9330,0.0
20260420 22:48:00.000,4830.615,4831.225,4830.015,4831.185,9990,0.0
20260420 22:49:00.000,4831.185,4831.185,4829.175,4829.515,12630,0.0
20260420 22:50:00.000,4829.585,4829.775,4828.375,4829.415,13110,0.0
20260420 22:51:00.000,4829.385,4829.645,4828.685,4829.155,9210,0.0
20260420 22:52:00.000,4829.195,4829.705,4828.475,4828.485,11400,0.0
20260420 22:53:00.000,4828.285,4828.745,4827.225,4827.245,10830,0.0
20260420 22:54:00.000,4827.295,4827.925,4826.745,4827.255,8640,0.0
20260420 22:55:00.000,4827.345,4827.565,4826.285,4826.455,10110,0.0
20260420 22:56:00.000,4826.475,4826.645,4825.385,4826.645,12030,0.0
20260420 22:57:00.000,4826.395,4827.675,4825.075,4827.095,14340,0.0
20260420 22:58:00.000,4826.838,4826.848,4825.308,4826.098,27750,0.0
20260420 22:59:00.000,4826.098,4827.318,4825.658,4827.318,9840,0.0
20260420 23:00:00.000,4827.078,4831.338,4827.078,4829.598,45040,0.0
20260420 23:01:00.000,4829.598,4829.918,4827.578,4827.998,24340,0.0
20260420 23:02:00.000,4827.978,4827.978,4826.378,4826.998,20700,0.0
20260420 23:03:00.000,4826.778,4827.258,4826.078,4827.218,22050,0.0
20260420 23:04:00.000,4827.238,4827.278,4825.178,4825.978,27680,0.0
20260420 23:05:00.000,4826.178,4826.778,4825.978,4826.038,10560,0.0
20260420 23:06:00.000,4826.148,4826.558,4825.538,4825.638,15510,0.0
20260420 23:07:00.000,4825.638,4826.698,4824.905,4825.698,22330,0.0
20260420 23:08:00.000,4825.698,4825.758,4823.638,4823.838,25440,0.0
20260420 23:09:00.000,4823.878,4825.658,4823.738,4824.278,22020,0.0
20260420 23:10:00.000,4824.278,4825.855,4824.178,4825.795,9180,0.0
20260420 23:11:00.000,4825.845,4826.435,4824.975,4826.085,12300,0.0
20260420 23:12:00.000,4826.195,4826.195,4824.985,4825.335,6180,0.0
20260420 23:13:00.000,4825.295,4826.475,4825.065,4826.035,5610,0.0
20260420 23:14:00.000,4825.495,4826.525,4825.425,4825.675,9120,0.0
20260420 23:15:00.000,4825.645,4825.695,4824.525,4825.015,6000,0.0
20260420 23:16:00.000,4824.995,4825.075,4824.075,4824.165,6480,0.0
20260420 23:17:00.000,4824.135,4824.735,4823.925,4823.985,6360,0.0
20260420 23:18:00.000,4823.905,4824.365,4823.635,4824.205,7320,0.0
20260420 23:19:00.000,4823.895,4824.555,4823.825,4824.405,4650,0.0
20260420 23:20:00.000,4824.485,4825.165,4824.325,4824.995,5580,0.0
20260420 23:21:00.000,4825.125,4825.665,4824.765,4824.955,7440,0.0
20260420 23:22:00.000,4824.905,4825.275,4824.545,4825.235,4320,0.0
20260420 23:23:00.000,4825.235,4825.505,4824.875,4825.405,6450,0.0
20260420 23:24:00.000,4825.458,4825.995,4825.445,4825.685,5610,0.0
20260420 23:25:00.000,4825.725,4826.435,4825.365,4826.145,6150,0.0
20260420 23:26:00.000,4826.185,4826.725,4824.995,4824.995,6630,0.0
20260420 23:27:00.000,4825.165,4825.955,4824.995,4825.665,7260,0.0
20260420 23:28:00.000,4825.665,4825.775,4825.425,4825.575,3870,0.0
20260420 23:29:00.000,4825.575,4825.855,4825.445,4825.555,6330,0.0
20260420 23:30:00.000,4825.515,4825.515,4824.035,4824.385,9180,0.0
20260420 23:31:00.000,4824.365,4824.575,4823.415,4823.735,10710,0.0
20260420 23:32:00.000,4823.695,4824.685,4823.695,4824.035,7470,0.0
20260420 23:33:00.000,4823.718,4824.175,4823.718,4823.885,6690,0.0
20260420 23:34:00.000,4823.865,4823.915,4822.795,4823.665,10080,0.0
20260420 23:35:00.000,4823.645,4823.785,4822.635,4823.435,5730,0.0
20260420 23:36:00.000,4823.385,4823.795,4822.765,4823.795,7590,0.0
20260420 23:37:00.000,4823.785,4824.345,4823.775,4824.145,7530,0.0
20260420 23:38:00.000,4823.985,4824.645,4823.915,4824.625,4110,0.0
20260420 23:39:00.000,4824.695,4824.825,4823.195,4824.555,9420,0.0
20260420 23:40:00.000,4824.525,4824.615,4823.375,4823.815,6810,0.0
20260420 23:41:00.000,4824.078,4824.315,4823.485,4823.525,8460,0.0
20260420 23:42:00.000,4823.545,4824.555,4823.465,4823.465,10740,0.0
20260420 23:43:00.000,4823.175,4823.525,4822.955,4822.955,5370,0.0
20260420 23:44:00.000,4822.995,4823.855,4822.995,4823.845,5520,0.0
20260420 23:45:00.000,4823.995,4824.535,4822.115,4822.215,13890,0.0
20260420 23:46:00.000,4822.245,4822.275,4820.785,4820.795,7200,0.0
20260420 23:47:00.000,4820.835,4821.185,4820.265,4820.985,13920,0.0
20260420 23:48:00.000,4821.025,4821.085,4820.065,4820.065,5940,0.0
20260420 23:49:00.000,4820.095,4820.865,4820.025,4820.855,5040,0.0
20260420 23:50:00.000,4820.885,4821.235,4820.375,4821.165,7560,0.0
20260420 23:51:00.000,4821.155,4821.245,4819.875,4820.655,10680,0.0
20260420 23:52:00.000,4820.645,4820.995,4820.365,4820.965,5280,0.0
20260420 23:53:00.000,4820.935,4821.665,4820.935,4821.625,9570,0.0
20260420 23:54:00.000,4821.595,4821.595,4820.415,4820.505,9120,0.0
20260420 23:55:00.000,4820.435,4820.655,4819.675,4819.695,6450,0.0
20260420 23:56:00.000,4820.045,4820.265,4819.525,4820.145,8490,0.0
20260420 23:57:00.000,4820.125,4820.645,4819.815,4820.575,6960,0.0
20260420 23:58:00.000,4820.525,4821.135,4820.225,4820.225,6480,0.0
20260420 23:59:00.000,4820.278,4821.635,4820.278,4821.485,8640,0.0
20260421 00:00:00.000,4821.795,4824.275,4820.045,4824.085,27780,0.0
20260421 00:01:00.000,4824.115,4825.565,4822.798,4823.375,26400,0.0
20260421 00:02:00.000,4823.155,4825.105,4822.995,4823.175,18060,0.0
20260421 00:03:00.000,4823.255,4824.025,4822.858,4823.435,12690,0.0
20260421 00:04:00.000,4823.415,4824.615,4822.235,4824.315,24960,0.0
20260421 00:05:00.000,4824.205,4826.775,4824.175,4826.305,22200,0.0
20260421 00:06:00.000,4826.355,4828.085,4825.215,4825.625,22500,0.0
20260421 00:07:00.000,4825.595,4825.595,4824.045,4824.955,15240,0.0
20260421 00:08:00.000,4824.925,4826.615,4823.955,4826.425,22980,0.0
20260421 00:09:00.000,4826.395,4828.275,4825.665,4828.235,18480,0.0
20260421 00:10:00.000,4828.345,4829.235,4827.795,4828.645,19080,0.0
20260421 00:11:00.000,4828.595,4829.155,4827.535,4827.865,18600,0.0
20260421 00:12:00.000,4827.905,4828.605,4827.705,4828.255,18030,0.0
20260421 00:13:00.000,4828.225,4830.075,4827.835,4829.895,14700,0.0
20260421 00:14:00.000,4829.995,4830.565,4827.555,4828.415,14610,0.0
20260421 00:15:00.000,4828.035,4828.275,4826.185,4827.455,18480,0.0
20260421 00:16:00.000,4827.535,4829.055,4826.905,4829.055,12510,0.0
20260421 00:17:00.000,4829.085,4829.085,4826.305,4827.025,16920,0.0
20260421 00:18:00.000,4827.055,4827.415,4825.915,4827.405,14250,0.0
20260421 00:19:00.000,4827.385,4828.455,4827.315,4827.705,13560,0.0
20260421 00:20:00.000,4827.735,4828.595,4825.178,4826.115,18900,0.0
20260421 00:21:00.000,4826.165,4827.195,4825.355,4826.625,12510,0.0
20260421 00:22:00.000,4826.585,4827.915,4826.485,4827.835,16860,0.0
20260421 00:23:00.000,4827.675,4828.175,4827.265,4827.775,12390,0.0
20260421 00:24:00.000,4827.835,4828.025,4825.115,4825.365,13650,0.0
20260421 00:25:00.000,4825.365,4825.435,4821.215,4821.215,35220,0.0
20260421 00:26:00.000,4821.175,4821.325,4819.275,4820.785,27930,0.0
20260421 00:27:00.000,4820.855,4824.475,4820.375,4822.235,28020,0.0
20260421 00:28:00.000,4822.145,4822.915,4821.195,4822.255,20820,0.0
20260421 00:29:00.000,4822.165,4822.355,4819.275,4819.505,21180,0.0
20260421 00:30:00.000,4819.915,4820.555,4817.925,4818.895,27990,0.0
20260421 00:31:00.000,4818.775,4819.615,4818.135,4818.605,20700,0.0
20260421 00:32:00.000,4818.658,4818.955,4817.315,4817.715,22080,0.0
20260421 00:33:00.000,4817.855,4818.345,4816.815,4817.085,23370,0.0
20260421 00:34:00.000,4816.945,4818.035,4816.918,4817.745,13320,0.0
20260421 00:35:00.000,4817.715,4818.745,4817.645,4817.855,12480,0.0
20260421 00:36:00.000,4817.835,4818.235,4817.405,4817.665,16079,0.0
20260421 00:37:00.000,4817.965,4818.355,4816.575,4816.915,15990,0.0
20260421 00:38:00.000,4817.295,4820.125,4817.245,4819.955,17370,0.0
20260421 00:39:00.000,4819.955,4819.955,4819.015,4819.465,9270,0.0
20260421 00:40:00.000,4819.485,4821.365,4819.205,4821.345,16109,0.0
20260421 00:41:00.000,4821.375,4824.085,4821.345,4823.685,23520,0.0
20260421 00:42:00.000,4823.795,4824.665,4822.255,4824.335,16530,0.0
20260421 00:43:00.000,4824.395,4824.415,4822.595,4822.595,11640,0.0
20260421 00:44:00.000,4822.585,4822.755,4822.045,4822.445,10200,0.0
20260421 00:45:00.000,4822.525,4823.445,4822.215,4822.755,16650,0.0
20260421 00:46:00.000,4822.855,4823.295,4821.325,4821.935,18750,0.0
20260421 00:47:00.000,4822.018,4825.135,4821.355,4823.335,29640,0.0
20260421 00:48:00.000,4823.305,4825.825,4823.235,4825.515,25860,0.0
20260421 00:49:00.000,4825.475,4825.605,4824.355,4824.955,17250,0.0
20260421 00:50:00.000,4824.925,4825.325,4824.305,4824.775,13290,0.0
20260421 00:51:00.000,4824.745,4825.185,4824.085,4825.045,16140,0.0
20260421 00:52:00.000,4825.005,4825.005,4823.235,4823.325,17220,0.0
20260421 00:53:00.000,4823.275,4823.285,4822.295,4822.985,19620,0.0
20260421 00:54:00.000,4823.055,4824.585,4822.645,4823.815,19770,0.0
20260421 00:55:00.000,4823.835,4825.055,4823.695,4824.405,21510,0.0
20260421 00:56:00.000,4824.305,4825.775,4824.305,4825.385,15360,0.0
20260421 00:57:00.000,4825.405,4826.005,4824.855,4825.555,15210,0.0
20260421 00:58:00.000,4825.605,4825.605,4823.965,4824.925,19860,0.0
20260421 00:59:00.000,4824.905,4825.495,4823.245,4823.825,16140,0.0
20260421 01:00:00.000,4823.845,4824.485,4820.835,4821.745,38520,0.0
20260421 01:01:00.000,4821.835,4822.665,4820.235,4822.135,32370,0.0
20260421 01:02:00.000,4822.005,4822.055,4817.035,4818.475,35430,0.0
20260421 01:03:00.000,4818.445,4819.175,4817.455,4817.925,28260,0.0
20260421 01:04:00.000,4817.985,4818.745,4816.395,4818.205,33300,0.0
20260421 01:05:00.000,4818.005,4819.225,4816.885,4816.885,31560,0.0
20260421 01:06:00.000,4816.845,4818.185,4816.585,4816.995,28830,0.0
20260421 01:07:00.000,4817.065,4819.015,4817.065,4818.055,22050,0.0
20260421 01:08:00.000,4817.938,4820.045,4817.938,4818.985,24750,0.0
20260421 01:09:00.000,4818.955,4818.955,4817.495,4818.215,23400,0.0
20260421 01:10:00.000,4818.255,4818.695,4816.175,4817.635,19260,0.0
20260421 01:11:00.000,4817.705,4817.705,4814.245,4815.635,34470,0.0
20260421 01:12:00.000,4815.625,4815.835,4812.858,4812.865,29520,0.0
20260421 01:13:00.000,4812.895,4814.795,4812.825,4814.225,28740,0.0
20260421 01:14:00.000,4814.198,4816.045,4814.198,4814.545,30000,0.0
20260421 01:15:00.000,4814.575,4816.745,4814.345,4816.055,30270,0.0
20260421 01:16:00.000,4816.105,4816.275,4814.175,4814.755,22290,0.0
20260421 01:17:00.000,4814.795,4817.715,4814.795,4817.015,23610,0.0
20260421 01:18:00.000,4817.055,4817.675,4816.485,4816.975,17160,0.0
20260421 01:19:00.000,4816.885,4817.435,4816.035,4817.415,18600,0.0
20260421 01:20:00.000,4817.445,4817.825,4816.315,4816.835,25200,0.0
20260421 01:21:00.000,4816.875,4817.855,4816.745,4817.265,20070,0.0
20260421 01:22:00.000,4817.215,4817.505,4816.675,4817.095,19230,0.0
20260421 01:23:00.000,4817.025,4817.425,4814.785,4815.325,24000,0.0
20260421 01:24:00.000,4815.375,4816.965,4815.085,4816.795,21030,0.0
20260421 01:25:00.000,4816.845,4817.085,4815.465,4815.735,18090,0.0
20260421 01:26:00.000,4815.785,4816.665,4815.755,4816.355,17160,0.0
20260421 01:27:00.000,4816.295,4816.465,4814.585,4814.585,20940,0.0
20260421 01:28:00.000,4814.315,4817.215,4814.315,4817.105,17130,0.0
20260421 01:29:00.000,4817.145,4818.485,4817.028,4818.225,21180,0.0
20260421 01:30:00.000,4818.075,4818.115,4816.405,4816.635,25410,0.0
20260421 01:31:00.000,4816.685,4817.505,4816.405,4816.585,27990,0.0
20260421 01:32:00.000,4816.505,4816.695,4815.625,4816.475,23760,0.0
20260421 01:33:00.000,4816.405,4818.635,4816.405,4817.935,22920,0.0
20260421 01:34:00.000,4817.905,4818.335,4817.315,4817.685,15629,0.0
20260421 01:35:00.000,4817.715,4817.805,4817.065,4817.455,16560,0.0
20260421 01:36:00.000,4817.425,4818.655,4817.425,4817.975,19710,0.0
20260421 01:37:00.000,4818.005,4818.375,4814.995,4815.785,20490,0.0
20260421 01:38:00.000,4815.815,4815.815,4814.435,4814.545,15480,0.0
20260421 01:39:00.000,4814.595,4814.595,4812.595,4813.065,26580,0.0
20260421 01:40:00.000,4812.955,4813.455,4809.885,4810.925,34860,0.0
20260421 01:41:00.000,4810.975,4811.875,4808.945,4811.755,29550,0.0
20260421 01:42:00.000,4811.955,4812.625,4810.315,4810.745,20250,0.0
20260421 01:43:00.000,4810.955,4812.335,4810.635,4810.875,20490,0.0
20260421 01:44:00.000,4810.895,4813.455,4810.745,4813.195,19650,0.0
20260421 01:45:00.000,4813.215,4813.815,4813.178,4813.455,15450,0.0
20260421 01:46:00.000,4813.485,4813.485,4811.808,4812.855,18300,0.0
20260421 01:47:00.000,4812.875,4813.275,4810.085,4810.185,23640,0.0
20260421 01:48:00.000,4810.215,4811.695,4810.085,4811.355,22680,0.0
20260421 01:49:00.000,4811.375,4812.585,4810.345,4812.075,17790,0.0
20260421 01:50:00.000,4812.325,4812.688,4810.705,4812.175,29070,0.0
20260421 01:51:00.000,4812.075,4812.255,4810.388,4811.465,29280,0.0
20260421 01:52:00.000,4811.485,4812.445,4810.835,4812.205,24600,0.0
20260421 01:53:00.000,4812.155,4812.155,4809.295,4809.595,26010,0.0
20260421 01:54:00.000,4809.625,4809.675,4808.485,4809.255,49890,0.0
20260421 01:55:00.000,4809.305,4809.735,4805.365,4807.705,38910,0.0
20260421 01:56:00.000,4807.735,4808.845,4807.535,4808.565,21900,0.0
20260421 01:57:00.000,4808.605,4810.085,4807.595,4807.765,28920,0.0
20260421 01:58:00.000,4808.028,4809.135,4807.855,4809.115,22050,0.0
20260421 01:59:00.000,4809.135,4810.238,4808.865,4809.798,34500,0.0
20260421 02:00:00.000,4809.805,4810.065,4807.708,4809.625,34860,0.0
20260421 02:01:00.000,4809.555,4809.715,4807.265,4807.685,26460,0.0
20260421 02:02:00.000,4807.705,4809.198,4807.435,4808.698,25290,0.0
20260421 02:03:00.000,4808.698,4809.025,4807.325,4807.325,21780,0.0
20260421 02:04:00.000,4807.175,4807.715,4806.365,4806.765,23280,0.0
20260421 02:05:00.000,4806.745,4808.085,4806.575,4807.705,21570,0.0
20260421 02:06:00.000,4807.725,4808.695,4807.725,4808.595,18450,0.0
20260421 02:07:00.000,4808.535,4810.115,4807.895,4808.015,28110,0.0
20260421 02:08:00.000,4808.075,4808.115,4806.385,4807.275,29970,0.0
20260421 02:09:00.000,4807.215,4808.945,4807.215,4808.045,18990,0.0
20260421 02:10:00.000,4808.095,4809.415,4808.035,4808.565,14310,0.0
20260421 02:11:00.000,4808.595,4809.025,4807.215,4807.215,22050,0.0
20260421 02:12:00.000,4807.198,4808.825,4806.335,4807.315,32130,0.0
20260421 02:13:00.000,4807.355,4807.685,4806.245,4806.835,20190,0.0
20260421 02:14:00.000,4806.875,4807.175,4805.715,4806.895,23100,0.0
20260421 02:15:00.000,4806.945,4807.635,4806.065,4806.515,14220,0.0
20260421 02:16:00.000,4806.495,4808.445,4806.495,4807.995,9480,0.0
20260421 02:17:00.000,4808.025,4808.425,4807.505,4807.545,8070,0.0
20260421 02:18:00.000,4807.565,4807.785,4807.145,4807.415,7200,0.0
20260421 02:19:00.000,4807.305,4807.765,4806.865,4806.895,6750,0.0
20260421 02:20:00.000,4806.855,4807.085,4804.805,4804.855,13440,0.0
20260421 02:21:00.000,4804.885,4805.055,4803.365,4804.415,21300,0.0
20260421 02:22:00.000,4804.395,4804.695,4803.885,4804.575,16170,0.0
20260421 02:23:00.000,4804.595,4806.455,4804.565,4806.205,9570,0.0
20260421 02:24:00.000,4806.195,4806.625,4805.665,4805.755,8670,0.0
20260421 02:25:00.000,4805.725,4806.445,4805.195,4806.445,9550,0.0
20260421 02:26:00.000,4806.415,4807.005,4806.405,4806.895,13180,0.0
20260421 02:27:00.000,4806.965,4807.735,4806.965,4807.565,11040,0.0
20260421 02:28:00.000,4807.585,4808.425,4807.585,4808.185,10920,0.0
20260421 02:29:00.000,4808.135,4808.135,4806.775,4807.325,15830,0.0
20260421 02:30:00.000,4807.275,4807.485,4803.645,4803.675,34060,0.0
20260421 02:31:00.000,4803.725,4804.305,4802.225,4803.285,28110,0.0
20260421 02:32:00.000,4803.265,4804.785,4803.085,4804.685,24310,0.0
20260421 02:33:00.000,4804.645,4804.645,4802.605,4803.175,22870,0.0
20260421 02:34:00.000,4803.245,4803.945,4802.415,4803.345,26580,0.0
20260421 02:35:00.000,4803.375,4805.355,4803.245,4804.875,20010,0.0
20260421 02:36:00.000,4804.785,4804.785,4802.525,4803.855,23400,0.0
20260421 02:37:00.000,4803.785,4804.775,4803.635,4804.465,17400,0.0
20260421 02:38:00.000,4804.725,4804.995,4802.705,4804.005,16740,0.0
20260421 02:39:00.000,4804.015,4806.145,4803.975,4805.965,13320,0.0
20260421 02:40:00.000,4805.955,4806.955,4805.955,4806.505,16260,0.0
20260421 02:41:00.000,4806.565,4806.855,4805.405,4805.675,14460,0.0
20260421 02:42:00.000,4805.735,4806.395,4804.898,4806.325,13500,0.0
20260421 02:43:00.000,4806.145,4806.495,4805.475,4806.475,11910,0.0
20260421 02:44:00.000,4806.495,4806.695,4805.735,4806.255,12240,0.0
20260421 02:45:00.000,4806.225,4806.855,4805.785,4806.615,15629,0.0
20260421 02:46:00.000,4806.655,4807.125,4806.495,4806.685,9060,0.0
20260421 02:47:00.000,4806.605,4806.905,4803.915,4804.205,21360,0.0
20260421 02:48:00.000,4804.055,4806.185,4803.665,4805.045,23730,0.0
20260421 02:49:00.000,4804.965,4805.135,4802.115,4803.645,24300,0.0
20260421 02:50:00.000,4803.575,4804.865,4803.275,4804.865,22740,0.0
20260421 02:51:00.000,4805.155,4805.555,4804.455,4804.695,20160,0.0
20260421 02:52:00.000,4804.655,4805.305,4804.385,4804.685,15060,0.0
20260421 02:53:00.000,4804.495,4805.355,4804.145,4805.235,15000,0.0
20260421 02:54:00.000,4805.205,4807.045,4804.785,4806.405,19410,0.0
20260421 02:55:00.000,4806.355,4807.435,4806.265,4807.345,16650,0.0
20260421 02:56:00.000,4807.155,4807.345,4806.295,4806.565,15210,0.0
20260421 02:57:00.000,4806.515,4807.165,4805.945,4807.045,15629,0.0
20260421 02:58:00.000,4807.085,4807.805,4807.005,4807.705,15510,0.0
20260421 02:59:00.000,4807.565,4807.605,4806.565,4806.595,17220,0.0
20260421 03:00:00.000,4806.645,4807.555,4804.925,4805.325,28380,0.0
20260421 03:01:00.000,4805.265,4805.945,4804.835,4805.505,21390,0.0
20260421 03:02:00.000,4805.485,4806.435,4805.375,4806.035,18240,0.0
20260421 03:03:00.000,4805.925,4806.195,4804.975,4806.125,18870,0.0
20260421 03:04:00.000,4806.145,4807.215,4805.905,4807.215,18900,0.0
20260421 03:05:00.000,4807.195,4807.495,4803.995,4804.625,24030,0.0
20260421 03:06:00.000,4804.545,4805.585,4804.165,4804.525,16920,0.0
20260421 03:07:00.000,4804.585,4805.195,4803.895,4804.885,17850,0.0
20260421 03:08:00.000,4804.865,4804.875,4801.855,4802.775,27690,0.0
20260421 03:09:00.000,4802.835,4803.435,4802.795,4803.175,19980,0.0
20260421 03:10:00.000,4803.155,4803.885,4802.325,4802.345,18330,0.0
20260421 03:11:00.000,4802.255,4802.575,4801.185,4802.325,23910,0.0
20260421 03:12:00.000,4802.365,4802.505,4800.565,4800.905,27390,0.0
20260421 03:13:00.000,4800.915,4801.665,4800.235,4801.395,20670,0.0
20260421 03:14:00.000,4801.315,4801.615,4800.015,4800.245,15960,0.0
20260421 03:15:00.000,4800.295,4802.025,4800.295,4800.845,19920,0.0
20260421 03:16:00.000,4800.805,4801.505,4799.815,4800.885,22920,0.0
20260421 03:17:00.000,4800.925,4801.785,4800.815,4800.835,13320,0.0
20260421 03:18:00.000,4800.775,4801.045,4797.358,4798.215,28270,0.0
20260421 03:19:00.000,4798.298,4798.378,4796.338,4797.305,41070,0.0
20260421 03:20:00.000,4797.345,4799.255,4797.015,4799.015,18090,0.0
20260421 03:21:00.000,4798.935,4798.935,4796.738,4797.178,26610,0.0
20260421 03:22:00.000,4797.175,4797.438,4795.285,4795.915,30390,0.0
20260421 03:23:00.000,4795.935,4796.985,4795.555,4795.555,27150,0.0
20260421 03:24:00.000,4795.665,4795.925,4794.085,4794.085,25200,0.0
20260421 03:25:00.000,4794.105,4794.395,4793.335,4794.218,20160,0.0
20260421 03:26:00.000,4794.285,4796.435,4794.285,4795.818,27810,0.0
20260421 03:27:00.000,4795.818,4797.715,4795.818,4797.245,24390,0.0
20260421 03:28:00.000,4797.235,4798.835,4797.105,4798.265,23340,0.0
20260421 03:29:00.000,4798.305,4798.518,4797.588,4798.385,42090,0.0
20260421 03:30:00.000,4798.325,4799.345,4798.278,4798.895,21930,0.0
20260421 03:31:00.000,4798.878,4799.645,4798.755,4799.035,17520,0.0
20260421 03:32:00.000,4799.085,4799.625,4797.865,4798.605,21120,0.0
20260421 03:33:00.000,4798.655,4799.245,4797.525,4797.935,25320,0.0
20260421 03:34:00.000,4797.965,4798.695,4797.485,4798.315,19170,0.0
20260421 03:35:00.000,4798.435,4798.875,4797.545,4798.085,20010,0.0
20260421 03:36:00.000,4798.065,4798.085,4796.555,4797.325,20670,0.0
20260421 03:37:00.000,4797.355,4797.685,4796.025,4796.515,16560,0.0
20260421 03:38:00.000,4796.545,4796.675,4794.585,4795.145,21210,0.0
20260421 03:39:00.000,4795.535,4795.825,4793.705,4794.505,19200,0.0
20260421 03:40:00.000,4794.485,4794.775,4793.785,4794.725,15869,0.0
20260421 03:41:00.000,4794.635,4794.778,4792.958,4793.185,15180,0.0
20260421 03:42:00.000,4793.095,4793.695,4792.345,4793.195,20280,0.0
20260421 03:43:00.000,4793.155,4793.485,4792.385,4792.775,13560,0.0
20260421 03:44:00.000,4792.805,4794.795,4792.585,4794.795,16230,0.0
20260421 03:45:00.000,4794.765,4795.315,4794.065,4794.345,13080,0.0
20260421 03:46:00.000,4794.265,4794.695,4793.445,4794.385,12000,0.0
20260421 03:47:00.000,4794.415,4795.215,4794.155,4794.775,10320,0.0
20260421 03:48:00.000,4794.845,4795.125,4794.565,4795.075,10680,0.0
20260421 03:49:00.000,4795.105,4795.355,4794.298,4795.025,13920,0.0
20260421 03:50:00.000,4795.058,4795.395,4794.375,4794.565,9240,0.0
20260421 03:51:00.000,4794.505,4796.865,4794.498,4796.775,14220,0.0
20260421 03:52:00.000,4796.795,4796.795,4796.075,4796.585,8400,0.0
20260421 03:53:00.000,4796.525,4796.815,4796.255,4796.345,8430,0.0
20260421 03:54:00.000,4796.405,4796.495,4794.985,4795.065,12480,0.0
20260421 03:55:00.000,4795.165,4796.425,4794.655,4796.145,11130,0.0
20260421 03:56:00.000,4796.105,4796.855,4795.895,4795.935,14160,0.0
20260421 03:57:00.000,4795.845,4796.525,4795.565,4796.225,11670,0.0
20260421 03:58:00.000,4796.255,4797.325,4795.845,4797.145,10440,0.0
20260421 03:59:00.000,4797.165,4797.585,4796.865,4796.945,9360,0.0
20260421 04:00:00.000,4797.155,4797.385,4796.895,4796.958,9990,0.0
20260421 04:01:00.000,4796.958,4797.525,4796.935,4797.178,10200,0.0
20260421 04:02:00.000,4797.235,4797.395,4796.355,4796.745,9810,0.0
20260421 04:03:00.000,4796.655,4797.495,4796.655,4797.225,7800,0.0
20260421 04:04:00.000,4797.265,4797.645,4796.865,4797.315,5880,0.0
20260421 04:05:00.000,4797.285,4797.675,4795.958,4796.315,12480,0.0
20260421 04:06:00.000,4796.275,4796.755,4795.455,4796.535,10920,0.0
20260421 04:07:00.000,4796.435,4796.555,4794.258,4794.438,14880,0.0
20260421 04:08:00.000,4794.438,4794.945,4794.018,4794.118,14790,0.0
20260421 04:09:00.000,4794.098,4794.535,4793.665,4794.065,19560,0.0
20260421 04:10:00.000,4794.115,4795.355,4793.678,4793.678,15960,0.0
20260421 04:11:00.000,4793.678,4794.495,4793.678,4794.415,9360,0.0
20260421 04:12:00.000,4794.418,4794.955,4793.855,4794.665,7200,0.0
20260421 04:13:00.000,4794.685,4794.725,4794.085,4794.085,9600,0.0
20260421 04:14:00.000,4794.105,4794.365,4793.318,4793.778,11280,0.0
20260421 04:15:00.000,4793.758,4794.645,4791.878,4794.335,21000,0.0
20260421 04:16:00.000,4794.385,4795.358,4793.658,4794.125,24270,0.0
20260421 04:17:00.000,4794.105,4796.365,4794.105,4795.225,19590,0.0
20260421 04:18:00.000,4795.255,4795.795,4795.015,4795.425,11430,0.0
20260421 04:19:00.000,4795.455,4795.655,4792.755,4792.785,15570,0.0
20260421 04:20:00.000,4792.875,4794.505,4792.575,4794.355,12240,0.0
20260421 04:21:00.000,4794.285,4794.805,4793.805,4794.705,9630,0.0
20260421 04:22:00.000,4794.765,4794.945,4793.345,4793.405,8250,0.0
20260421 04:23:00.000,4793.455,4793.515,4792.625,4793.055,9510,0.0
20260421 04:24:00.000,4793.095,4793.095,4790.928,4791.975,14760,0.0
20260421 04:25:00.000,4792.215,4793.715,4792.215,4793.655,15360,0.0
20260421 04:26:00.000,4793.695,4793.785,4791.635,4791.935,13890,0.0
20260421 04:27:00.000,4791.915,4794.655,4791.665,4794.485,15960,0.0
20260421 04:28:00.000,4794.515,4794.985,4792.675,4792.885,11580,0.0
20260421 04:29:00.000,4792.965,4793.055,4791.368,4791.875,20160,0.0
20260421 04:30:00.000,4791.835,4791.965,4790.195,4790.195,14250,0.0
20260421 04:31:00.000,4790.255,4790.505,4789.395,4790.175,16319,0.0
20260421 04:32:00.000,4790.165,4791.455,4789.995,4791.455,10080,0.0
20260421 04:33:00.000,4791.395,4791.895,4791.065,4791.665,8400,0.0
20260421 04:34:00.000,4791.695,4792.685,4791.615,4791.835,11640,0.0
20260421 04:35:00.000,4791.945,4792.645,4791.755,4792.225,10800,0.0
20260421 04:36:00.000,4792.265,4792.855,4791.978,4792.685,6480,0.0
20260421 04:37:00.000,4792.605,4792.995,4792.375,4792.375,7170,0.0
20260421 04:38:00.000,4792.595,4792.845,4791.885,4792.595,11640,0.0
20260421 04:39:00.000,4792.865,4793.165,4792.465,4792.805,8820,0.0
20260421 04:40:00.000,4792.855,4793.375,4792.485,4793.335,8310,0.0
20260421 04:41:00.000,4793.385,4793.815,4792.555,4792.975,11040,0.0
20260421 04:42:00.000,4792.945,4793.815,4792.655,4793.385,10560,0.0
20260421 04:43:00.000,4793.435,4794.105,4792.125,4792.155,14520,0.0
20260421 04:44:00.000,4792.185,4792.185,4790.878,4791.385,10800,0.0
20260421 04:45:00.000,4791.405,4792.595,4791.375,4792.535,11160,0.0
20260421 04:46:00.000,4792.475,4792.558,4792.025,4792.445,6240,0.0
20260421 04:47:00.000,4792.195,4793.265,4791.945,4791.965,5280,0.0
20260421 04:48:00.000,4791.995,4792.025,4789.378,4789.425,15840,0.0
20260421 04:49:00.000,4789.395,4790.105,4789.385,4789.435,11520,0.0
20260421 04:50:00.000,4789.475,4790.585,4788.825,4790.045,13140,0.0
20260421 04:51:00.000,4790.045,4790.655,4789.665,4790.095,9450,0.0
20260421 04:52:00.000,4790.115,4790.725,4789.435,4789.515,10830,0.0
20260421 04:53:00.000,4789.485,4790.615,4789.295,4789.295,11700,0.0
20260421 04:54:00.000,4789.315,4789.905,4789.295,4789.585,7740,0.0
20260421 04:55:00.000,4789.605,4789.855,4788.465,4788.845,11070,0.0
20260421 04:56:00.000,4788.845,4789.815,4788.555,4789.615,9720,0.0
20260421 04:57:00.000,4789.665,4791.445,4789.465,4791.295,15629,0.0
20260421 04:58:00.000,4790.665,4791.185,4789.515,4789.955,11940,0.0
20260421 04:59:00.000,4789.975,4790.885,4788.705,4788.765,10890,0.0
20260421 05:00:00.000,4789.055,4789.125,4786.465,4786.605,24900,0.0
20260421 05:01:00.000,4786.575,4788.525,4785.925,4786.395,26580,0.0
20260421 05:02:00.000,4786.365,4788.665,4786.295,4787.585,18510,0.0
20260421 05:03:00.000,4787.565,4787.735,4785.675,4786.395,21210,0.0
20260421 05:04:00.000,4786.345,4790.835,4786.345,4790.835,25650,0.0
20260421 05:05:00.000,4790.795,4792.265,4790.645,4792.265,29070,0.0
20260421 05:06:00.000,4792.215,4792.835,4789.915,4790.595,28650,0.0
20260421 05:07:00.000,4790.575,4790.575,4789.515,4790.265,15390,0.0
20260421 05:08:00.000,4790.245,4790.955,4789.455,4790.315,15510,0.0
20260421 05:09:00.000,4790.425,4790.835,4789.495,4789.695,14010,0.0
20260421 05:10:00.000,4789.765,4790.185,4789.235,4789.705,13470,0.0
20260421 05:11:00.000,4789.765,4790.215,4788.975,4788.975,9990,0.0
20260421 05:12:00.000,4789.055,4789.055,4787.665,4787.665,14280,0.0
20260421 05:13:00.000,4787.535,4788.695,4787.375,4788.515,11070,0.0
20260421 05:14:00.000,4788.785,4789.615,4788.435,4789.375,11850,0.0
20260421 05:15:00.000,4789.405,4789.945,4788.895,4789.785,14700,0.0
20260421 05:16:00.000,4789.705,4789.825,4789.235,4789.275,14010,0.0
20260421 05:17:00.000,4789.305,4791.135,4788.555,4791.135,17550,0.0
20260421 05:18:00.000,4791.105,4791.105,4789.635,4790.545,10620,0.0
20260421 05:19:00.000,4790.565,4790.785,4788.695,4788.695,11460,0.0
20260421 05:20:00.000,4788.725,4789.325,4788.175,4788.215,12360,0.0
20260421 05:21:00.000,4788.245,4789.565,4788.148,4789.045,12150,0.0
20260421 05:22:00.000,4789.015,4789.875,4788.925,4789.765,11640,0.0
20260421 05:23:00.000,4789.795,4789.795,4786.325,4786.625,17400,0.0
20260421 05:24:00.000,4786.685,4789.215,4786.345,4789.215,16890,0.0
20260421 05:25:00.000,4789.265,4790.625,4787.825,4789.745,17160,0.0
20260421 05:26:00.000,4789.695,4789.945,4788.555,4788.615,17640,0.0
20260421 05:27:00.000,4788.685,4788.685,4786.995,4787.035,12810,0.0
20260421 05:28:00.000,4786.975,4787.265,4785.835,4786.425,16140,0.0
20260421 05:29:00.000,4786.075,4788.025,4785.545,4787.385,16800,0.0
20260421 05:30:00.000,4787.365,4791.325,4786.565,4790.435,48060,0.0
20260421 05:31:00.000,4790.455,4791.915,4789.535,4790.485,38910,0.0
20260421 05:32:00.000,4790.555,4791.545,4789.025,4789.125,32340,0.0
20260421 05:33:00.000,4789.155,4792.345,4789.095,4792.125,30450,0.0
20260421 05:34:00.000,4792.185,4792.675,4790.695,4791.775,24060,0.0
20260421 05:35:00.000,4791.735,4794.005,4790.765,4793.265,24990,0.0
20260421 05:36:00.000,4793.235,4795.185,4793.135,4795.115,22830,0.0
20260421 05:37:00.000,4795.115,4795.755,4794.035,4795.585,27180,0.0
20260421 05:38:00.000,4795.585,4796.535,4795.058,4795.255,29190,0.0
20260421 05:39:00.000,4795.275,4795.865,4794.558,4795.655,22770,0.0
20260421 05:40:00.000,4795.605,4796.275,4795.055,4796.155,22800,0.0
20260421 05:41:00.000,4796.135,4796.725,4794.685,4795.055,24780,0.0
20260421 05:42:00.000,4795.075,4795.505,4795.035,4795.115,13410,0.0
20260421 05:43:00.000,4795.275,4796.635,4795.275,4795.975,16950,0.0
20260421 05:44:00.000,4796.095,4796.525,4795.205,4796.115,21750,0.0
20260421 05:45:00.000,4796.155,4796.415,4794.705,4795.165,20040,0.0
20260421 05:46:00.000,4795.135,4795.395,4793.618,4793.618,24840,0.0
20260421 05:47:00.000,4793.568,4793.945,4792.495,4792.585,26180,0.0
20260421 05:48:00.000,4792.645,4792.945,4791.535,4791.805,24720,0.0
20260421 05:49:00.000,4791.745,4791.935,4790.225,4790.345,29490,0.0
20260421 05:50:00.000,4790.295,4790.525,4786.958,4789.855,43530,0.0
20260421 05:51:00.000,4789.835,4790.585,4785.985,4786.295,34320,0.0
20260421 05:52:00.000,4786.325,4787.355,4782.785,4785.655,37920,0.0
20260421 05:53:00.000,4785.685,4787.715,4785.685,4787.065,36900,0.0
20260421 05:54:00.000,4787.085,4787.945,4786.365,4787.525,26280,0.0
20260421 05:55:00.000,4787.545,4788.225,4784.835,4785.705,34170,0.0
20260421 05:56:00.000,4785.745,4785.815,4783.515,4785.255,29760,0.0
20260421 05:57:00.000,4785.315,4787.635,4784.825,4785.915,25410,0.0
20260421 05:58:00.000,4785.945,4786.555,4784.435,4785.185,23310,0.0
20260421 05:59:00.000,4785.165,4785.765,4783.515,4783.925,23430,0.0
20260421 06:00:00.000,4783.945,4785.325,4777.475,4782.985,59790,0.0
20260421 06:01:00.000,4783.025,4783.105,4779.125,4779.195,39180,0.0
20260421 06:02:00.000,4779.315,4780.415,4775.735,4775.945,36150,0.0
20260421 06:03:00.000,4775.985,4779.485,4775.365,4779.095,43350,0.0
20260421 06:04:00.000,4779.125,4782.995,4779.125,4782.515,39000,0.0
20260421 06:05:00.000,4782.555,4782.675,4779.565,4779.995,30030,0.0
20260421 06:06:00.000,4779.995,4782.555,4779.535,4781.605,29430,0.0
20260421 06:07:00.000,4781.575,4783.105,4781.235,4782.855,22830,0.0
20260421 06:08:00.000,4782.815,4784.815,4782.455,4784.725,26400,0.0
20260421 06:09:00.000,4784.695,4787.425,4784.695,4787.315,31230,0.0
20260421 06:10:00.000,4787.295,4788.975,4787.145,4788.085,29430,0.0
20260421 06:11:00.000,4788.115,4790.515,4787.225,4790.515,28710,0.0
20260421 06:12:00.000,4790.515,4790.535,4786.565,4786.595,32100,0.0
20260421 06:13:00.000,4786.565,4786.695,4783.955,4784.035,28110,0.0
20260421 06:14:00.000,4784.135,4785.265,4783.985,4784.845,24330,0.0
20260421 06:15:00.000,4784.835,4785.815,4784.255,4784.525,27420,0.0
20260421 06:16:00.000,4784.425,4784.465,4781.695,4782.505,25170,0.0
20260421 06:17:00.000,4782.525,4784.775,4782.095,4784.315,40860,0.0
20260421 06:18:00.000,4784.255,4784.295,4782.055,4782.505,35430,0.0
20260421 06:19:00.000,4782.455,4782.455,4779.145,4780.385,30990,0.0
20260421 06:20:00.000,4780.335,4780.335,4776.885,4777.195,38670,0.0
20260421 06:21:00.000,4777.245,4781.045,4777.215,4781.005,34740,0.0
20260421 06:22:00.000,4781.035,4781.985,4779.365,4780.075,39060,0.0
20260421 06:23:00.000,4780.115,4783.295,4780.115,4783.065,25830,0.0
20260421 06:24:00.000,4783.035,4783.125,4781.285,4781.315,22920,0.0
20260421 06:25:00.000,4781.205,4781.205,4778.565,4778.565,23640,0.0
20260421 06:26:00.000,4778.635,4778.945,4777.035,4777.115,29070,0.0
20260421 06:27:00.000,4777.135,4778.945,4777.035,4778.915,32490,0.0
20260421 06:28:00.000,4778.835,4779.625,4777.115,4777.445,28270,0.0
20260421 06:29:00.000,4777.475,4778.605,4775.575,4778.555,43590,0.0
20260421 06:30:00.000,4778.615,4779.415,4777.435,4777.815,41190,0.0
20260421 06:31:00.000,4777.785,4780.935,4776.895,4780.755,38400,0.0
20260421 06:32:00.000,4780.755,4781.955,4779.785,4781.835,36510,0.0
20260421 06:33:00.000,4781.805,4782.245,4779.765,4779.845,32219,0.0
20260421 06:34:00.000,4779.845,4781.015,4778.135,4778.305,29460,0.0
20260421 06:35:00.000,4778.325,4779.545,4777.265,4778.535,38550,0.0
20260421 06:36:00.000,4778.558,4779.035,4777.125,4778.285,35220,0.0
20260421 06:37:00.000,4778.255,4778.255,4775.815,4777.125,42630,0.0
20260421 06:38:00.000,4777.125,4778.255,4777.105,4777.625,29610,0.0
20260421 06:39:00.000,4777.575,4779.895,4777.575,4778.135,35850,0.0
20260421 06:40:00.000,4778.135,4778.135,4776.418,4777.425,30750,0.0
20260421 06:41:00.000,4777.365,4778.225,4777.038,4778.085,34290,0.0
20260421 06:42:00.000,4778.085,4779.965,4778.085,4778.765,26430,0.0
20260421 06:43:00.000,4778.925,4778.945,4777.818,4778.255,22950,0.0
20260421 06:44:00.000,4778.255,4780.845,4778.225,4780.175,41310,0.0
20260421 06:45:00.000,4780.125,4781.375,4779.565,4781.115,31200,0.0
20260421 06:46:00.000,4781.115,4782.825,4780.855,4782.415,30720,0.0
20260421 06:47:00.000,4782.415,4783.245,4779.875,4779.925,29760,0.0
20260421 06:48:00.000,4779.985,4780.725,4776.745,4777.155,35370,0.0
20260421 06:49:00.000,4777.245,4778.825,4776.515,4777.585,37530,0.0
20260421 06:50:00.000,4777.555,4778.295,4775.915,4777.945,43950,0.0
20260421 06:51:00.000,4777.925,4778.095,4774.855,4774.885,40020,0.0
20260421 06:52:00.000,4774.915,4775.758,4774.298,4775.218,46980,0.0
20260421 06:53:00.000,4775.478,4777.705,4775.308,4776.798,35550,0.0
20260421 06:54:00.000,4776.798,4777.275,4776.158,4776.175,26370,0.0
20260421 06:55:00.000,4776.145,4778.455,4775.798,4778.455,35580,0.0
20260421 06:56:00.000,4778.435,4779.185,4778.165,4778.755,28800,0.0
20260421 06:57:00.000,4778.795,4779.325,4778.085,4778.965,28410,0.0
20260421 06:58:00.000,4778.965,4779.655,4778.025,4778.055,31200,0.0
20260421 06:59:00.000,4778.325,4779.015,4777.925,4778.535,41910,0.0
20260421 07:00:00.000,4778.065,4778.345,4776.525,4778.235,49170,0.0
20260421 07:01:00.000,4778.235,4779.425,4777.985,4778.125,41160,0.0
20260421 07:02:00.000,4778.125,4778.185,4772.395,4774.185,54270,0.0
20260421 07:03:00.000,4774.165,4775.965,4773.295,4774.465,43110,0.0
20260421 07:04:00.000,4774.435,4775.995,4773.795,4774.445,43500,0.0
20260421 07:05:00.000,4774.445,4777.335,4774.178,4777.175,42810,0.0
20260421 07:06:00.000,4777.145,4779.485,4777.125,4778.845,42280,0.0
20260421 07:07:00.000,4778.855,4778.978,4777.378,4778.018,30630,0.0
20260421 07:08:00.000,4777.955,4779.218,4777.678,4778.958,30060,0.0
20260421 07:09:00.000,4778.925,4781.085,4778.145,4780.938,35220,0.0
20260421 07:10:00.000,4780.938,4784.758,4780.278,4783.378,64090,0.0
20260421 07:11:00.000,4783.378,4784.818,4783.045,4783.858,45300,0.0
20260421 07:12:00.000,4783.798,4784.918,4783.685,4784.738,39320,0.0
20260421 07:13:00.000,4784.758,4785.438,4783.818,4784.178,32610,0.0
20260421 07:14:00.000,4784.178,4784.278,4782.058,4782.358,46120,0.0
20260421 07:15:00.000,4782.838,4787.185,4782.598,4786.748,95850,0.0
20260421 07:16:00.000,4786.758,4787.248,4784.608,4784.918,93460,0.0
20260421 07:17:00.000,4784.845,4785.125,4783.608,4785.125,37010,0.0
20260421 07:18:00.000,4785.225,4786.188,4783.398,4783.925,38010,0.0
20260421 07:19:00.000,4783.875,4784.475,4783.585,4784.065,25980,0.0
20260421 07:20:00.000,4784.045,4784.045,4783.068,4783.498,20650,0.0
20260421 07:21:00.000,4783.405,4784.098,4780.525,4781.085,44490,0.0
20260421 07:22:00.000,4781.085,4781.935,4780.085,4781.465,33000,0.0
20260421 07:23:00.000,4781.518,4781.798,4780.098,4781.298,24740,0.0
20260421 07:24:00.000,4781.298,4783.398,4781.098,4783.325,25880,0.0
20260421 07:25:00.000,4783.398,4783.778,4782.738,4783.565,28890,0.0
20260421 07:26:00.000,4783.565,4785.165,4783.445,4784.725,29080,0.0
20260421 07:27:00.000,4784.755,4785.235,4783.835,4784.405,27920,0.0
20260421 07:28:00.000,4784.355,4784.488,4782.145,4782.605,23220,0.0
20260421 07:29:00.000,4782.555,4783.395,4782.305,4783.165,26040,0.0
20260421 07:30:00.000,4783.165,4784.545,4782.905,4782.965,32639,0.0
20260421 07:31:00.000,4782.965,4782.975,4781.565,4782.475,27030,0.0
20260421 07:32:00.000,4782.475,4782.845,4780.908,4781.208,39140,0.0
20260421 07:33:00.000,4781.208,4782.118,4780.898,4781.838,59000,0.0
20260421 07:34:00.000,4781.828,4782.248,4781.128,4781.298,41750,0.0
20260421 07:35:00.000,4781.228,4782.498,4781.215,4782.498,48260,0.0
20260421 07:36:00.000,4782.398,4783.998,4782.065,4783.705,34690,0.0
20260421 07:37:00.000,4783.738,4783.808,4782.798,4782.838,39110,0.0
20260421 07:38:00.000,4782.818,4782.818,4781.428,4782.408,38660,0.0
20260421 07:39:00.000,4782.398,4782.938,4781.355,4781.405,30440,0.0
20260421 07:40:00.000,4781.418,4782.148,4780.498,4781.145,37360,0.0
20260421 07:41:00.000,4781.155,4782.025,4780.458,4781.965,27700,0.0
20260421 07:42:00.000,4781.965,4784.675,4781.538,4784.405,29990,0.0
20260421 07:43:00.000,4784.375,4785.895,4784.105,4785.615,27510,0.0
20260421 07:44:00.000,4785.615,4786.975,4785.615,4786.295,25770,0.0
20260421 07:45:00.000,4786.235,4787.915,4785.905,4787.595,32520,0.0
20260421 07:46:00.000,4787.595,4788.635,4787.565,4788.225,27720,0.0
20260421 07:47:00.000,4788.225,4788.975,4787.745,4788.675,24510,0.0
20260421 07:48:00.000,4788.675,4790.015,4788.515,4788.515,29700,0.0
20260421 07:49:00.000,4788.465,4790.555,4787.955,4790.255,30720,0.0
20260421 07:50:00.000,4790.255,4792.405,4790.205,4791.715,39720,0.0
20260421 07:51:00.000,4791.655,4791.665,4790.935,4791.245,32669,0.0
20260421 07:52:00.000,4791.315,4791.475,4789.305,4789.335,34980,0.0
20260421 07:53:00.000,4789.335,4789.415,4788.375,4789.055,37800,0.0
20260421 07:54:00.000,4789.035,4789.035,4787.618,4788.425,27480,0.0
20260421 07:55:00.000,4788.255,4789.295,4787.955,4788.748,33000,0.0
20260421 07:56:00.000,4788.748,4789.715,4787.955,4788.495,35760,0.0
20260421 07:57:00.000,4788.505,4788.575,4785.578,4785.728,46410,0.0
20260421 07:58:00.000,4785.728,4785.845,4784.578,4784.978,41520,0.0
20260421 07:59:00.000,4784.945,4785.548,4784.005,4785.548,49040,0.0
20260421 08:00:00.000,4785.495,4786.148,4784.375,4784.608,59490,0.0
20260421 08:01:00.000,4784.595,4786.058,4784.385,4785.875,56280,0.0
20260421 08:02:00.000,4785.875,4786.328,4784.755,4784.755,36160,0.0
20260421 08:03:00.000,4784.745,4787.315,4784.645,4786.125,34280,0.0
20260421 08:04:00.000,4786.155,4786.355,4784.035,4785.185,29170,0.0
20260421 08:05:00.000,4785.305,4785.705,4783.505,4784.228,34820,0.0
20260421 08:06:00.000,4784.255,4785.425,4778.965,4780.205,47410,0.0
20260421 08:07:00.000,4780.175,4781.958,4777.895,4778.538,86410,0.0
20260421 08:08:00.000,4778.538,4780.028,4777.628,4779.405,81890,0.0
20260421 08:09:00.000,4779.335,4781.125,4779.225,4779.885,66830,0.0
20260421 08:10:00.000,4779.885,4781.045,4779.225,4780.418,52300,0.0
20260421 08:11:00.000,4780.458,4781.135,4775.458,4775.458,64340,0.0
20260421 08:12:00.000,4775.458,4777.348,4775.458,4776.018,48060,0.0
20260421 08:13:00.000,4775.945,4776.398,4774.318,4775.118,58170,0.0
20260421 08:14:00.000,4775.118,4775.818,4774.518,4775.598,48130,0.0
20260421 08:15:00.000,4775.565,4777.805,4774.858,4777.635,39570,0.0
20260421 08:16:00.000,4777.605,4778.635,4777.305,4778.405,20570,0.0
20260421 08:17:00.000,4778.445,4779.485,4777.845,4779.465,18100,0.0
20260421 08:18:00.000,4779.455,4780.795,4779.455,4780.715,16710,0.0
20260421 08:19:00.000,4780.695,4783.575,4780.055,4782.995,23020,0.0
20260421 08:20:00.000,4783.025,4785.925,4782.675,4785.705,22410,0.0
20260421 08:21:00.000,4785.685,4788.665,4785.665,4788.445,27060,0.0
20260421 08:22:00.000,4788.465,4789.045,4787.185,4787.205,21300,0.0
20260421 08:23:00.000,4787.235,4788.515,4786.905,4788.395,19470,0.0
20260421 08:24:00.000,4788.295,4788.295,4785.925,4786.525,21850,0.0
20260421 08:25:00.000,4787.085,4787.435,4784.865,4785.845,22140,0.0
20260421 08:26:00.000,4785.785,4786.025,4784.455,4784.935,22260,0.0
20260421 08:27:00.000,4784.975,4785.645,4784.475,4785.505,16020,0.0
20260421 08:28:00.000,4785.545,4787.085,4785.365,4786.935,17310,0.0
20260421 08:29:00.000,4787.255,4788.195,4786.935,4787.055,20210,0.0
20260421 08:30:00.000,4786.965,4786.965,4785.245,4785.775,19270,0.0
20260421 08:31:00.000,4785.765,4787.055,4784.645,4786.285,23490,0.0
20260421 08:32:00.000,4786.305,4787.095,4784.695,4784.695,17070,0.0
20260421 08:33:00.000,4784.775,4786.685,4784.595,4786.475,17770,0.0
20260421 08:34:00.000,4786.455,4789.075,4786.325,4787.885,17880,0.0
20260421 08:35:00.000,4787.845,4788.215,4786.185,4786.465,21000,0.0
20260421 08:36:00.000,4786.605,4786.935,4785.705,4786.155,17340,0.0
20260421 08:37:00.000,4786.175,4787.995,4786.175,4787.775,16050,0.0
20260421 08:38:00.000,4787.835,4787.895,4786.965,4787.475,11400,0.0
20260421 08:39:00.000,4787.445,4788.495,4787.385,4788.235,13080,0.0
20260421 08:40:00.000,4788.215,4788.495,4786.895,4787.705,17160,0.0
20260421 08:41:00.000,4787.685,4789.475,4787.138,4789.475,15720,0.0
20260421 08:42:00.000,4789.605,4790.575,4788.955,4790.095,14520,0.0
20260421 08:43:00.000,4790.165,4792.715,4789.975,4790.645,30710,0.0
20260421 08:44:00.000,4790.435,4791.825,4790.285,4791.515,19300,0.0
20260421 08:45:00.000,4791.535,4792.735,4790.705,4791.645,25200,0.0
20260421 08:46:00.000,4791.665,4791.665,4790.355,4790.445,17640,0.0
20260421 08:47:00.000,4790.505,4791.195,4789.875,4790.655,13890,0.0
20260421 08:48:00.000,4790.625,4790.775,4790.025,4790.495,15120,0.0
20260421 08:49:00.000,4790.535,4790.865,4789.475,4789.485,12600,0.0
20260421 08:50:00.000,4789.545,4789.695,4789.185,4789.445,14570,0.0
20260421 08:51:00.000,4789.475,4789.475,4787.925,4788.315,14730,0.0
20260421 08:52:00.000,4788.225,4788.225,4786.025,4786.785,14410,0.0
20260421 08:53:00.000,4786.755,4786.915,4786.485,4786.575,9600,0.0
20260421 08:54:00.000,4786.595,4788.455,4786.205,4788.295,15880,0.0
20260421 08:55:00.000,4788.365,4788.395,4786.975,4787.085,12120,0.0
20260421 08:56:00.000,4787.065,4787.575,4786.735,4787.355,14040,0.0
20260421 08:57:00.000,4787.245,4787.485,4786.625,4787.005,14730,0.0
20260421 08:58:00.000,4786.945,4787.465,4786.745,4786.745,16530,0.0
20260421 08:59:00.000,4786.765,4787.235,4785.895,4785.895,15780,0.0
20260421 09:00:00.000,4786.250,4786.315,4785.145,4785.145,14700,0.0
20260421 09:01:00.000,4785.125,4785.185,4783.565,4783.635,19200,0.0
20260421 09:02:00.000,4783.815,4785.685,4783.815,4784.165,19710,0.0
20260421 09:03:00.000,4784.095,4784.815,4781.235,4782.285,37860,0.0
20260421 09:04:00.000,4782.195,4785.625,4781.965,4785.235,35850,0.0
20260421 09:05:00.000,4785.235,4786.125,4784.735,4786.005,28800,0.0
20260421 09:06:00.000,4786.025,4786.705,4785.695,4786.685,17370,0.0
20260421 09:07:00.000,4786.665,4786.745,4784.665,4785.125,19260,0.0
20260421 09:08:00.000,4785.075,4785.825,4783.825,4785.625,18580,0.0
20260421 09:09:00.000,4785.545,4786.385,4785.545,4785.925,14470,0.0
20260421 09:10:00.000,4785.915,4786.765,4785.385,4786.145,11910,0.0
20260421 09:11:00.000,4786.125,4786.325,4785.285,4785.575,13500,0.0
20260421 09:12:00.000,4785.545,4786.195,4785.375,4785.755,12200,0.0
20260421 09:13:00.000,4786.125,4786.155,4784.365,4785.205,14040,0.0
20260421 09:14:00.000,4785.085,4785.925,4783.975,4784.085,11250,0.0
20260421 09:15:00.000,4784.065,4785.495,4783.755,4784.925,12960,0.0
20260421 09:16:00.000,4784.955,4785.245,4784.465,4785.075,16340,0.0
20260421 09:17:00.000,4785.015,4785.695,4783.325,4785.665,20240,0.0
20260421 09:18:00.000,4786.025,4787.255,4785.725,4787.055,26030,0.0
20260421 09:19:00.000,4787.085,4787.135,4785.705,4786.795,26000,0.0
20260421 09:20:00.000,4786.885,4787.775,4786.825,4787.125,26740,0.0
20260421 09:21:00.000,4787.175,4787.175,4784.735,4785.005,27000,0.0
20260421 09:22:00.000,4784.985,4785.775,4784.475,4785.535,19600,0.0
20260421 09:23:00.000,4785.515,4786.645,4785.515,4785.985,16410,0.0
20260421 09:24:00.000,4786.045,4786.325,4785.225,4785.275,10050,0.0
20260421 09:25:00.000,4785.375,4786.235,4784.495,4784.495,10740,0.0
20260421 09:26:00.000,4784.555,4785.185,4783.085,4783.455,14280,0.0
20260421 09:27:00.000,4783.465,4783.835,4781.485,4781.495,22020,0.0
20260421 09:28:00.000,4781.485,4782.475,4780.895,4781.145,27610,0.0
20260421 09:29:00.000,4781.315,4782.605,4780.945,4781.978,23930,0.0
20260421 09:30:00.000,4781.948,4783.945,4781.665,4782.635,20430,0.0
20260421 09:31:00.000,4782.665,4784.545,4782.655,4783.605,15270,0.0
20260421 09:32:00.000,4783.635,4783.965,4782.585,4783.725,12270,0.0
20260421 09:33:00.000,4783.785,4784.475,4783.225,4784.105,15659,0.0
20260421 09:34:00.000,4784.145,4784.795,4784.095,4784.675,10440,0.0
20260421 09:35:00.000,4784.655,4784.805,4783.245,4783.905,15930,0.0
20260421 09:36:00.000,4784.085,4785.695,4782.745,4783.245,18180,0.0
20260421 09:37:00.000,4783.195,4783.615,4781.965,4783.565,15360,0.0
20260421 09:38:00.000,4783.485,4784.255,4783.285,4784.125,11400,0.0
20260421 09:39:00.000,4784.195,4784.195,4783.225,4783.255,12720,0.0
20260421 09:40:00.000,4782.955,4784.475,4782.785,4783.785,13080,0.0
20260421 09:41:00.000,4783.765,4785.525,4783.765,4784.735,18450,0.0
20260421 09:42:00.000,4784.715,4785.755,4783.505,4785.495,20850,0.0
20260421 09:43:00.000,4785.465,4787.005,4785.425,4786.715,17790,0.0
20260421 09:44:00.000,4786.745,4787.365,4786.625,4787.105,9030,0.0
20260421 09:45:00.000,4787.175,4787.755,4786.475,4786.805,19110,0.0
20260421 09:46:00.000,4786.855,4786.875,4785.325,4785.575,18330,0.0
20260421 09:47:00.000,4785.555,4786.335,4784.565,4784.885,13950,0.0
20260421 09:48:00.000,4784.905,4784.945,4783.215,4783.855,14040,0.0
20260421 09:49:00.000,4783.885,4785.115,4783.075,4784.905,18060,0.0
20260421 09:50:00.000,4784.925,4785.535,4784.385,4785.295,17670,0.0
20260421 09:51:00.000,4785.235,4786.815,4784.725,4786.615,17670,0.0
20260421 09:52:00.000,4786.625,4788.025,4785.335,4787.855,16290,0.0
20260421 09:53:00.000,4787.855,4788.105,4787.165,4787.245,10770,0.0
20260421 09:54:00.000,4787.225,4787.465,4787.135,4787.285,10320,0.0
20260421 09:55:00.000,4787.883,4789.345,4787.475,4787.715,40080,0.0
20260421 09:56:00.000,4787.925,4788.685,4787.305,4788.285,24540,0.0
20260421 09:57:00.000,4788.165,4788.185,4785.725,4786.565,24330,0.0
20260421 09:58:00.000,4786.545,4786.915,4784.055,4784.345,23820,0.0
20260421 09:59:00.000,4784.375,4784.445,4783.255,4783.415,19530,0.0
20260421 10:00:00.000,4783.435,4784.945,4782.425,4783.985,30840,0.0
20260421 10:01:00.000,4784.165,4785.335,4784.105,4784.995,14730,0.0
20260421 10:02:00.000,4784.945,4785.505,4784.035,4784.365,15720,0.0
20260421 10:03:00.000,4784.345,4785.205,4782.605,4782.605,13500,0.0
20260421 10:04:00.000,4782.435,4784.265,4782.285,4783.095,18150,0.0
20260421 10:05:00.000,4783.145,4784.645,4783.035,4784.425,15690,0.0
20260421 10:06:00.000,4784.455,4785.235,4784.295,4784.765,11670,0.0
20260421 10:07:00.000,4784.715,4785.365,4784.225,4785.285,13170,0.0
20260421 10:08:00.000,4785.205,4785.628,4784.745,4785.095,9900,0.0
20260421 10:09:00.000,4785.125,4785.675,4784.835,4785.225,12510,0.0
20260421 10:10:00.000,4785.195,4785.415,4783.735,4784.305,14070,0.0
20260421 10:11:00.000,4784.215,4784.835,4783.875,4784.705,14730,0.0
20260421 10:12:00.000,4784.725,4785.005,4783.965,4784.445,9540,0.0
20260421 10:13:00.000,4784.435,4784.445,4782.905,4783.565,12630,0.0
20260421 10:14:00.000,4783.438,4783.438,4782.125,4782.685,14550,0.0
20260421 10:15:00.000,4782.865,4783.675,4782.245,4783.655,12960,0.0
20260421 10:16:00.000,4783.635,4783.635,4782.365,4782.365,9420,0.0
20260421 10:17:00.000,4782.435,4782.465,4781.205,4781.885,15490,0.0
20260421 10:18:00.000,4781.878,4782.155,4780.545,4781.175,16140,0.0
20260421 10:19:00.000,4781.195,4782.785,4780.705,4782.735,16230,0.0
20260421 10:20:00.000,4782.705,4783.355,4782.538,4782.925,13170,0.0
20260421 10:21:00.000,4782.895,4783.555,4782.425,4783.535,10710,0.0
20260421 10:22:00.000,4783.565,4784.715,4783.395,4784.065,12450,0.0
20260421 10:23:00.000,4783.995,4784.235,4783.235,4783.575,13770,0.0
20260421 10:24:00.000,4783.525,4783.955,4782.005,4782.395,12630,0.0
20260421 10:25:00.000,4782.335,4782.795,4781.825,4782.375,10530,0.0
20260421 10:26:00.000,4782.425,4784.265,4782.305,4783.455,14610,0.0
20260421 10:27:00.000,4783.405,4783.505,4782.945,4783.115,9690,0.0
20260421 10:28:00.000,4783.135,4783.135,4781.805,4782.395,10410,0.0
20260421 10:29:00.000,4782.555,4783.055,4781.865,4782.715,12510,0.0
20260421 10:30:00.000,4782.875,4783.595,4782.365,4783.585,12240,0.0
20260421 10:31:00.000,4783.555,4785.225,4783.505,4785.145,14790,0.0
20260421 10:32:00.000,4785.185,4785.545,4784.915,4785.195,17550,0.0
20260421 10:33:00.000,4785.115,4785.775,4784.865,4785.085,13830,0.0
20260421 10:34:00.000,4785.135,4785.165,4784.455,4784.455,11400,0.0
20260421 10:35:00.000,4784.235,4785.545,4784.195,4785.005,8400,0.0
20260421 10:36:00.000,4784.975,4785.565,4784.898,4785.205,11400,0.0
20260421 10:37:00.000,4785.165,4787.355,4785.165,4787.235,11670,0.0
20260421 10:38:00.000,4787.375,4787.715,4786.945,4787.685,9600,0.0
20260421 10:39:00.000,4787.635,4787.735,4786.605,4786.925,13140,0.0
20260421 10:40:00.000,4786.985,4787.125,4786.095,4786.485,15600,0.0
20260421 10:41:00.000,4786.525,4786.895,4786.185,4786.485,11820,0.0
20260421 10:42:00.000,4786.505,4786.585,4785.585,4785.785,8730,0.0
20260421 10:43:00.000,4785.755,4786.155,4785.225,4785.705,10500,0.0
20260421 10:44:00.000,4785.765,4786.535,4785.745,4786.115,8610,0.0
20260421 10:45:00.000,4786.095,4786.935,4786.025,4786.915,11280,0.0
20260421 10:46:00.000,4787.005,4787.625,4786.855,4787.345,13140,0.0
20260421 10:47:00.000,4787.295,4787.685,4786.675,4787.075,11010,0.0
20260421 10:48:00.000,4786.945,4787.025,4786.105,4786.615,17370,0.0
20260421 10:49:00.000,4786.595,4786.805,4785.955,4786.665,15120,0.0
20260421 10:50:00.000,4786.715,4787.855,4786.695,4787.505,12240,0.0
20260421 10:51:00.000,4787.565,4788.225,4787.365,4787.835,14280,0.0
20260421 10:52:00.000,4787.735,4788.955,4787.675,4788.575,10110,0.0
20260421 10:53:00.000,4788.555,4789.645,4788.495,4789.295,12540,0.0
20260421 10:54:00.000,4789.265,4790.115,4789.145,4789.955,12270,0.0
20260421 10:55:00.000,4789.795,4790.185,4789.535,4789.795,15510,0.0
20260421 10:56:00.000,4789.815,4790.295,4789.165,4789.325,12720,0.0
20260421 10:57:00.000,4789.295,4789.385,4788.725,4788.895,10050,0.0
20260421 10:58:00.000,4788.985,4790.235,4788.825,4789.075,11970,0.0
20260421 10:59:00.000,4789.025,4789.815,4788.755,4789.685,10740,0.0
20260421 11:00:00.000,4789.655,4790.025,4788.925,4789.955,17280,0.0
20260421 11:01:00.000,4789.995,4790.055,4789.195,4789.595,12120,0.0
20260421 11:02:00.000,4789.715,4789.715,4787.725,4788.275,21720,0.0
20260421 11:03:00.000,4788.325,4788.325,4786.765,4786.785,16410,0.0
20260421 11:04:00.000,4786.795,4787.425,4786.745,4787.095,13380,0.0
20260421 11:05:00.000,4787.155,4788.675,4786.895,4788.405,11760,0.0
20260421 11:06:00.000,4788.385,4788.785,4787.735,4787.815,19590,0.0
20260421 11:07:00.000,4787.875,4787.875,4787.015,4787.595,14640,0.0
20260421 11:08:00.000,4787.565,4787.565,4785.105,4785.185,17010,0.0
20260421 11:09:00.000,4785.095,4785.175,4775.195,4780.135,51950,0.0
20260421 11:10:00.000,4780.165,4782.625,4779.005,4781.365,48150,0.0
20260421 11:11:00.000,4781.525,4782.125,4780.565,4781.195,30060,0.0
20260421 11:12:00.000,4781.195,4781.365,4779.035,4781.255,31890,0.0
20260421 11:13:00.000,4781.345,4781.765,4779.565,4780.085,24000,0.0
20260421 11:14:00.000,4780.115,4781.605,4779.865,4781.605,28500,0.0
20260421 11:15:00.000,4781.545,4782.835,4780.685,4781.575,24390,0.0
20260421 11:16:00.000,4781.645,4782.615,4781.425,4782.105,21480,0.0
20260421 11:17:00.000,4782.195,4782.515,4780.855,4782.085,21270,0.0
20260421 11:18:00.000,4782.065,4782.355,4780.865,4781.735,18000,0.0
20260421 11:19:00.000,4781.795,4781.935,4781.015,4781.535,11190,0.0
20260421 11:20:00.000,4781.705,4783.745,4781.475,4783.305,14910,0.0
20260421 11:21:00.000,4783.195,4784.245,4782.125,4783.405,21090,0.0
20260421 11:22:00.000,4783.365,4783.395,4782.085,4782.885,13560,0.0
20260421 11:23:00.000,4783.025,4783.255,4781.975,4782.505,17880,0.0
20260421 11:24:00.000,4782.555,4783.085,4781.285,4781.425,16530,0.0
20260421 11:25:00.000,4781.455,4782.065,4780.805,4781.165,13410,0.0
20260421 11:26:00.000,4781.145,4781.875,4779.005,4781.395,26020,0.0
20260421 11:27:00.000,4781.425,4783.165,4781.405,4783.105,17040,0.0
20260421 11:28:00.000,4783.165,4783.805,4782.745,4782.955,14940,0.0
20260421 11:29:00.000,4782.975,4783.355,4782.195,4783.295,11130,0.0
20260421 11:30:00.000,4783.265,4786.955,4782.995,4786.885,24060,0.0
20260421 11:31:00.000,4786.845,4789.265,4786.565,4789.235,19500,0.0
20260421 11:32:00.000,4789.265,4790.295,4788.595,4789.315,22140,0.0
20260421 11:33:00.000,4789.335,4789.595,4788.325,4788.375,20400,0.0
20260421 11:34:00.000,4788.355,4788.355,4786.975,4787.385,21630,0.0
20260421 11:35:00.000,4787.355,4789.645,4787.335,4789.405,14580,0.0
20260421 11:36:00.000,4789.425,4790.535,4788.855,4790.045,23110,0.0
20260421 11:37:00.000,4790.025,4790.445,4788.855,4789.145,17340,0.0
20260421 11:38:00.000,4789.055,4789.165,4788.205,4788.725,12720,0.0
20260421 11:39:00.000,4788.755,4789.705,4788.755,4789.685,13830,0.0
20260421 11:40:00.000,4789.735,4792.905,4789.025,4791.875,23610,0.0
20260421 11:41:00.000,4791.895,4793.795,4791.505,4793.745,16560,0.0
20260421 11:42:00.000,4793.775,4794.855,4793.225,4793.395,20370,0.0
20260421 11:43:00.000,4793.465,4794.645,4792.135,4792.195,20790,0.0
20260421 11:44:00.000,4792.165,4793.165,4791.715,4793.005,16920,0.0
20260421 11:45:00.000,4793.095,4793.335,4791.545,4792.965,22290,0.0
20260421 11:46:00.000,4792.935,4793.845,4792.905,4793.805,16950,0.0
20260421 11:47:00.000,4793.908,4795.555,4793.155,4795.195,20580,0.0
20260421 11:48:00.000,4795.235,4797.935,4794.865,4796.945,27840,0.0
20260421 11:49:00.000,4796.835,4796.865,4795.245,4795.565,18850,0.0
20260421 11:50:00.000,4795.685,4796.445,4794.165,4795.505,23340,0.0
20260421 11:51:00.000,4795.545,4796.815,4795.135,4795.425,17580,0.0
20260421 11:52:00.000,4795.405,4795.595,4793.785,4794.725,18330,0.0
20260421 11:53:00.000,4794.675,4795.235,4792.755,4793.025,14940,0.0
20260421 11:54:00.000,4792.975,4794.425,4792.495,4793.755,21480,0.0
20260421 11:55:00.000,4793.715,4794.345,4793.205,4794.075,17530,0.0
20260421 11:56:00.000,4794.115,4795.275,4793.965,4794.605,18930,0.0
20260421 11:57:00.000,4794.555,4796.185,4793.695,4794.025,17820,0.0
20260421 11:58:00.000,4794.045,4795.225,4793.575,4795.065,23730,0.0
20260421 11:59:00.000,4794.875,4795.255,4794.035,4794.415,15450,0.0
20260421 12:00:00.000,4794.595,4796.895,4794.385,4794.575,26140,0.0
20260421 12:01:00.000,4794.605,4795.375,4793.535,4793.835,21840,0.0
20260421 12:02:00.000,4793.825,4795.585,4793.695,4794.925,16740,0.0
20260421 12:03:00.000,4794.835,4795.575,4793.745,4794.595,15510,0.0
20260421 12:04:00.000,4794.575,4794.795,4793.235,4793.235,14880,0.0
20260421 12:05:00.000,4792.985,4793.315,4791.505,4792.085,22740,0.0
20260421 12:06:00.000,4792.185,4794.025,4791.225,4792.615,23790,0.0
20260421 12:07:00.000,4792.505,4793.825,4792.445,4793.685,12540,0.0
20260421 12:08:00.000,4793.715,4794.145,4792.095,4792.185,18420,0.0
20260421 12:09:00.000,4792.185,4795.825,4791.965,4795.585,27660,0.0
20260421 12:10:00.000,4795.525,4795.695,4793.335,4793.485,22650,0.0
20260421 12:11:00.000,4793.455,4794.475,4792.055,4792.105,24600,0.0
20260421 12:12:00.000,4791.985,4793.045,4791.435,4792.125,25500,0.0
20260421 12:13:00.000,4792.138,4793.925,4792.138,4793.165,14520,0.0
20260421 12:14:00.000,4793.205,4793.205,4790.658,4790.835,24960,0.0
20260421 12:15:00.000,4790.775,4791.425,4788.755,4789.655,31800,0.0
20260421 12:16:00.000,4789.695,4790.665,4789.065,4790.455,35610,0.0
20260421 12:17:00.000,4790.475,4790.805,4789.495,4789.975,23700,0.0
20260421 12:18:00.000,4789.995,4789.995,4786.655,4786.655,23140,0.0
20260421 12:19:00.000,4786.735,4786.735,4783.265,4783.435,38550,0.0
20260421 12:20:00.000,4783.445,4784.175,4779.805,4780.635,48810,0.0
20260421 12:21:00.000,4780.415,4783.125,4778.955,4782.425,39870,0.0
20260421 12:22:00.000,4782.455,4785.015,4782.345,4784.065,37410,0.0
20260421 12:23:00.000,4784.085,4784.765,4782.185,4783.955,31230,0.0
20260421 12:24:00.000,4783.925,4784.745,4782.298,4782.365,28560,0.0
20260421 12:25:00.000,4782.425,4782.575,4781.235,4782.115,27480,0.0
20260421 12:26:00.000,4782.158,4783.115,4781.665,4783.035,24270,0.0
20260421 12:27:00.000,4782.975,4784.285,4781.325,4781.965,22080,0.0
20260421 12:28:00.000,4781.858,4781.878,4780.915,4781.045,21690,0.0
20260421 12:29:00.000,4781.025,4781.165,4779.895,4779.925,17160,0.0
20260421 12:30:00.000,4779.945,4780.155,4764.475,4776.265,67956,0.0
20260421 12:31:00.000,4776.285,4777.615,4775.075,4777.175,48270,0.0
20260421 12:32:00.000,4777.205,4782.855,4777.205,4782.655,38160,0.0
20260421 12:33:00.000,4782.358,4784.715,4782.265,4784.345,35390,0.0
20260421 12:34:00.000,4784.615,4787.495,4784.465,4786.965,41970,0.0
20260421 12:35:00.000,4786.935,4787.485,4784.875,4786.865,34110,0.0
20260421 12:36:00.000,4786.785,4790.305,4786.685,4789.295,43240,0.0
20260421 12:37:00.000,4789.275,4789.475,4786.015,4787.645,41110,0.0
20260421 12:38:00.000,4787.185,4787.905,4780.335,4783.305,51890,0.0
20260421 12:39:00.000,4783.445,4783.445,4779.945,4780.435,48850,0.0
20260421 12:40:00.000,4780.405,4781.415,4776.895,4779.115,53160,0.0
20260421 12:41:00.000,4779.075,4781.895,4778.765,4780.935,43110,0.0
20260421 12:42:00.000,4780.955,4782.695,4780.825,4781.985,35130,0.0
20260421 12:43:00.000,4781.955,4782.075,4778.725,4779.385,37370,0.0
20260421 12:44:00.000,4779.415,4780.605,4775.855,4778.675,45360,0.0
20260421 12:45:00.000,4778.615,4780.375,4778.245,4779.155,42240,0.0
20260421 12:46:00.000,4779.175,4781.765,4778.885,4780.535,31360,0.0
20260421 12:47:00.000,4780.555,4782.805,4780.555,4781.895,32890,0.0
20260421 12:48:00.000,4781.925,4782.425,4778.795,4779.595,30930,0.0
20260421 12:49:00.000,4779.625,4780.755,4777.285,4777.685,32070,0.0
20260421 12:50:00.000,4777.615,4778.675,4776.685,4778.075,45610,0.0
20260421 12:51:00.000,4778.125,4780.655,4777.685,4779.575,36730,0.0
20260421 12:52:00.000,4779.585,4781.325,4779.445,4779.695,26450,0.0
20260421 12:53:00.000,4779.535,4780.315,4778.275,4779.775,25560,0.0
20260421 12:54:00.000,4779.835,4780.145,4778.125,4779.885,31709,0.0
20260421 12:55:00.000,4779.845,4782.235,4779.815,4781.145,32400,0.0
20260421 12:56:00.000,4781.165,4781.205,4778.375,4778.375,30330,0.0
20260421 12:57:00.000,4778.465,4779.215,4775.975,4777.075,36310,0.0
20260421 12:58:00.000,4776.995,4778.305,4776.855,4777.225,31890,0.0
20260421 12:59:00.000,4777.215,4779.205,4776.225,4778.535,33800,0.0
20260421 13:00:00.000,4778.955,4782.055,4778.825,4780.845,62890,0.0
20260421 13:01:00.000,4780.825,4781.195,4777.945,4779.445,45930,0.0
20260421 13:02:00.000,4779.335,4783.515,4779.095,4783.408,47670,0.0
20260421 13:03:00.000,4783.305,4783.505,4781.975,4782.185,36020,0.0
20260421 13:04:00.000,4782.215,4783.715,4779.145,4779.145,41440,0.0
20260421 13:05:00.000,4779.065,4779.505,4775.525,4775.615,45760,0.0
20260421 13:06:00.000,4775.585,4775.885,4769.545,4771.805,59250,0.0
20260421 13:07:00.000,4771.835,4773.755,4771.825,4772.995,44710,0.0
20260421 13:08:00.000,4772.955,4773.685,4767.725,4769.235,51300,0.0
20260421 13:09:00.000,4769.215,4770.885,4767.345,4767.795,63869,0.0
20260421 13:10:00.000,4767.815,4770.045,4767.365,4769.045,55710,0.0
20260421 13:11:00.000,4768.965,4770.845,4767.455,4768.905,56120,0.0
20260421 13:12:00.000,4768.975,4769.635,4765.985,4769.225,48720,0.0
20260421 13:13:00.000,4769.265,4769.315,4765.465,4767.945,46910,0.0
20260421 13:14:00.000,4767.935,4769.595,4764.525,4764.955,44960,0.0
20260421 13:15:00.000,4765.085,4769.245,4759.585,4768.635,64230,0.0
20260421 13:16:00.000,4768.665,4769.275,4765.855,4768.235,44770,0.0
20260421 13:17:00.000,4768.275,4771.975,4768.245,4770.405,41140,0.0
20260421 13:18:00.000,4770.375,4770.685,4768.475,4770.345,32370,0.0
20260421 13:19:00.000,4770.325,4771.855,4768.015,4768.175,30760,0.0
20260421 13:20:00.000,4768.145,4770.795,4767.255,4770.615,50550,0.0
20260421 13:21:00.000,4770.585,4771.235,4768.175,4768.235,33100,0.0
20260421 13:22:00.000,4768.505,4770.355,4767.555,4769.835,30310,0.0
20260421 13:23:00.000,4769.895,4771.195,4767.155,4771.035,44340,0.0
20260421 13:24:00.000,4771.085,4772.075,4768.045,4769.745,36160,0.0
20260421 13:25:00.000,4769.965,4771.955,4769.535,4771.095,34470,0.0
20260421 13:26:00.000,4771.115,4771.565,4769.565,4770.235,50190,0.0
20260421 13:27:00.000,4770.235,4772.425,4769.065,4771.655,49110,0.0
20260421 13:28:00.000,4771.675,4773.845,4771.675,4773.565,49140,0.0
20260421 13:29:00.000,4773.545,4775.175,4773.105,4774.685,41790,0.0
20260421 13:30:00.000,4774.455,4778.715,4773.745,4777.465,83310,0.0
20260421 13:31:00.000,4777.425,4781.055,4775.825,4780.795,72080,0.0
20260421 13:32:00.000,4780.795,4780.875,4776.645,4777.035,69500,0.0
20260421 13:33:00.000,4777.065,4778.525,4775.335,4777.245,67420,0.0
20260421 13:34:00.000,4777.205,4778.495,4775.615,4775.615,60230,0.0
20260421 13:35:00.000,4775.665,4777.175,4769.925,4772.418,64020,0.0
20260421 13:36:00.000,4772.418,4775.788,4772.278,4773.575,75610,0.0
20260421 13:37:00.000,4773.465,4776.155,4773.455,4774.665,126440,0.0
20260421 13:38:00.000,4774.708,4780.665,4773.625,4778.935,75990,0.0
20260421 13:39:00.000,4779.025,4785.495,4778.605,4783.995,86520,0.0
20260421 13:40:00.000,4784.028,4792.465,4783.965,4790.585,68790,0.0
20260421 13:41:00.000,4790.605,4790.605,4786.365,4787.595,64860,0.0
20260421 13:42:00.000,4787.595,4789.225,4785.945,4787.705,57380,0.0
20260421 13:43:00.000,4787.685,4790.865,4787.345,4788.685,58980,0.0
20260421 13:44:00.000,4788.705,4789.455,4786.545,4788.915,45360,0.0
20260421 13:45:00.000,4788.875,4790.215,4785.645,4787.105,51300,0.0
20260421 13:46:00.000,4787.055,4790.855,4786.625,4790.495,48660,0.0
20260421 13:47:00.000,4790.565,4794.165,4789.455,4789.505,53370,0.0
20260421 13:48:00.000,4789.465,4791.545,4788.295,4789.125,49740,0.0
20260421 13:49:00.000,4788.885,4791.115,4788.415,4788.665,43950,0.0
20260421 13:50:00.000,4788.515,4789.595,4786.605,4789.295,51180,0.0
20260421 13:51:00.000,4789.395,4789.605,4787.865,4789.475,38670,0.0
20260421 13:52:00.000,4789.445,4792.905,4789.025,4791.825,45690,0.0
20260421 13:53:00.000,4791.785,4793.355,4790.945,4791.905,48270,0.0
20260421 13:54:00.000,4791.995,4792.235,4788.438,4788.915,42030,0.0
20260421 13:55:00.000,4788.875,4789.115,4786.135,4786.748,61350,0.0
20260421 13:56:00.000,4786.755,4787.505,4784.755,4785.965,43350,0.0
20260421 13:57:00.000,4785.945,4786.645,4782.848,4782.885,49200,0.0
20260421 13:58:00.000,4782.885,4783.105,4780.338,4781.015,57780,0.0
20260421 13:59:00.000,4781.035,4781.195,4777.075,4778.825,51930,0.0
20260421 14:00:00.000,4778.795,4779.025,4773.135,4775.835,65130,0.0
20260421 14:01:00.000,4775.835,4779.305,4774.835,4778.915,50880,0.0
20260421 14:02:00.000,4778.895,4778.965,4776.075,4777.805,48750,0.0
20260421 14:03:00.000,4777.655,4778.435,4775.795,4777.155,45600,0.0
20260421 14:04:00.000,4776.995,4781.145,4776.595,4780.175,40080,0.0
20260421 14:05:00.000,4780.145,4782.025,4779.165,4781.395,39360,0.0
20260421 14:06:00.000,4781.375,4782.035,4778.915,4780.325,33810,0.0
20260421 14:07:00.000,4780.355,4781.775,4779.315,4779.535,35640,0.0
20260421 14:08:00.000,4779.555,4782.485,4779.375,4780.835,36330,0.0
20260421 14:09:00.000,4780.925,4782.065,4780.625,4780.625,31530,0.0
20260421 14:10:00.000,4780.425,4780.425,4775.955,4777.955,48180,0.0
20260421 14:11:00.000,4777.915,4779.955,4777.655,4779.715,38610,0.0
20260421 14:12:00.000,4779.815,4780.345,4777.395,4778.745,32430,0.0
20260421 14:13:00.000,4778.545,4779.505,4777.375,4778.045,37350,0.0
20260421 14:14:00.000,4778.075,4780.485,4778.045,4778.325,31530,0.0
20260421 14:15:00.000,4778.255,4778.895,4776.645,4777.725,41370,0.0
20260421 14:16:00.000,4777.665,4779.595,4777.175,4779.485,39330,0.0
20260421 14:17:00.000,4779.485,4780.405,4777.665,4778.315,35640,0.0
20260421 14:18:00.000,4778.265,4779.445,4777.545,4778.235,42720,0.0
20260421 14:19:00.000,4778.255,4778.895,4777.065,4777.595,31800,0.0
20260421 14:20:00.000,4777.535,4778.085,4773.745,4774.395,47100,0.0
20260421 14:21:00.000,4774.375,4776.605,4773.875,4775.515,41250,0.0
20260421 14:22:00.000,4775.535,4776.545,4774.095,4775.675,39420,0.0
20260421 14:23:00.000,4775.615,4776.875,4771.995,4772.915,43560,0.0
20260421 14:24:00.000,4772.965,4772.965,4771.855,4772.475,38880,0.0
20260421 14:25:00.000,4772.425,4774.205,4771.375,4771.635,36840,0.0
20260421 14:26:00.000,4771.665,4772.565,4769.515,4771.725,46320,0.0
20260421 14:27:00.000,4771.685,4773.385,4770.755,4773.085,42480,0.0
20260421 14:28:00.000,4772.895,4773.535,4771.525,4772.465,32760,0.0
20260421 14:29:00.000,4772.405,4774.925,4772.065,4773.925,33360,0.0
20260421 14:30:00.000,4773.845,4774.925,4770.825,4772.295,46240,0.0
20260421 14:31:00.000,4772.325,4772.825,4770.005,4771.125,42150,0.0
20260421 14:32:00.000,4771.105,4772.495,4768.945,4769.915,55440,0.0
20260421 14:33:00.000,4769.965,4770.535,4765.425,4765.795,56680,0.0
20260421 14:34:00.000,4765.815,4769.425,4761.825,4767.775,59590,0.0
20260421 14:35:00.000,4768.035,4769.345,4765.705,4767.115,51840,0.0
20260421 14:36:00.000,4767.165,4767.245,4763.045,4763.755,51350,0.0
20260421 14:37:00.000,4763.665,4764.875,4762.735,4764.815,59570,0.0
20260421 14:38:00.000,4764.775,4766.655,4763.285,4764.795,55230,0.0
20260421 14:39:00.000,4764.785,4765.065,4760.275,4761.435,47280,0.0
20260421 14:40:00.000,4761.305,4763.125,4749.115,4754.425,74030,0.0
20260421 14:41:00.000,4754.335,4761.155,4752.175,4757.085,71490,0.0
20260421 14:42:00.000,4757.125,4758.005,4754.685,4757.225,65610,0.0
20260421 14:43:00.000,4757.195,4757.505,4753.125,4753.125,63330,0.0
20260421 14:44:00.000,4753.065,4754.405,4743.585,4744.715,68340,0.0
20260421 14:45:00.000,4744.625,4745.515,4741.245,4744.085,77280,0.0
20260421 14:46:00.000,4743.925,4744.495,4727.775,4731.315,80180,0.0
20260421 14:47:00.000,4731.705,4731.795,4726.067,4728.635,78670,0.0
20260421 14:48:00.000,4728.638,4732.480,4723.360,4732.115,88060,0.0
20260421 14:49:00.000,4732.135,4733.991,4724.615,4727.595,82870,0.0
20260421 14:50:00.000,4727.625,4730.145,4723.485,4726.885,73920,0.0
20260421 14:51:00.000,4726.975,4731.215,4724.345,4730.185,78630,0.0
20260421 14:52:00.000,4730.195,4734.305,4728.805,4733.935,71440,0.0
20260421 14:53:00.000,4733.975,4737.585,4733.925,4736.235,66030,0.0
20260421 14:54:00.000,4736.305,4739.075,4734.185,4738.585,65430,0.0
20260421 14:55:00.000,4738.615,4738.785,4735.215,4735.215,66930,0.0
20260421 14:56:00.000,4735.195,4741.465,4735.195,4740.835,61050,0.0
20260421 14:57:00.000,4740.825,4741.745,4736.595,4736.675,66780,0.0
20260421 14:58:00.000,4736.745,4739.155,4733.475,4738.295,69930,0.0
20260421 14:59:00.000,4738.295,4739.905,4736.055,4738.915,72570,0.0
20260421 15:00:00.000,4739.095,4740.698,4730.695,4733.735,82290,0.0
20260421 15:01:00.000,4733.815,4735.955,4730.655,4731.975,73470,0.0
20260421 15:02:00.000,4732.565,4735.465,4730.975,4734.045,76530,0.0
20260421 15:03:00.000,4734.025,4735.985,4733.275,4735.555,66270,0.0
20260421 15:04:00.000,4735.615,4739.905,4733.395,4734.125,71340,0.0
20260421 15:05:00.000,4734.185,4734.705,4727.595,4731.195,72840,0.0
20260421 15:06:00.000,4731.285,4732.595,4729.585,4730.835,71910,0.0
20260421 15:07:00.000,4730.855,4738.585,4730.705,4737.035,70950,0.0
20260421 15:08:00.000,4736.975,4738.775,4733.415,4734.735,69030,0.0
20260421 15:09:00.000,4734.775,4740.415,4734.645,4740.415,62040,0.0
20260421 15:10:00.000,4740.365,4747.515,4739.935,4746.615,67530,0.0
20260421 15:11:00.000,4746.595,4748.865,4745.545,4746.585,64230,0.0
20260421 15:12:00.000,4746.835,4749.285,4746.175,4748.095,56880,0.0
20260421 15:13:00.000,4747.835,4749.705,4746.845,4748.445,48390,0.0
20260421 15:14:00.000,4748.475,4750.625,4747.325,4747.785,53040,0.0
20260421 15:15:00.000,4747.815,4749.868,4746.805,4747.655,63150,0.0
20260421 15:16:00.000,4747.685,4749.935,4746.155,4749.405,57060,0.0
20260421 15:17:00.000,4749.425,4749.495,4744.945,4747.535,57000,0.0
20260421 15:18:00.000,4747.945,4752.325,4747.675,4752.195,53100,0.0
20260421 15:19:00.000,4752.195,4756.455,4750.435,4755.085,62370,0.0
20260421 15:20:00.000,4755.285,4757.385,4754.705,4756.205,53130,0.0
20260421 15:21:00.000,4756.225,4756.575,4754.045,4755.995,50220,0.0
20260421 15:22:00.000,4755.915,4756.238,4752.745,4753.195,63240,0.0
20260421 15:23:00.000,4753.235,4754.955,4749.765,4749.905,60240,0.0
20260421 15:24:00.000,4749.925,4750.295,4748.145,4750.185,49770,0.0
20260421 15:25:00.000,4749.855,4750.085,4745.175,4747.605,57540,0.0
20260421 15:26:00.000,4747.675,4748.255,4743.305,4744.125,54210,0.0
20260421 15:27:00.000,4744.155,4745.305,4742.725,4744.805,58890,0.0
20260421 15:28:00.000,4744.875,4746.265,4742.275,4742.745,53160,0.0
20260421 15:29:00.000,4742.765,4744.285,4741.665,4742.245,51120,0.0
20260421 15:30:00.000,4742.265,4743.485,4741.725,4743.245,52950,0.0
20260421 15:31:00.000,4743.495,4744.145,4742.235,4743.525,53310,0.0
20260421 15:32:00.000,4743.465,4744.815,4742.485,4743.885,47940,0.0
20260421 15:33:00.000,4743.935,4745.555,4741.235,4742.525,47940,0.0
20260421 15:34:00.000,4742.685,4744.095,4741.155,4743.865,53370,0.0
20260421 15:35:00.000,4743.835,4744.585,4739.778,4740.975,49800,0.0
20260421 15:36:00.000,4740.865,4741.025,4736.615,4739.305,56700,0.0
20260421 15:37:00.000,4739.475,4743.955,4739.215,4743.315,53040,0.0
20260421 15:38:00.000,4743.335,4743.745,4740.965,4741.165,50640,0.0
20260421 15:39:00.000,4741.205,4742.885,4740.115,4742.605,47820,0.0
20260421 15:40:00.000,4742.885,4743.695,4741.945,4741.995,46710,0.0
20260421 15:41:00.000,4741.975,4742.295,4738.735,4739.345,46860,0.0
20260421 15:42:00.000,4739.295,4744.115,4739.165,4743.805,45150,0.0
20260421 15:43:00.000,4743.825,4746.655,4743.665,4745.545,43800,0.0
20260421 15:44:00.000,4745.575,4747.545,4745.385,4745.545,34530,0.0
20260421 15:45:00.000,4745.585,4747.245,4744.695,4745.645,42390,0.0
20260421 15:46:00.000,4745.625,4746.335,4743.795,4746.335,53550,0.0
20260421 15:47:00.000,4746.355,4749.885,4746.175,4747.715,50400,0.0
20260421 15:48:00.000,4747.735,4748.455,4746.575,4747.365,39450,0.0
20260421 15:49:00.000,4747.325,4749.075,4745.995,4745.995,42450,0.0
20260421 15:50:00.000,4745.975,4746.205,4742.965,4744.985,55500,0.0
20260421 15:51:00.000,4744.785,4745.145,4742.995,4743.855,39870,0.0
20260421 15:52:00.000,4743.815,4743.815,4741.555,4741.915,38400,0.0
20260421 15:53:00.000,4741.845,4742.345,4740.055,4740.065,41280,0.0
20260421 15:54:00.000,4740.085,4741.455,4739.455,4740.875,44370,0.0
20260421 15:55:00.000,4740.855,4741.255,4739.415,4739.605,37650,0.0
20260421 15:56:00.000,4739.625,4741.445,4738.555,4740.885,40310,0.0
20260421 15:57:00.000,4740.925,4741.545,4739.405,4740.355,37760,0.0
20260421 15:58:00.000,4740.325,4741.375,4739.915,4740.695,41370,0.0
20260421 15:59:00.000,4740.715,4741.505,4740.055,4741.425,32100,0.0
20260421 16:00:00.000,4741.385,4745.235,4741.385,4742.805,51420,0.0
20260421 16:01:00.000,4742.655,4743.485,4741.235,4741.675,51750,0.0
20260421 16:02:00.000,4741.715,4744.635,4741.715,4744.195,37770,0.0
20260421 16:03:00.000,4744.325,4746.860,4741.545,4742.845,63350,0.0
20260421 16:04:00.000,4743.185,4743.505,4739.915,4740.045,48240,0.0
20260421 16:05:00.000,4740.005,4741.175,4739.005,4739.805,46230,0.0
20260421 16:06:00.000,4739.755,4740.405,4738.925,4739.235,33810,0.0
20260421 16:07:00.000,4739.475,4740.205,4737.995,4739.675,42630,0.0
20260421 16:08:00.000,4739.655,4739.745,4736.835,4737.075,47340,0.0
20260421 16:09:00.000,4737.035,4737.125,4734.475,4735.025,47670,0.0
20260421 16:10:00.000,4734.985,4735.025,4732.495,4732.855,56070,0.0
20260421 16:11:00.000,4732.795,4733.565,4729.695,4730.265,52950,0.0
20260421 16:12:00.000,4730.305,4733.185,4730.095,4731.395,40110,0.0
20260421 16:13:00.000,4731.415,4731.545,4729.015,4729.475,41010,0.0
20260421 16:14:00.000,4729.305,4730.295,4726.635,4730.105,43320,0.0
20260421 16:15:00.000,4729.935,4731.025,4728.275,4729.725,45390,0.0
20260421 16:16:00.000,4729.705,4731.375,4728.855,4730.905,42000,0.0
20260421 16:17:00.000,4730.875,4733.935,4730.875,4733.535,38550,0.0
20260421 16:18:00.000,4733.475,4733.945,4732.335,4732.415,37020,0.0
20260421 16:19:00.000,4732.515,4733.335,4730.615,4732.125,44880,0.0
20260421 16:20:00.000,4732.065,4732.315,4727.635,4729.245,50370,0.0
20260421 16:21:00.000,4729.195,4731.015,4729.045,4730.735,35220,0.0
20260421 16:22:00.000,4730.935,4732.245,4730.625,4730.835,32310,0.0
20260421 16:23:00.000,4730.635,4730.665,4728.925,4729.175,29730,0.0
20260421 16:24:00.000,4729.115,4730.615,4727.945,4730.425,39360,0.0
20260421 16:25:00.000,4730.315,4730.355,4725.555,4726.995,38550,0.0
20260421 16:26:00.000,4726.935,4727.215,4725.875,4726.605,31980,0.0
20260421 16:27:00.000,4726.705,4726.745,4724.335,4725.185,39180,0.0
20260421 16:28:00.000,4725.325,4725.915,4719.745,4724.655,50640,0.0
20260421 16:29:00.000,4724.605,4724.605,4720.265,4720.545,42840,0.0
20260421 16:30:00.000,4720.585,4722.785,4719.745,4720.615,53220,0.0
20260421 16:31:00.000,4720.558,4724.115,4719.348,4722.515,47340,0.0
20260421 16:32:00.000,4722.715,4725.695,4722.425,4725.615,36930,0.0
20260421 16:33:00.000,4725.545,4725.765,4721.685,4722.725,38100,0.0
20260421 16:34:00.000,4722.835,4724.375,4722.285,4724.095,36900,0.0
20260421 16:35:00.000,4723.975,4727.415,4723.975,4726.455,42000,0.0
20260421 16:36:00.000,4726.415,4726.415,4722.665,4723.985,39360,0.0
20260421 16:37:00.000,4723.925,4723.985,4719.778,4721.445,43650,0.0
20260421 16:38:00.000,4721.385,4723.425,4721.205,4721.405,41160,0.0
20260421 16:39:00.000,4721.285,4724.155,4721.285,4723.585,31530,0.0
20260421 16:40:00.000,4723.555,4725.525,4722.958,4724.255,38190,0.0
20260421 16:41:00.000,4724.295,4724.875,4723.135,4724.275,47040,0.0
20260421 16:42:00.000,4724.235,4724.665,4723.115,4723.465,56010,0.0
20260421 16:43:00.000,4723.735,4724.365,4722.945,4723.435,62490,0.0
20260421 16:44:00.000,4723.405,4723.445,4720.405,4720.718,50430,0.0
20260421 16:45:00.000,4720.718,4722.565,4720.545,4722.175,38280,0.0
20260421 16:46:00.000,4722.135,4722.395,4720.045,4720.528,42000,0.0
20260421 16:47:00.000,4720.545,4721.145,4718.295,4719.535,54990,0.0
20260421 16:48:00.000,4719.555,4720.965,4719.325,4720.215,38880,0.0
20260421 16:49:00.000,4720.265,4721.815,4719.775,4721.335,35160,0.0
20260421 16:50:00.000,4721.175,4721.355,4718.325,4718.615,43290,0.0
20260421 16:51:00.000,4718.615,4719.145,4713.165,4715.125,52740,0.0
20260421 16:52:00.000,4715.095,4716.195,4713.415,4714.765,47970,0.0
20260421 16:53:00.000,4714.815,4715.265,4710.345,4711.245,50730,0.0
20260421 16:54:00.000,4711.165,4711.165,4708.065,4709.225,48810,0.0
20260421 16:55:00.000,4709.255,4712.665,4708.615,4712.305,42270,0.0
20260421 16:56:00.000,4712.325,4712.325,4708.795,4710.555,47050,0.0
20260421 16:57:00.000,4710.615,4711.845,4709.515,4710.905,40530,0.0
20260421 16:58:00.000,4710.945,4711.395,4710.035,4710.155,37950,0.0
20260421 16:59:00.000,4710.525,4712.215,4708.775,4710.865,49500,0.0
20260421 17:00:00.000,4710.935,4713.515,4710.145,4713.135,45030,0.0
20260421 17:01:00.000,4713.065,4718.955,4712.485,4717.295,50970,0.0
20260421 17:02:00.000,4717.315,4717.585,4715.595,4716.145,47520,0.0
20260421 17:03:00.000,4716.175,4717.995,4713.745,4715.245,39300,0.0
20260421 17:04:00.000,4715.225,4715.285,4712.315,4712.355,41760,0.0
20260421 17:05:00.000,4712.315,4712.415,4707.248,4709.785,80390,0.0
20260421 17:06:00.000,4709.815,4711.165,4708.005,4710.115,67240,0.0
20260421 17:07:00.000,4710.098,4710.815,4708.625,4710.145,50460,0.0
20260421 17:08:00.000,4710.205,4710.225,4707.805,4709.885,49530,0.0
20260421 17:09:00.000,4709.865,4710.545,4708.335,4710.235,58950,0.0
20260421 17:10:00.000,4710.325,4711.325,4705.765,4707.205,74800,0.0
20260421 17:11:00.000,4707.245,4707.765,4703.505,4705.505,75820,0.0
20260421 17:12:00.000,4705.565,4706.775,4700.865,4704.065,61870,0.0
20260421 17:13:00.000,4704.085,4705.415,4701.835,4704.425,53610,0.0
20260421 17:14:00.000,4704.675,4706.265,4703.335,4706.205,59340,0.0
20260421 17:15:00.000,4706.125,4708.475,4703.445,4705.435,57510,0.0
20260421 17:16:00.000,4705.565,4708.125,4705.565,4707.245,55710,0.0
20260421 17:17:00.000,4707.305,4707.965,4705.685,4705.705,57240,0.0
20260421 17:18:00.000,4705.495,4705.495,4701.205,4701.375,65399,0.0
20260421 17:19:00.000,4701.395,4701.595,4699.438,4700.575,60660,0.0
20260421 17:20:00.000,4700.625,4702.525,4699.648,4702.305,46920,0.0
20260421 17:21:00.000,4702.305,4702.645,4700.025,4701.885,55050,0.0
20260421 17:22:00.000,4701.905,4704.095,4701.355,4703.115,42750,0.0
20260421 17:23:00.000,4703.145,4704.315,4702.175,4704.005,35880,0.0
20260421 17:24:00.000,4704.085,4705.575,4702.775,4703.285,48120,0.0
20260421 17:25:00.000,4703.275,4705.445,4702.335,4703.365,57150,0.0
20260421 17:26:00.000,4703.325,4703.415,4699.015,4699.208,47280,0.0
20260421 17:27:00.000,4699.208,4700.515,4698.695,4699.145,46890,0.0
20260421 17:28:00.000,4699.125,4699.955,4697.415,4699.715,45780,0.0
20260421 17:29:00.000,4699.685,4701.655,4698.965,4699.625,55740,0.0
20260421 17:30:00.000,4699.815,4700.365,4696.645,4698.125,50520,0.0
20260421 17:31:00.000,4697.985,4701.645,4697.905,4701.335,39660,0.0
20260421 17:32:00.000,4701.575,4704.895,4701.305,4704.855,50970,0.0
20260421 17:33:00.000,4704.975,4706.025,4704.335,4704.705,35310,0.0
20260421 17:34:00.000,4704.645,4705.405,4702.325,4705.275,44400,0.0
20260421 17:35:00.000,4704.895,4706.925,4704.285,4705.945,49110,0.0
20260421 17:36:00.000,4706.035,4707.075,4703.885,4704.625,44370,0.0
20260421 17:37:00.000,4704.655,4705.595,4704.115,4704.965,29520,0.0
20260421 17:38:00.000,4704.935,4710.445,4704.645,4707.915,43410,0.0
20260421 17:39:00.000,4707.945,4710.855,4704.695,4708.865,70420,0.0
20260421 17:40:00.000,4708.765,4712.085,4706.755,4707.975,84250,0.0
20260421 17:41:00.000,4708.055,4710.845,4706.698,4709.925,79560,0.0
20260421 17:42:00.000,4709.865,4716.265,4709.085,4715.965,67070,0.0
20260421 17:43:00.000,4715.575,4722.055,4714.898,4719.515,68510,0.0
20260421 17:44:00.000,4719.775,4719.775,4716.375,4717.495,64080,0.0
20260421 17:45:00.000,4717.535,4718.298,4713.978,4714.018,67650,0.0
20260421 17:46:00.000,4714.058,4714.358,4711.985,4713.838,70590,0.0
20260421 17:47:00.000,4713.758,4713.938,4711.575,4712.858,52720,0.0
20260421 17:48:00.000,4712.858,4715.188,4712.858,4713.548,59140,0.0
20260421 17:49:00.000,4713.598,4713.705,4711.035,4711.628,40320,0.0
20260421 17:50:00.000,4711.628,4712.238,4710.675,4710.855,36120,0.0
20260421 17:51:00.000,4710.785,4711.775,4709.515,4710.625,38490,0.0
20260421 17:52:00.000,4710.685,4712.075,4709.835,4710.095,36180,0.0
20260421 17:53:00.000,4710.125,4710.265,4708.388,4708.835,38040,0.0
20260421 17:54:00.000,4708.808,4709.415,4706.715,4706.925,44790,0.0
20260421 17:55:00.000,4706.925,4707.435,4705.958,4706.565,52440,0.0
20260421 17:56:00.000,4706.675,4707.755,4705.745,4706.795,58080,0.0
20260421 17:57:00.000,4706.845,4709.895,4706.805,4709.765,55410,0.0
20260421 17:58:00.000,4709.765,4709.995,4707.945,4709.405,35520,0.0
20260421 17:59:00.000,4709.345,4711.195,4708.305,4710.875,41760,0.0
20260421 18:00:00.000,4710.785,4713.325,4710.765,4712.985,48390,0.0
20260421 18:01:00.000,4712.945,4714.455,4712.405,4713.535,47100,0.0
20260421 18:02:00.000,4713.735,4714.315,4711.355,4712.945,56160,0.0
20260421 18:03:00.000,4712.965,4713.225,4711.355,4711.585,38940,0.0
20260421 18:04:00.000,4711.545,4711.545,4709.875,4710.405,40110,0.0
20260421 18:05:00.000,4710.425,4713.195,4708.545,4709.735,56940,0.0
20260421 18:06:00.000,4709.718,4710.288,4709.238,4710.188,40680,0.0
20260421 18:07:00.000,4710.198,4711.015,4708.558,4709.645,40800,0.0
20260421 18:08:00.000,4709.648,4710.445,4709.268,4709.355,33210,0.0
20260421 18:09:00.000,4709.355,4710.545,4707.875,4707.985,34050,0.0
20260421 18:10:00.000,4707.965,4708.098,4704.675,4705.165,44100,0.0
20260421 18:11:00.000,4705.225,4705.745,4704.395,4705.615,37560,0.0
20260421 18:12:00.000,4705.645,4706.735,4703.475,4704.385,36240,0.0
20260421 18:13:00.000,4704.445,4704.845,4703.925,4704.725,27360,0.0
20260421 18:14:00.000,4704.708,4705.125,4703.745,4704.255,23430,0.0
20260421 18:15:00.000,4704.225,4704.665,4702.158,4702.255,37530,0.0
20260421 18:16:00.000,4702.255,4702.805,4694.235,4698.725,70770,0.0
20260421 18:17:00.000,4698.695,4699.885,4695.695,4697.075,70290,0.0
20260421 18:18:00.000,4697.085,4698.475,4695.245,4696.755,58380,0.0
20260421 18:19:00.000,4696.785,4697.485,4695.365,4695.865,65550,0.0
20260421 18:20:00.000,4695.905,4696.445,4695.065,4696.425,47670,0.0
20260421 18:21:00.000,4696.475,4697.575,4695.615,4696.975,55410,0.0
20260421 18:22:00.000,4696.955,4696.965,4692.955,4693.725,68550,0.0
20260421 18:23:00.000,4693.725,4695.585,4693.105,4694.455,65890,0.0
20260421 18:24:00.000,4694.455,4695.405,4693.595,4695.005,62730,0.0
20260421 18:25:00.000,4694.865,4696.115,4693.445,4693.795,68100,0.0
20260421 18:26:00.000,4693.795,4694.215,4692.875,4693.195,41650,0.0
20260421 18:27:00.000,4693.567,4694.375,4692.088,4692.525,56080,0.0
20260421 18:28:00.000,4692.545,4694.905,4692.395,4694.185,51780,0.0
20260421 18:29:00.000,4694.095,4696.245,4693.515,4696.245,50220,0.0
20260421 18:30:00.000,4696.265,4700.525,4696.265,4698.315,54810,0.0
20260421 18:31:00.000,4698.255,4700.905,4697.898,4700.905,48750,0.0
20260421 18:32:00.000,4700.935,4701.455,4699.995,4701.015,58110,0.0
20260421 18:33:00.000,4701.055,4702.895,4700.595,4701.975,54030,0.0
20260421 18:34:00.000,4702.025,4702.755,4701.385,4702.045,49980,0.0
20260421 18:35:00.000,4702.065,4702.415,4700.585,4702.205,50670,0.0
20260421 18:36:00.000,4702.155,4703.355,4701.595,4702.675,47730,0.0
20260421 18:37:00.000,4702.785,4702.955,4700.428,4701.105,55380,0.0
20260421 18:38:00.000,4701.105,4701.865,4699.898,4701.535,57480,0.0
20260421 18:39:00.000,4701.498,4701.725,4700.525,4701.125,43560,0.0
20260421 18:40:00.000,4701.155,4701.845,4700.205,4700.885,44490,0.0
20260421 18:41:00.000,4700.925,4701.955,4700.125,4700.395,44940,0.0
20260421 18:42:00.000,4700.415,4700.755,4699.248,4700.195,47310,0.0
20260421 18:43:00.000,4700.195,4700.715,4699.835,4700.015,40410,0.0
20260421 18:44:00.000,4699.975,4703.505,4699.975,4702.905,38760,0.0
20260421 18:45:00.000,4702.905,4702.955,4701.005,4702.425,37620,0.0
20260421 18:46:00.000,4702.395,4703.985,4701.735,4703.565,44700,0.0
20260421 18:47:00.000,4703.505,4703.735,4701.955,4702.535,33300,0.0
20260421 18:48:00.000,4702.505,4703.275,4701.835,4702.545,28980,0.0
20260421 18:49:00.000,4702.515,4702.855,4701.545,4701.805,43110,0.0
20260421 18:50:00.000,4701.775,4701.845,4700.295,4701.265,39930,0.0
20260421 18:51:00.000,4701.295,4701.295,4698.805,4700.885,43110,0.0
20260421 18:52:00.000,4700.905,4701.415,4699.395,4699.495,36810,0.0
20260421 18:53:00.000,4699.795,4700.225,4699.435,4699.455,28200,0.0
20260421 18:54:00.000,4699.505,4710.415,4699.255,4709.125,47880,0.0
20260421 18:55:00.000,4709.155,4713.805,4705.825,4706.425,77410,0.0
20260421 18:56:00.000,4706.465,4706.465,4704.205,4705.325,60390,0.0
20260421 18:57:00.000,4705.225,4710.345,4704.435,4708.655,63150,0.0
20260421 18:58:00.000,4708.245,4708.485,4706.945,4707.415,45600,0.0
20260421 18:59:00.000,4707.465,4709.675,4706.805,4709.165,48000,0.0
20260421 19:00:00.000,4709.605,4712.115,4707.175,4708.135,52740,0.0
20260421 19:01:00.000,4708.295,4711.195,4707.075,4708.115,48840,0.0
20260421 19:02:00.000,4708.015,4711.425,4708.015,4709.385,43260,0.0
20260421 19:03:00.000,4709.298,4710.975,4707.985,4708.945,47980,0.0
20260421 19:04:00.000,4708.928,4709.935,4708.225,4709.175,43200,0.0
20260421 19:05:00.000,4709.245,4710.955,4708.988,4710.205,263600,0.0
20260421 19:06:00.000,4710.205,4710.205,4707.635,4708.585,254190,0.0
20260421 19:07:00.000,4708.565,4710.165,4708.005,4710.115,186690,0.0
20260421 19:08:00.000,4709.845,4710.135,4708.355,4709.425,186940,0.0
20260421 19:09:00.000,4709.495,4710.505,4709.075,4709.445,211890,0.0
20260421 19:10:00.000,4709.445,4709.505,4707.325,4707.595,193810,0.0
20260421 19:11:00.000,4707.625,4711.075,4707.265,4711.075,102730,0.0
20260421 19:12:00.000,4711.075,4712.585,4710.585,4710.685,129420,0.0
20260421 19:13:00.000,4710.315,4711.735,4710.235,4710.805,135790,0.0
20260421 19:14:00.000,4710.815,4712.755,4704.078,4707.085,213270,0.0
20260421 19:15:00.000,4707.085,4709.645,4704.845,4707.545,353800,0.0
20260421 19:16:00.000,4707.695,4710.145,4707.695,4709.255,254220,0.0
20260421 19:17:00.000,4709.285,4709.445,4706.685,4707.428,170280,0.0
20260421 19:18:00.000,4707.438,4707.705,4706.515,4707.365,105740,0.0
20260421 19:19:00.000,4707.345,4707.515,4705.995,4706.295,168400,0.0
20260421 19:20:00.000,4706.275,4707.028,4705.245,4706.075,150180,0.0
20260421 19:21:00.000,4706.065,4712.258,4705.688,4709.525,172510,0.0
20260421 19:22:00.000,4709.395,4711.685,4709.395,4710.585,113340,0.0
20260421 19:23:00.000,4710.405,4712.555,4710.065,4712.205,34950,0.0
20260421 19:24:00.000,4712.148,4714.005,4711.775,4714.005,36060,0.0
20260421 19:25:00.000,4714.085,4714.825,4712.095,4713.615,41700,0.0
20260421 19:26:00.000,4713.625,4714.655,4711.155,4712.495,41520,0.0
20260421 19:27:00.000,4712.345,4712.465,4709.935,4710.315,46320,0.0
20260421 19:28:00.000,4710.285,4713.125,4710.065,4712.505,47130,0.0
20260421 19:29:00.000,4712.485,4714.015,4711.435,4713.715,43290,0.0
20260421 19:30:00.000,4713.785,4714.565,4712.425,4712.895,53610,0.0
20260421 19:31:00.000,4712.865,4713.275,4712.045,4712.795,46050,0.0
20260421 19:32:00.000,4712.825,4714.065,4712.405,4713.785,34980,0.0
20260421 19:33:00.000,4713.765,4713.895,4711.555,4711.975,40650,0.0
20260421 19:34:00.000,4711.955,4711.995,4709.925,4710.285,34350,0.0
20260421 19:35:00.000,4710.285,4710.285,4705.555,4705.585,43110,0.0
20260421 19:36:00.000,4705.645,4707.375,4703.935,4704.105,58380,0.0
20260421 19:37:00.000,4704.315,4704.545,4702.695,4703.425,41970,0.0
20260421 19:38:00.000,4703.905,4704.125,4698.715,4700.385,61080,0.0
20260421 19:39:00.000,4700.395,4700.845,4698.805,4700.715,68610,0.0
20260421 19:40:00.000,4700.898,4701.055,4697.725,4698.885,86130,0.0
20260421 19:41:00.000,4699.018,4700.078,4689.198,4690.175,110910,0.0
20260421 19:42:00.000,4690.285,4690.285,4677.488,4678.398,157050,0.0
20260421 19:43:00.000,4678.658,4681.465,4672.755,4673.565,105520,0.0
20260421 19:44:00.000,4673.615,4674.125,4668.275,4671.445,89550,0.0
20260421 19:45:00.000,4671.795,4678.575,4670.725,4678.215,87540,0.0
20260421 19:46:00.000,4678.215,4679.305,4672.078,4673.888,109040,0.0
20260421 19:47:00.000,4673.898,4681.995,4673.888,4679.805,157700,0.0
20260421 19:48:00.000,4679.705,4681.825,4678.565,4681.825,77370,0.0
20260421 19:49:00.000,4681.795,4684.555,4679.605,4682.025,79470,0.0
20260421 19:50:00.000,4681.765,4685.525,4680.658,4681.045,92010,0.0
20260421 19:51:00.000,4681.005,4681.515,4676.925,4678.245,85980,0.0
20260421 19:52:00.000,4678.215,4678.215,4676.465,4677.125,83220,0.0
20260421 19:53:00.000,4676.985,4679.305,4676.815,4678.205,76620,0.0
20260421 19:54:00.000,4678.095,4682.125,4678.095,4679.898,75960,0.0
20260421 19:55:00.000,4680.005,4684.195,4679.608,4682.778,148180,0.0
20260421 19:56:00.000,4682.958,4683.458,4679.088,4680.518,166600,0.0
20260421 19:57:00.000,4680.278,4680.798,4677.598,4678.678,180930,0.0
20260421 19:58:00.000,4678.678,4678.738,4676.408,4678.365,151470,0.0
20260421 19:59:00.000,4678.375,4679.165,4676.405,4678.875,137220,0.0
20260421 20:00:00.000,4678.875,4679.058,4676.728,4677.655,69990,0.0
20260421 20:01:00.000,4677.705,4678.035,4676.015,4677.508,48240,0.0
20260421 20:02:00.000,4677.278,4678.138,4675.095,4675.385,39690,0.0
20260421 20:03:00.000,4675.378,4678.965,4674.205,4678.935,39240,0.0
20260421 20:04:00.000,4678.895,4679.375,4676.385,4676.545,30150,0.0
20260421 20:05:00.000,4676.615,4677.555,4675.385,4675.875,32639,0.0
20260421 20:06:00.000,4675.815,4675.845,4670.505,4671.375,38080,0.0
20260421 20:07:00.000,4671.375,4671.855,4670.075,4671.365,24390,0.0
20260421 20:08:00.000,4671.215,4671.915,4668.685,4669.538,32699,0.0
20260421 20:09:00.000,4669.538,4682.815,4669.155,4679.438,48450,0.0
20260421 20:10:00.000,4681.225,4696.265,4678.965,4692.925,102540,0.0
20260421 20:11:00.000,4693.678,4699.125,4690.325,4698.455,79230,0.0
20260421 20:12:00.000,4698.435,4702.045,4694.745,4697.205,85590,0.0
20260421 20:13:00.000,4697.358,4698.745,4694.125,4695.035,80400,0.0
20260421 20:14:00.000,4694.828,4697.005,4694.285,4696.755,66000,0.0
20260421 20:15:00.000,4697.375,4700.255,4694.525,4696.365,60310,0.0
20260421 20:16:00.000,4696.405,4709.895,4696.335,4707.815,63630,0.0
20260421 20:17:00.000,4707.625,4707.965,4703.758,4706.555,56940,0.0
20260421 20:18:00.000,4706.525,4708.165,4701.038,4701.615,58380,0.0
20260421 20:19:00.000,4701.705,4702.975,4700.115,4702.935,37800,0.0
20260421 20:20:00.000,4702.885,4705.505,4702.055,4703.985,48300,0.0
20260421 20:21:00.000,4704.025,4704.975,4702.535,4703.855,33810,0.0
20260421 20:22:00.000,4703.825,4707.855,4703.675,4707.855,33840,0.0
20260421 20:23:00.000,4708.045,4708.815,4707.235,4708.335,32490,0.0
20260421 20:24:00.000,4708.445,4711.035,4707.375,4709.615,38430,0.0
20260421 20:25:00.000,4709.525,4710.395,4708.055,4708.548,30660,0.0
20260421 20:26:00.000,4708.548,4708.905,4705.558,4705.558,37380,0.0
20260421 20:27:00.000,4705.565,4707.008,4705.468,4706.135,22410,0.0
20260421 20:28:00.000,4706.175,4706.965,4704.895,4705.915,22770,0.0
20260421 20:29:00.000,4705.965,4707.105,4704.998,4705.395,27090,0.0
20260421 20:30:00.000,4705.425,4706.568,4705.028,4706.148,31289,0.0
20260421 20:31:00.000,4706.265,4708.195,4705.795,4706.388,34200,0.0
20260421 20:32:00.000,4706.235,4707.175,4705.658,4706.918,27750,0.0
20260421 20:33:00.000,4706.918,4709.775,4706.878,4708.448,27990,0.0
20260421 20:34:00.000,4708.448,4710.065,4708.448,4709.955,25620,0.0
20260421 20:35:00.000,4709.985,4711.765,4709.558,4710.088,21480,0.0
20260421 20:36:00.000,4710.138,4710.628,4709.595,4709.745,22830,0.0
20260421 20:37:00.000,4709.745,4711.858,4709.588,4710.765,22590,0.0
20260421 20:38:00.000,4710.795,4712.415,4710.025,4712.028,20970,0.0
20260421 20:39:00.000,4712.038,4713.525,4711.838,4712.285,23970,0.0
20260421 20:40:00.000,4712.305,4712.305,4710.385,4710.608,22320,0.0
20260421 20:41:00.000,4710.635,4712.345,4710.508,4712.035,22590,0.0
20260421 20:42:00.000,4712.075,4712.655,4710.345,4711.688,23340,0.0
20260421 20:43:00.000,4711.728,4712.055,4711.205,4711.478,17340,0.0
20260421 20:44:00.000,4711.508,4711.518,4710.105,4711.175,24030,0.0
20260421 20:45:00.000,4711.138,4711.995,4709.945,4710.025,25960,0.0
20260421 20:46:00.000,4709.975,4710.835,4709.218,4709.948,24960,0.0
20260421 20:47:00.000,4709.955,4712.265,4709.955,4711.655,28530,0.0
20260421 20:48:00.000,4711.745,4713.595,4711.725,4712.945,27450,0.0
20260421 20:49:00.000,4712.635,4713.915,4712.185,4713.065,18900,0.0
20260421 20:50:00.000,4713.145,4714.635,4711.788,4712.295,22650,0.0
20260421 20:51:00.000,4712.315,4713.185,4711.365,4713.125,23100,0.0
20260421 20:52:00.000,4713.485,4717.875,4713.485,4717.855,25290,0.0
20260421 20:53:00.000,4717.795,4718.505,4716.515,4716.995,27840,0.0
20260421 20:54:00.000,4717.025,4718.445,4716.385,4716.875,29160,0.0
20260421 20:55:00.000,4716.895,4718.895,4716.365,4717.105,29520,0.0
20260421 20:56:00.000,4717.148,4718.365,4716.825,4718.365,19260,0.0
20260421 20:57:00.000,4718.255,4718.915,4717.945,4718.515,18240,0.0
20260421 20:58:00.000,4718.485,4719.885,4718.308,4719.835,24660,0.0
20260421 20:59:00.000,4720.185,4720.585,4718.165,4720.045,23070,0.0
20260421 22:00:00.000,4720.145,4725.645,4715.055,4720.925,58140,0.0
20260421 22:01:00.000,4720.725,4725.045,4720.198,4723.795,36540,0.0
20260421 22:02:00.000,4723.925,4729.005,4723.135,4726.625,46710,0.0
20260421 22:03:00.000,4726.595,4729.035,4723.685,4726.185,41940,0.0
20260421 22:04:00.000,4726.225,4726.985,4724.635,4725.345,24030,0.0
20260421 22:05:00.000,4725.495,4725.845,4721.375,4721.565,26310,0.0
20260421 22:06:00.000,4721.555,4723.935,4721.295,4722.645,24270,0.0
20260421 22:07:00.000,4722.605,4723.325,4719.085,4720.875,27240,0.0
20260421 22:08:00.000,4720.775,4721.095,4717.743,4719.595,23400,0.0
20260421 22:09:00.000,4719.615,4720.875,4717.870,4720.415,18240,0.0
20260421 22:10:00.000,4720.385,4720.765,4718.365,4719.725,12300,0.0
20260421 22:11:00.000,4719.765,4722.505,4719.765,4722.175,21270,0.0
20260421 22:12:00.000,4722.265,4722.405,4720.505,4722.285,9210,0.0
20260421 22:13:00.000,4722.305,4723.245,4721.885,4721.995,4950,0.0
20260421 22:14:00.000,4721.875,4723.135,4721.086,4721.565,7740,0.0
20260421 22:15:00.000,4721.535,4721.635,4719.455,4719.455,15810,0.0
20260421 22:16:00.000,4719.485,4720.105,4719.005,4719.555,14760,0.0
20260421 22:17:00.000,4719.945,4719.975,4719.025,4719.305,5610,0.0
20260421 22:18:00.000,4719.275,4720.535,4719.275,4719.655,9150,0.0
20260421 22:19:00.000,4719.675,4720.575,4719.675,4720.335,8520,0.0
20260421 22:20:00.000,4720.305,4720.435,4717.795,4718.335,10920,0.0
20260421 22:21:00.000,4718.365,4718.445,4717.955,4718.085,6690,0.0
20260421 22:22:00.000,4718.145,4718.375,4717.895,4718.345,5040,0.0
20260421 22:23:00.000,4718.315,4718.315,4716.165,4716.785,12750,0.0
20260421 22:24:00.000,4716.945,4717.855,4716.945,4717.855,7770,0.0
20260421 22:25:00.000,4718.048,4718.265,4717.315,4718.235,7260,0.0
20260421 22:26:00.000,4718.165,4719.925,4718.125,4719.485,9180,0.0
20260421 22:27:00.000,4719.505,4719.505,4716.685,4717.135,7680,0.0
20260421 22:28:00.000,4717.155,4717.285,4716.645,4716.815,5310,0.0
20260421 22:29:00.000,4716.835,4718.905,4716.695,4718.775,8850,0.0
20260421 22:30:00.000,4718.745,4719.055,4716.315,4716.425,10410,0.0
20260421 22:31:00.000,4716.445,4718.475,4716.445,4717.015,12390,0.0
20260421 22:32:00.000,4716.945,4718.655,4716.545,4718.595,8580,0.0
20260421 22:33:00.000,4718.335,4718.375,4716.555,4716.615,6090,0.0
20260421 22:34:00.000,4716.595,4717.385,4716.575,4717.295,6480,0.0
20260421 22:35:00.000,4717.315,4718.345,4717.315,4718.245,5250,0.0
20260421 22:36:00.000,4718.215,4718.215,4717.105,4717.605,4290,0.0
20260421 22:37:00.000,4717.795,4718.295,4717.175,4718.005,9180,0.0
20260421 22:38:00.000,4717.775,4719.375,4717.575,4719.125,10080,0.0
20260421 22:39:00.000,4719.145,4719.195,4717.715,4718.285,7410,0.0
20260421 22:40:00.000,4718.305,4718.705,4717.665,4718.605,9150,0.0
20260421 22:41:00.000,4718.595,4718.595,4716.635,4716.775,9420,0.0
20260421 22:42:00.000,4716.785,4717.005,4715.765,4716.745,8159,0.0
20260421 22:43:00.000,4716.725,4717.575,4716.275,4717.165,7260,0.0
20260421 22:44:00.000,4717.305,4717.425,4716.655,4716.655,6810,0.0
20260421 22:45:00.000,4716.645,4718.295,4716.605,4718.255,8280,0.0
20260421 22:46:00.000,4718.195,4718.625,4717.895,4718.495,4560,0.0
20260421 22:47:00.000,4718.475,4718.595,4717.105,4717.525,11100,0.0
20260421 22:48:00.000,4716.595,4717.465,4716.565,4717.465,5670,0.0
20260421 22:49:00.000,4717.525,4717.958,4715.735,4716.465,9870,0.0
20260421 22:50:00.000,4716.495,4716.615,4715.275,4715.545,10770,0.0
20260421 22:51:00.000,4715.575,4716.795,4715.345,4716.175,12690,0.0
20260421 22:52:00.000,4716.245,4718.125,4716.245,4717.215,12000,0.0
20260421 22:53:00.000,4717.165,4717.695,4717.038,4717.525,8190,0.0
20260421 22:54:00.000,4717.565,4719.235,4717.485,4718.355,14010,0.0
20260421 22:55:00.000,4718.585,4719.795,4718.455,4719.255,8039,0.0
20260421 22:56:00.000,4719.315,4719.715,4718.905,4719.315,8310,0.0
20260421 22:57:00.000,4719.305,4719.575,4717.245,4717.475,10740,0.0
20260421 22:58:00.000,4717.495,4718.098,4717.088,4717.918,38880,0.0
20260421 22:59:00.000,4717.918,4719.178,4717.918,4718.998,45660,0.0
20260421 23:00:00.000,4718.968,4720.088,4717.528,4719.748,58080,0.0
20260421 23:01:00.000,4719.698,4722.338,4719.618,4721.168,65950,0.0
20260421 23:02:00.000,4721.188,4721.188,4719.148,4720.688,54980,0.0
20260421 23:03:00.000,4720.468,4721.778,4720.268,4720.468,50040,0.0
20260421 23:04:00.000,4720.568,4721.568,4720.478,4721.085,42690,0.0
20260421 23:05:00.000,4721.308,4722.828,4721.308,4721.948,56840,0.0
20260421 23:06:00.000,4721.928,4723.218,4721.445,4721.698,65169,0.0
20260421 23:07:00.000,4721.698,4722.308,4720.945,4721.498,42180,0.0
20260421 23:08:00.000,4721.508,4723.778,4721.508,4723.438,52740,0.0
20260421 23:09:00.000,4723.398,4725.548,4723.248,4724.578,72540,0.0
20260421 23:10:00.000,4724.568,4725.365,4724.508,4724.725,14970,0.0
20260421 23:11:00.000,4724.745,4725.395,4724.695,4725.115,10740,0.0
20260421 23:12:00.000,4725.175,4726.575,4724.748,4726.505,9210,0.0
20260421 23:13:00.000,4726.605,4729.535,4726.355,4729.455,17700,0.0
20260421 23:14:00.000,4729.485,4729.485,4727.025,4727.195,17400,0.0
20260421 23:15:00.000,4727.175,4727.905,4726.085,4726.835,17100,0.0
20260421 23:16:00.000,4726.945,4727.815,4726.785,4727.165,11730,0.0
20260421 23:17:00.000,4727.425,4728.715,4727.235,4727.265,10950,0.0
20260421 23:18:00.000,4727.295,4729.575,4727.295,4729.335,15540,0.0
20260421 23:19:00.000,4729.395,4732.795,4729.335,4731.465,24570,0.0
20260421 23:20:00.000,4731.275,4731.735,4730.215,4731.315,17130,0.0
20260421 23:21:00.000,4731.125,4732.365,4730.545,4731.585,12750,0.0
20260421 23:22:00.000,4731.535,4732.335,4731.245,4732.175,11490,0.0
20260421 23:23:00.000,4732.205,4732.205,4730.865,4731.905,12990,0.0
20260421 23:24:00.000,4731.965,4732.815,4731.555,4732.445,18930,0.0
20260421 23:25:00.000,4732.425,4732.845,4731.825,4731.985,11580,0.0
20260421 23:26:00.000,4731.935,4732.565,4731.035,4731.935,13140,0.0
20260421 23:27:00.000,4731.975,4732.335,4730.375,4730.745,11190,0.0
20260421 23:28:00.000,4730.825,4731.255,4730.195,4730.665,10140,0.0
20260421 23:29:00.000,4730.635,4730.925,4729.755,4729.755,10530,0.0
20260421 23:30:00.000,4729.805,4731.305,4729.205,4730.855,11130,0.0
20260421 23:31:00.000,4730.785,4731.015,4730.285,4730.575,10050,0.0
20260421 23:32:00.000,4730.595,4732.645,4730.595,4732.565,10650,0.0
20260421 23:33:00.000,4732.535,4733.175,4732.155,4732.855,11370,0.0
20260421 23:34:00.000,4732.805,4733.145,4731.705,4732.195,9210,0.0
20260421 23:35:00.000,4732.125,4733.605,4730.075,4730.315,19650,0.0
20260421 23:36:00.000,4730.335,4731.255,4729.435,4730.535,11490,0.0
20260421 23:37:00.000,4730.845,4731.365,4730.485,4730.685,8010,0.0
20260421 23:38:00.000,4730.635,4731.315,4729.775,4729.775,7710,0.0
20260421 23:39:00.000,4729.755,4730.265,4728.665,4730.265,10380,0.0
20260421 23:40:00.000,4730.295,4731.455,4730.255,4730.345,10320,0.0
20260421 23:41:00.000,4730.385,4732.595,4730.385,4731.015,11100,0.0
20260421 23:42:00.000,4730.995,4731.995,4730.085,4730.165,11670,0.0
20260421 23:43:00.000,4730.135,4730.605,4729.105,4729.355,9510,0.0
20260421 23:44:00.000,4729.615,4731.995,4729.435,4731.525,9510,0.0
20260421 23:45:00.000,4731.495,4735.255,4731.285,4734.495,26280,0.0
20260421 23:46:00.000,4734.525,4735.795,4734.525,4735.565,21390,0.0
20260421 23:47:00.000,4735.545,4735.885,4734.665,4735.295,12510,0.0
20260421 23:48:00.000,4735.155,4735.435,4733.745,4733.865,15390,0.0
20260421 23:49:00.000,4733.845,4738.255,4733.595,4737.935,21030,0.0
20260421 23:50:00.000,4737.885,4738.445,4736.455,4737.315,17790,0.0
20260421 23:51:00.000,4737.245,4738.475,4736.995,4738.455,15930,0.0
20260421 23:52:00.000,4738.425,4740.345,4738.425,4739.715,21060,0.0
20260421 23:53:00.000,4739.615,4739.835,4738.685,4738.785,13410,0.0
20260421 23:54:00.000,4738.815,4739.335,4738.075,4738.875,15390,0.0
20260421 23:55:00.000,4738.815,4739.305,4738.295,4738.365,13950,0.0
20260421 23:56:00.000,4738.395,4738.585,4737.375,4737.765,17130,0.0
20260421 23:57:00.000,4737.745,4738.695,4736.975,4737.705,17490,0.0
20260421 23:58:00.000,4737.745,4739.235,4736.865,4739.155,21900,0.0
20260421 23:59:00.000,4739.185,4739.185,4737.325,4737.795,17460,0.0
20260422 00:00:00.000,4737.765,4743.185,4737.765,4742.505,41070,0.0
20260422 00:01:00.000,4742.465,4743.035,4741.435,4742.595,28530,0.0
20260422 00:02:00.000,4742.525,4744.995,4742.425,4744.905,29520,0.0
20260422 00:03:00.000,4744.885,4745.285,4743.715,4744.285,20220,0.0
20260422 00:04:00.000,4744.325,4744.425,4742.285,4742.895,22410,0.0
20260422 00:05:00.000,4742.955,4744.825,4742.195,4743.745,20160,0.0
20260422 00:06:00.000,4743.695,4744.025,4740.525,4741.185,25860,0.0
20260422 00:07:00.000,4741.165,4743.245,4741.165,4742.495,21480,0.0
20260422 00:08:00.000,4742.515,4744.725,4742.495,4744.295,17400,0.0
20260422 00:09:00.000,4744.365,4747.305,4744.235,4744.335,31140,0.0
20260422 00:10:00.000,4744.165,4745.215,4743.425,4743.915,22920,0.0
20260422 00:11:00.000,4743.745,4745.995,4742.805,4745.765,22680,0.0
20260422 00:12:00.000,4745.815,4746.195,4744.815,4744.985,26430,0.0
20260422 00:13:00.000,4745.025,4745.025,4743.165,4744.525,17370,0.0
20260422 00:14:00.000,4744.545,4744.835,4742.505,4742.645,19560,0.0
20260422 00:15:00.000,4742.675,4743.035,4740.935,4742.025,28830,0.0
20260422 00:16:00.000,4741.895,4743.055,4741.405,4742.815,19890,0.0
20260422 00:17:00.000,4743.175,4744.545,4743.035,4743.405,25200,0.0
20260422 00:18:00.000,4743.375,4745.175,4743.305,4745.095,21720,0.0
20260422 00:19:00.000,4745.065,4745.345,4743.085,4743.185,17340,0.0
20260422 00:20:00.000,4743.145,4743.515,4741.775,4743.215,20580,0.0
20260422 00:21:00.000,4743.195,4743.745,4742.725,4743.475,16230,0.0
20260422 00:22:00.000,4743.425,4745.565,4743.305,4744.108,17130,0.0
20260422 00:23:00.000,4744.135,4744.825,4742.655,4742.655,14880,0.0
20260422 00:24:00.000,4742.605,4742.605,4741.045,4741.495,27570,0.0
20260422 00:25:00.000,4741.465,4741.805,4740.168,4741.585,29610,0.0
20260422 00:26:00.000,4741.505,4744.795,4741.475,4743.975,23520,0.0
20260422 00:27:00.000,4743.955,4743.955,4742.475,4743.155,14520,0.0
20260422 00:28:00.000,4743.095,4743.095,4741.325,4741.525,17580,0.0
20260422 00:29:00.000,4741.468,4742.295,4741.245,4742.295,15869,0.0
20260422 00:30:00.000,4742.265,4744.025,4741.915,4743.855,19890,0.0
20260422 00:31:00.000,4743.875,4746.655,4743.875,4746.635,20490,0.0
20260422 00:32:00.000,4746.595,4746.845,4745.315,4746.105,23340,0.0
20260422 00:33:00.000,4746.135,4746.155,4744.185,4744.375,19980,0.0
20260422 00:34:00.000,4744.415,4745.545,4744.075,4744.995,16050,0.0
20260422 00:35:00.000,4744.945,4745.285,4743.775,4744.225,14700,0.0
20260422 00:36:00.000,4744.235,4744.925,4743.138,4743.155,17700,0.0
20260422 00:37:00.000,4743.265,4743.975,4743.238,4743.905,15270,0.0
20260422 00:38:00.000,4743.935,4744.875,4743.075,4744.245,19500,0.0
20260422 00:39:00.000,4744.225,4744.725,4743.855,4744.685,11010,0.0
20260422 00:40:00.000,4744.725,4745.025,4743.245,4743.565,16200,0.0
20260422 00:41:00.000,4743.585,4744.955,4743.465,4744.395,15930,0.0
20260422 00:42:00.000,4744.275,4744.885,4743.405,4743.925,13050,0.0
20260422 00:43:00.000,4743.895,4744.665,4743.735,4744.235,9030,0.0
20260422 00:44:00.000,4744.215,4744.215,4741.175,4741.915,17220,0.0
20260422 00:45:00.000,4741.895,4742.825,4741.005,4742.385,20430,0.0
20260422 00:46:00.000,4742.425,4744.275,4742.305,4744.025,20490,0.0
20260422 00:47:00.000,4743.965,4745.625,4743.625,4745.455,18030,0.0
20260422 00:48:00.000,4745.395,4746.575,4743.335,4744.165,15480,0.0
20260422 00:49:00.000,4744.555,4745.075,4743.188,4743.415,15210,0.0
20260422 00:50:00.000,4743.345,4744.195,4742.245,4742.315,21150,0.0
20260422 00:51:00.000,4742.445,4743.075,4741.645,4743.045,19170,0.0
20260422 00:52:00.000,4743.085,4743.085,4741.435,4741.895,14940,0.0
20260422 00:53:00.000,4742.135,4742.345,4740.125,4740.175,16920,0.0
20260422 00:54:00.000,4740.205,4740.345,4739.395,4739.805,19380,0.0
20260422 00:55:00.000,4739.835,4740.195,4739.335,4739.605,18150,0.0
20260422 00:56:00.000,4739.675,4741.555,4739.675,4741.035,16770,0.0
20260422 00:57:00.000,4740.965,4741.645,4740.705,4741.345,17520,0.0
20260422 00:58:00.000,4741.375,4741.375,4738.258,4738.465,17340,0.0
20260422 00:59:00.000,4738.495,4741.195,4738.495,4739.595,24720,0.0
20260422 01:00:00.000,4739.505,4742.025,4737.325,4741.805,55260,0.0
20260422 01:01:00.000,4741.875,4743.165,4739.405,4741.325,38100,0.0
20260422 01:02:00.000,4741.655,4745.005,4741.245,4742.385,38550,0.0
20260422 01:03:00.000,4742.295,4743.715,4741.155,4743.295,40470,0.0
20260422 01:04:00.000,4743.195,4743.915,4740.095,4740.285,39750,0.0
20260422 01:05:00.000,4740.495,4741.445,4738.865,4739.425,32910,0.0
20260422 01:06:00.000,4739.408,4740.195,4738.535,4738.985,34500,0.0
20260422 01:07:00.000,4739.015,4739.395,4735.785,4736.065,41760,0.0
20260422 01:08:00.000,4736.005,4739.655,4735.565,4738.925,32790,0.0
20260422 01:09:00.000,4738.905,4741.015,4738.505,4738.825,29370,0.0
20260422 01:10:00.000,4738.855,4739.955,4738.505,4739.465,29730,0.0
20260422 01:11:00.000,4739.498,4739.695,4735.815,4736.655,33600,0.0
20260422 01:12:00.000,4736.965,4738.625,4736.375,4737.505,26790,0.0
20260422 01:13:00.000,4737.535,4739.215,4736.995,4738.875,20010,0.0
20260422 01:14:00.000,4738.915,4738.915,4737.035,4738.075,22890,0.0
20260422 01:15:00.000,4737.955,4740.715,4737.655,4740.205,26550,0.0
20260422 01:16:00.000,4740.185,4742.245,4739.845,4741.935,21780,0.0
20260422 01:17:00.000,4741.925,4743.175,4741.275,4742.415,27060,0.0
20260422 01:18:00.000,4742.385,4743.155,4741.025,4741.895,21660,0.0
20260422 01:19:00.000,4741.855,4741.885,4739.635,4740.205,21660,0.0
20260422 01:20:00.000,4740.355,4743.235,4740.355,4742.605,20790,0.0
20260422 01:21:00.000,4742.655,4744.565,4742.445,4744.325,16530,0.0
20260422 01:22:00.000,4744.345,4747.155,4744.275,4746.845,27690,0.0
20260422 01:23:00.000,4746.938,4748.825,4746.938,4748.725,29700,0.0
20260422 01:24:00.000,4748.645,4749.005,4745.435,4745.935,26490,0.0
20260422 01:25:00.000,4745.665,4747.415,4745.028,4746.575,29340,0.0
20260422 01:26:00.000,4746.675,4747.325,4745.515,4745.575,19740,0.0
20260422 01:27:00.000,4745.545,4745.655,4743.965,4744.065,21960,0.0
20260422 01:28:00.000,4744.105,4745.325,4743.595,4744.175,22530,0.0
20260422 01:29:00.000,4744.305,4746.225,4743.695,4746.105,24810,0.0
20260422 01:30:00.000,4746.075,4748.975,4746.055,4748.405,31950,0.0
20260422 01:31:00.000,4748.155,4749.985,4747.845,4749.325,34830,0.0
20260422 01:32:00.000,4749.315,4749.315,4747.295,4747.555,36780,0.0
20260422 01:33:00.000,4747.545,4749.185,4747.485,4748.665,30270,0.0
20260422 01:34:00.000,4748.715,4749.395,4747.055,4747.885,36390,0.0
20260422 01:35:00.000,4747.865,4750.195,4747.418,4749.425,39360,0.0
20260422 01:36:00.000,4749.355,4751.075,4748.405,4750.895,33960,0.0
20260422 01:37:00.000,4750.925,4750.975,4749.465,4749.945,28080,0.0
20260422 01:38:00.000,4749.895,4750.505,4748.855,4749.775,27900,0.0
20260422 01:39:00.000,4749.745,4753.155,4749.585,4751.295,29250,0.0
20260422 01:40:00.000,4751.245,4753.375,4750.975,4753.155,29280,0.0
20260422 01:41:00.000,4753.125,4753.635,4751.155,4751.185,27480,0.0
20260422 01:42:00.000,4751.175,4752.615,4750.265,4750.415,29730,0.0
20260422 01:43:00.000,4750.375,4750.665,4748.885,4749.475,20580,0.0
20260422 01:44:00.000,4749.365,4750.385,4749.075,4749.575,21510,0.0
20260422 01:45:00.000,4749.545,4749.685,4747.755,4748.315,28980,0.0
20260422 01:46:00.000,4748.265,4750.345,4747.885,4749.895,30720,0.0
20260422 01:47:00.000,4749.955,4751.255,4749.955,4751.255,24180,0.0
20260422 01:48:00.000,4751.255,4754.185,4750.975,4751.755,39630,0.0
20260422 01:49:00.000,4751.705,4752.845,4751.705,4752.535,26760,0.0
20260422 01:50:00.000,4752.555,4752.955,4751.795,4752.675,27030,0.0
20260422 01:51:00.000,4752.645,4753.115,4750.805,4752.795,32280,0.0
20260422 01:52:00.000,4752.765,4754.585,4752.315,4753.565,28980,0.0
20260422 01:53:00.000,4753.555,4754.305,4753.185,4753.395,20640,0.0
20260422 01:54:00.000,4753.235,4754.195,4753.215,4753.695,21210,0.0
20260422 01:55:00.000,4753.775,4753.775,4752.175,4752.535,24690,0.0
20260422 01:56:00.000,4752.555,4753.735,4752.205,4753.535,26670,0.0
20260422 01:57:00.000,4753.495,4754.395,4753.015,4753.035,22470,0.0
20260422 01:58:00.000,4753.065,4753.095,4751.895,4752.275,22530,0.0
20260422 01:59:00.000,4752.295,4753.025,4751.785,4751.985,26250,0.0
20260422 02:00:00.000,4752.205,4753.075,4752.045,4753.065,22140,0.0
20260422 02:01:00.000,4753.085,4753.105,4752.075,4752.335,21990,0.0
20260422 02:02:00.000,4752.275,4752.955,4750.565,4750.975,28170,0.0
20260422 02:03:00.000,4750.695,4751.135,4749.728,4750.635,35520,0.0
20260422 02:04:00.000,4750.615,4752.715,4750.448,4752.265,36570,0.0
20260422 02:05:00.000,4752.325,4752.995,4750.848,4751.595,27870,0.0
20260422 02:06:00.000,4751.355,4752.735,4751.105,4752.385,18390,0.0
20260422 02:07:00.000,4752.455,4753.545,4751.615,4752.045,22980,0.0
20260422 02:08:00.000,4752.085,4753.395,4751.585,4753.215,19080,0.0
20260422 02:09:00.000,4753.185,4753.328,4752.545,4753.025,25110,0.0
20260422 02:10:00.000,4753.095,4754.985,4753.025,4754.648,19770,0.0
20260422 02:11:00.000,4754.648,4755.805,4754.235,4755.305,22770,0.0
20260422 02:12:00.000,4755.285,4755.865,4754.888,4755.135,24660,0.0
20260422 02:13:00.000,4755.095,4755.705,4754.355,4755.275,20070,0.0
20260422 02:14:00.000,4755.215,4755.655,4753.995,4755.515,20130,0.0
20260422 02:15:00.000,4755.445,4755.975,4754.635,4754.685,11730,0.0
20260422 02:16:00.000,4754.705,4755.065,4753.485,4753.805,12900,0.0
20260422 02:17:00.000,4753.735,4755.445,4753.335,4755.445,15090,0.0
20260422 02:18:00.000,4755.555,4757.205,4755.545,4756.595,34200,0.0
20260422 02:19:00.000,4756.565,4757.385,4756.565,4757.355,12240,0.0
20260422 02:20:00.000,4757.425,4757.815,4756.695,4757.165,11130,0.0
20260422 02:21:00.000,4757.125,4757.815,4756.745,4757.625,10590,0.0
20260422 02:22:00.000,4757.565,4757.795,4756.538,4756.865,10830,0.0
20260422 02:23:00.000,4756.835,4757.205,4756.095,4756.825,14130,0.0
20260422 02:24:00.000,4756.855,4757.005,4755.085,4755.225,11820,0.0
20260422 02:25:00.000,4755.145,4756.065,4754.655,4755.775,13050,0.0
20260422 02:26:00.000,4755.745,4755.995,4755.225,4755.225,6600,0.0
20260422 02:27:00.000,4755.255,4755.505,4754.745,4755.105,10470,0.0
20260422 02:28:00.000,4755.125,4756.075,4754.685,4755.535,10740,0.0
20260422 02:29:00.000,4755.438,4755.765,4755.165,4755.355,16200,0.0
20260422 02:30:00.000,4755.375,4756.885,4755.325,4756.295,26010,0.0
20260422 02:31:00.000,4756.155,4756.635,4755.445,4756.585,18720,0.0
20260422 02:32:00.000,4756.825,4758.495,4756.605,4757.605,25560,0.0
20260422 02:33:00.000,4757.585,4757.925,4755.555,4756.485,24570,0.0
20260422 02:34:00.000,4756.405,4757.205,4756.235,4756.365,15390,0.0
20260422 02:35:00.000,4756.385,4756.385,4755.335,4755.595,18930,0.0
20260422 02:36:00.000,4755.525,4756.755,4755.055,4755.995,24450,0.0
20260422 02:37:00.000,4755.955,4755.955,4754.245,4755.035,20490,0.0
20260422 02:38:00.000,4754.995,4755.215,4754.125,4754.225,20640,0.0
20260422 02:39:00.000,4754.205,4754.555,4753.135,4753.165,25200,0.0
20260422 02:40:00.000,4753.125,4753.245,4752.265,4752.275,20880,0.0
20260422 02:41:00.000,4752.255,4752.405,4751.525,4751.695,22200,0.0
20260422 02:42:00.000,4751.725,4752.635,4751.365,4752.585,15480,0.0
20260422 02:43:00.000,4752.545,4753.235,4752.405,4753.195,12810,0.0
20260422 02:44:00.000,4753.115,4753.185,4751.155,4751.195,16920,0.0
20260422 02:45:00.000,4751.088,4753.375,4750.965,4752.395,23520,0.0
20260422 02:46:00.000,4752.405,4754.305,4752.405,4754.035,16770,0.0
20260422 02:47:00.000,4754.145,4754.235,4752.695,4752.905,13110,0.0
20260422 02:48:00.000,4752.885,4752.905,4751.305,4751.645,15600,0.0
20260422 02:49:00.000,4751.625,4751.755,4750.835,4751.505,17940,0.0
20260422 02:50:00.000,4751.505,4753.475,4751.355,4752.775,25980,0.0
20260422 02:51:00.000,4752.758,4753.885,4752.758,4753.315,17640,0.0
20260422 02:52:00.000,4753.345,4754.015,4753.075,4754.015,13980,0.0
20260422 02:53:00.000,4754.035,4755.415,4754.015,4754.245,14820,0.0
20260422 02:54:00.000,4754.175,4755.165,4754.145,4755.095,16680,0.0
20260422 02:55:00.000,4755.125,4756.675,4755.105,4756.555,23550,0.0
20260422 02:56:00.000,4756.635,4757.055,4755.235,4755.255,14430,0.0
20260422 02:57:00.000,4755.275,4755.625,4753.685,4753.985,19620,0.0
20260422 02:58:00.000,4754.025,4754.665,4753.155,4754.255,16109,0.0
20260422 02:59:00.000,4754.215,4755.575,4754.185,4755.525,15570,0.0
20260422 03:00:00.000,4755.485,4756.085,4753.595,4754.585,22860,0.0
20260422 03:01:00.000,4754.615,4754.775,4753.135,4753.135,18090,0.0
20260422 03:02:00.000,4752.705,4753.845,4752.705,4753.845,17580,0.0
20260422 03:03:00.000,4753.775,4756.045,4753.575,4755.395,15270,0.0
20260422 03:04:00.000,4755.325,4758.945,4755.315,4758.735,25740,0.0
20260422 03:05:00.000,4758.705,4759.105,4758.155,4758.685,22230,0.0
20260422 03:06:00.000,4758.785,4759.245,4758.315,4758.835,24360,0.0
20260422 03:07:00.000,4758.795,4759.665,4758.455,4759.025,26370,0.0
20260422 03:08:00.000,4758.978,4760.735,4758.778,4759.285,31319,0.0
20260422 03:09:00.000,4759.435,4759.435,4758.175,4759.185,24540,0.0
20260422 03:10:00.000,4759.215,4759.795,4757.555,4757.885,26880,0.0
20260422 03:11:00.000,4757.905,4758.675,4757.615,4758.395,19500,0.0
20260422 03:12:00.000,4758.425,4759.895,4757.975,4758.105,19020,0.0
20260422 03:13:00.000,4758.125,4758.125,4756.495,4757.665,16349,0.0
20260422 03:14:00.000,4757.645,4757.895,4756.605,4757.315,22020,0.0
20260422 03:15:00.000,4757.365,4758.585,4756.815,4758.375,18060,0.0
20260422 03:16:00.000,4758.315,4759.565,4758.245,4759.205,18780,0.0
20260422 03:17:00.000,4759.235,4759.435,4758.265,4759.095,22200,0.0
20260422 03:18:00.000,4759.185,4759.605,4758.345,4758.625,11910,0.0
20260422 03:19:00.000,4758.575,4758.655,4758.125,4758.405,16830,0.0
20260422 03:20:00.000,4758.345,4758.345,4756.555,4757.175,25110,0.0
20260422 03:21:00.000,4757.125,4759.095,4756.878,4758.575,22230,0.0
20260422 03:22:00.000,4758.545,4759.105,4758.265,4758.585,14670,0.0
20260422 03:23:00.000,4758.545,4759.575,4758.515,4759.445,13170,0.0
20260422 03:24:00.000,4759.525,4760.355,4759.015,4759.335,21900,0.0
20260422 03:25:00.000,4759.435,4759.995,4758.758,4759.645,16710,0.0
20260422 03:26:00.000,4759.565,4761.135,4759.515,4760.988,20550,0.0
20260422 03:27:00.000,4760.965,4761.415,4760.645,4760.838,18810,0.0
20260422 03:28:00.000,4760.828,4761.658,4760.645,4761.658,13950,0.0
20260422 03:29:00.000,4761.638,4763.125,4761.605,4762.915,29970,0.0
20260422 03:30:00.000,4762.835,4763.415,4762.415,4762.985,27690,0.0
20260422 03:31:00.000,4763.015,4764.465,4762.405,4764.465,25290,0.0
20260422 03:32:00.000,4764.495,4764.795,4763.508,4763.875,18930,0.0
20260422 03:33:00.000,4763.895,4763.945,4762.165,4762.335,17280,0.0
20260422 03:34:00.000,4762.315,4762.315,4760.425,4760.885,18450,0.0
20260422 03:35:00.000,4760.825,4760.928,4759.958,4760.858,29700,0.0
20260422 03:36:00.000,4760.875,4761.138,4760.285,4760.788,26340,0.0
20260422 03:37:00.000,4760.788,4760.788,4758.488,4758.488,23970,0.0
20260422 03:38:00.000,4758.505,4758.545,4756.575,4756.755,24900,0.0
20260422 03:39:00.000,4756.725,4759.095,4756.725,4757.975,16290,0.0
20260422 03:40:00.000,4757.815,4758.745,4757.305,4757.855,16440,0.0
20260422 03:41:00.000,4757.765,4757.945,4756.925,4757.305,13080,0.0
20260422 03:42:00.000,4757.325,4758.555,4757.028,4758.405,12360,0.0
20260422 03:43:00.000,4758.345,4759.508,4758.228,4758.665,18510,0.0
20260422 03:44:00.000,4758.625,4759.045,4758.485,4758.925,13500,0.0
20260422 03:45:00.000,4758.988,4759.955,4758.845,4758.935,22380,0.0
20260422 03:46:00.000,4758.958,4759.368,4758.645,4758.975,14010,0.0
20260422 03:47:00.000,4758.848,4759.565,4758.808,4759.485,7680,0.0
20260422 03:48:00.000,4759.455,4759.665,4759.085,4759.465,15360,0.0
20260422 03:49:00.000,4759.495,4759.495,4758.035,4758.595,14430,0.0
20260422 03:50:00.000,4758.525,4759.815,4758.445,4759.815,9420,0.0
20260422 03:51:00.000,4759.845,4760.155,4758.695,4759.255,12510,0.0
20260422 03:52:00.000,4759.475,4760.455,4759.385,4760.075,9780,0.0
20260422 03:53:00.000,4760.055,4760.385,4758.938,4759.275,10380,0.0
20260422 03:54:00.000,4759.305,4759.345,4757.555,4757.588,21570,0.0
20260422 03:55:00.000,4757.575,4758.055,4756.915,4757.045,16650,0.0
20260422 03:56:00.000,4757.285,4757.815,4757.035,4757.475,12240,0.0
20260422 03:57:00.000,4757.415,4759.025,4757.335,4758.925,18600,0.0
20260422 03:58:00.000,4758.945,4759.605,4758.445,4759.155,11220,0.0
20260422 03:59:00.000,4759.135,4759.275,4757.408,4757.965,23460,0.0
20260422 04:00:00.000,4757.935,4758.255,4757.508,4757.845,19050,0.0
20260422 04:01:00.000,4757.825,4758.145,4757.255,4758.145,13620,0.0
20260422 04:02:00.000,4758.115,4759.395,4758.015,4758.755,10620,0.0
20260422 04:03:00.000,4758.695,4758.825,4758.365,4758.768,12030,0.0
20260422 04:04:00.000,4758.958,4759.005,4758.368,4758.815,8700,0.0
20260422 04:05:00.000,4758.845,4758.865,4758.145,4758.775,7260,0.0
20260422 04:06:00.000,4758.745,4759.165,4758.305,4758.435,9000,0.0
20260422 04:07:00.000,4758.415,4758.645,4758.268,4758.495,5190,0.0
20260422 04:08:00.000,4758.525,4759.185,4758.375,4758.845,7380,0.0
20260422 04:09:00.000,4758.825,4758.825,4758.105,4758.105,4560,0.0
20260422 04:10:00.000,4757.995,4758.255,4757.818,4758.005,10980,0.0
20260422 04:11:00.000,4757.975,4758.255,4757.835,4758.045,8760,0.0
20260422 04:12:00.000,4758.075,4758.365,4757.448,4757.975,13350,0.0
20260422 04:13:00.000,4757.945,4758.525,4756.538,4756.925,12240,0.0
20260422 04:14:00.000,4756.985,4757.825,4756.865,4757.165,13680,0.0
20260422 04:15:00.000,4757.205,4757.665,4756.455,4756.775,16140,0.0
20260422 04:16:00.000,4756.778,4757.258,4756.578,4756.678,16860,0.0
20260422 04:17:00.000,4756.718,4756.718,4755.175,4755.335,19380,0.0
20260422 04:18:00.000,4755.485,4756.475,4755.395,4756.058,12240,0.0
20260422 04:19:00.000,4756.038,4756.318,4755.845,4756.265,15210,0.0
20260422 04:20:00.000,4756.295,4756.705,4755.558,4756.665,14760,0.0
20260422 04:21:00.000,4756.658,4756.708,4755.865,4756.145,11850,0.0
20260422 04:22:00.000,4756.085,4756.665,4755.565,4756.215,8670,0.0
20260422 04:23:00.000,4756.235,4756.955,4756.105,4756.865,11970,0.0
20260422 04:24:00.000,4757.075,4757.125,4755.885,4755.945,11520,0.0
20260422 04:25:00.000,4755.915,4756.135,4755.398,4755.895,13680,0.0
20260422 04:26:00.000,4755.975,4756.095,4755.285,4755.295,6720,0.0
20260422 04:27:00.000,4755.315,4755.635,4755.135,4755.285,11160,0.0
20260422 04:28:00.000,4755.265,4755.385,4754.138,4754.695,20040,0.0
20260422 04:29:00.000,4754.655,4756.185,4754.635,4755.665,12510,0.0
20260422 04:30:00.000,4755.625,4756.625,4755.325,4755.885,10800,0.0
20260422 04:31:00.000,4755.835,4756.695,4755.515,4756.455,10320,0.0
20260422 04:32:00.000,4756.425,4757.125,4756.175,4756.225,8039,0.0
20260422 04:33:00.000,4756.095,4756.575,4755.445,4756.075,13710,0.0
20260422 04:34:00.000,4756.045,4756.045,4754.825,4754.895,14670,0.0
20260422 04:35:00.000,4754.865,4755.135,4754.685,4754.955,8760,0.0
20260422 04:36:00.000,4755.055,4755.655,4754.815,4754.815,10680,0.0
20260422 04:37:00.000,4754.755,4754.955,4754.465,4754.815,9600,0.0
20260422 04:38:00.000,4754.785,4754.925,4753.815,4754.195,14220,0.0
20260422 04:39:00.000,4754.365,4754.405,4753.158,4753.418,12480,0.0
20260422 04:40:00.000,4753.605,4753.625,4752.498,4752.955,10800,0.0
20260422 04:41:00.000,4753.198,4754.135,4753.198,4753.985,14550,0.0
20260422 04:42:00.000,4754.018,4755.815,4753.985,4755.138,22170,0.0
20260422 04:43:00.000,4755.098,4755.775,4754.698,4755.558,15840,0.0
20260422 04:44:00.000,4755.558,4756.535,4755.338,4756.195,15060,0.0
20260422 04:45:00.000,4756.058,4757.715,4755.885,4757.695,17820,0.0
20260422 04:46:00.000,4757.625,4758.725,4757.565,4758.665,17790,0.0
20260422 04:47:00.000,4758.635,4758.925,4757.885,4758.805,14880,0.0
20260422 04:48:00.000,4758.518,4759.095,4758.348,4759.075,16620,0.0
20260422 04:49:00.000,4759.128,4759.128,4757.325,4757.555,18600,0.0
20260422 04:50:00.000,4757.515,4757.535,4755.205,4755.335,25950,0.0
20260422 04:51:00.000,4755.295,4755.945,4754.288,4754.645,21480,0.0
20260422 04:52:00.000,4754.615,4754.765,4753.875,4754.265,14850,0.0
20260422 04:53:00.000,4754.235,4754.525,4753.265,4754.315,15330,0.0
20260422 04:54:00.000,4754.345,4755.065,4753.925,4754.565,30540,0.0
20260422 04:55:00.000,4754.495,4754.748,4753.485,4753.935,20580,0.0
20260422 04:56:00.000,4753.945,4754.205,4752.695,4753.018,18630,0.0
20260422 04:57:00.000,4753.018,4753.028,4751.868,4752.955,18300,0.0
20260422 04:58:00.000,4752.965,4753.675,4752.595,4752.665,17550,0.0
20260422 04:59:00.000,4752.668,4755.145,4752.668,4754.355,19440,0.0
20260422 05:00:00.000,4754.375,4754.405,4752.965,4754.265,17760,0.0
20260422 05:01:00.000,4754.235,4754.665,4753.718,4754.095,14910,0.0
20260422 05:02:00.000,4754.065,4754.085,4752.265,4752.595,13890,0.0
20260422 05:03:00.000,4752.625,4752.885,4752.005,4752.085,11670,0.0
20260422 05:04:00.000,4752.105,4752.965,4751.965,4752.905,11010,0.0
20260422 05:05:00.000,4752.885,4753.275,4752.395,4752.765,10410,0.0
20260422 05:06:00.000,4752.408,4753.365,4752.165,4753.365,11910,0.0
20260422 05:07:00.000,4753.335,4754.635,4752.745,4754.635,8730,0.0
20260422 05:08:00.000,4754.658,4755.135,4754.155,4754.855,14070,0.0
20260422 05:09:00.000,4754.978,4755.685,4754.885,4755.425,15510,0.0
20260422 05:10:00.000,4755.668,4756.345,4755.225,4755.335,21390,0.0
20260422 05:11:00.000,4755.275,4756.115,4754.055,4754.245,11580,0.0
20260422 05:12:00.000,4754.195,4756.435,4754.195,4756.225,22080,0.0
20260422 05:13:00.000,4756.255,4756.618,4756.255,4756.348,19200,0.0
20260422 05:14:00.000,4756.358,4756.695,4756.005,4756.545,14430,0.0
20260422 05:15:00.000,4756.525,4756.575,4755.925,4756.195,14520,0.0
20260422 05:16:00.000,4756.175,4767.355,4756.085,4761.385,81990,0.0
20260422 05:17:00.000,4761.388,4763.415,4760.385,4761.965,41790,0.0
20260422 05:18:00.000,4761.955,4766.378,4761.475,4766.378,43140,0.0
20260422 05:19:00.000,4766.398,4769.195,4766.275,4768.375,46440,0.0
20260422 05:20:00.000,4768.505,4770.825,4768.295,4770.065,34050,0.0
20260422 05:21:00.000,4770.095,4771.275,4768.735,4770.925,37560,0.0
20260422 05:22:00.000,4770.945,4771.385,4769.455,4770.835,28800,0.0
20260422 05:23:00.000,4770.865,4770.975,4769.545,4769.705,28230,0.0
20260422 05:24:00.000,4769.735,4770.075,4768.335,4768.395,25620,0.0
20260422 05:25:00.000,4768.415,4770.885,4768.255,4769.345,32850,0.0
20260422 05:26:00.000,4769.425,4769.595,4766.115,4766.465,30450,0.0
20260422 05:27:00.000,4766.495,4766.685,4765.495,4766.595,30900,0.0
20260422 05:28:00.000,4766.565,4767.015,4765.295,4765.995,21510,0.0
20260422 05:29:00.000,4766.015,4766.015,4764.435,4765.885,19950,0.0
20260422 05:30:00.000,4765.895,4766.685,4763.905,4764.255,38730,0.0
20260422 05:31:00.000,4764.335,4764.985,4763.535,4764.675,30120,0.0
20260422 05:32:00.000,4764.705,4766.848,4764.345,4766.575,24240,0.0
20260422 05:33:00.000,4766.525,4766.675,4763.965,4764.685,25350,0.0
20260422 05:34:00.000,4764.875,4765.755,4764.355,4765.385,28770,0.0
20260422 05:35:00.000,4765.415,4766.595,4765.145,4766.445,21030,0.0
20260422 05:36:00.000,4766.315,4768.095,4766.185,4767.438,26040,0.0
20260422 05:37:00.000,4767.438,4767.998,4766.225,4766.255,27330,0.0
20260422 05:38:00.000,4766.245,4767.685,4766.178,4767.305,28590,0.0
20260422 05:39:00.000,4767.235,4767.445,4766.135,4766.305,23160,0.0
20260422 05:40:00.000,4766.365,4766.365,4764.575,4766.025,24690,0.0
20260422 05:41:00.000,4766.045,4766.065,4764.565,4764.765,18960,0.0
20260422 05:42:00.000,4764.825,4766.115,4764.785,4765.575,21270,0.0
20260422 05:43:00.000,4765.505,4767.945,4765.285,4767.505,24420,0.0
20260422 05:44:00.000,4767.525,4769.285,4767.135,4767.135,28260,0.0
20260422 05:45:00.000,4767.165,4768.235,4765.845,4768.035,32910,0.0
20260422 05:46:00.000,4768.035,4770.795,4767.925,4770.125,38460,0.0
20260422 05:47:00.000,4770.055,4770.615,4769.665,4769.735,21930,0.0
20260422 05:48:00.000,4769.765,4770.175,4767.978,4767.998,23910,0.0
20260422 05:49:00.000,4767.978,4769.655,4767.935,4769.025,20520,0.0
20260422 05:50:00.000,4769.045,4769.995,4768.345,4769.855,17880,0.0
20260422 05:51:00.000,4769.875,4770.335,4769.245,4769.685,18960,0.0
20260422 05:52:00.000,4769.655,4771.935,4768.495,4768.755,24150,0.0
20260422 05:53:00.000,4768.795,4769.695,4767.928,4769.425,21990,0.0
20260422 05:54:00.000,4769.385,4769.895,4767.365,4767.815,31980,0.0
20260422 05:55:00.000,4767.785,4767.875,4765.555,4765.945,27810,0.0
20260422 05:56:00.000,4765.985,4767.675,4764.505,4764.785,24990,0.0
20260422 05:57:00.000,4764.815,4765.525,4763.915,4765.135,22650,0.0
20260422 05:58:00.000,4765.235,4768.485,4764.835,4768.145,35370,0.0
20260422 05:59:00.000,4768.125,4768.695,4767.135,4767.345,23010,0.0
20260422 06:00:00.000,4767.335,4767.575,4762.435,4762.975,45930,0.0
20260422 06:01:00.000,4763.005,4763.185,4761.008,4761.008,32580,0.0
20260422 06:02:00.000,4760.998,4761.465,4759.115,4759.785,35730,0.0
20260422 06:03:00.000,4759.825,4762.625,4759.475,4759.475,34050,0.0
20260422 06:04:00.000,4759.435,4760.345,4759.045,4759.115,23610,0.0
20260422 06:05:00.000,4759.125,4763.075,4758.595,4762.745,34080,0.0
20260422 06:06:00.000,4762.705,4762.955,4761.415,4762.185,27390,0.0
20260422 06:07:00.000,4762.215,4762.635,4761.125,4761.285,19170,0.0
20260422 06:08:00.000,4761.285,4761.975,4760.975,4761.675,20640,0.0
20260422 06:09:00.000,4761.655,4761.655,4760.095,4760.445,13680,0.0
20260422 06:10:00.000,4760.395,4761.505,4760.395,4761.085,16319,0.0
20260422 06:11:00.000,4761.005,4761.835,4760.975,4761.405,14160,0.0
20260422 06:12:00.000,4761.385,4762.605,4761.145,4761.145,14160,0.0
20260422 06:13:00.000,4761.195,4762.515,4760.885,4762.475,15450,0.0
20260422 06:14:00.000,4762.505,4762.985,4761.985,4762.595,15000,0.0
20260422 06:15:00.000,4762.585,4763.445,4762.025,4763.355,20490,0.0
20260422 06:16:00.000,4763.485,4763.585,4762.545,4763.075,17850,0.0
20260422 06:17:00.000,4763.075,4763.125,4760.315,4760.485,19620,0.0
20260422 06:18:00.000,4760.555,4762.715,4760.355,4762.655,21120,0.0
20260422 06:19:00.000,4762.615,4763.705,4762.615,4763.395,18720,0.0
20260422 06:20:00.000,4763.395,4764.155,4763.075,4764.045,13050,0.0
20260422 06:21:00.000,4764.025,4764.225,4763.405,4763.775,13920,0.0
20260422 06:22:00.000,4763.745,4764.855,4762.625,4762.925,21510,0.0
20260422 06:23:00.000,4762.895,4763.505,4762.865,4763.365,11520,0.0
20260422 06:24:00.000,4763.385,4763.645,4762.775,4763.315,16890,0.0
20260422 06:25:00.000,4763.315,4763.695,4762.515,4762.995,15210,0.0
20260422 06:26:00.000,4762.915,4763.685,4762.675,4763.135,18930,0.0
20260422 06:27:00.000,4763.065,4764.125,4763.065,4763.905,12720,0.0
20260422 06:28:00.000,4763.925,4764.895,4763.825,4764.525,19890,0.0
20260422 06:29:00.000,4764.525,4767.145,4764.425,4766.875,24750,0.0
20260422 06:30:00.000,4766.625,4767.595,4765.995,4766.025,26640,0.0
20260422 06:31:00.000,4766.005,4766.565,4765.635,4766.285,17850,0.0
20260422 06:32:00.000,4766.225,4766.225,4764.765,4765.055,22290,0.0
20260422 06:33:00.000,4765.085,4766.415,4765.025,4765.585,17070,0.0
20260422 06:34:00.000,4765.555,4766.655,4765.555,4765.885,22050,0.0
20260422 06:35:00.000,4765.855,4766.155,4764.895,4765.505,20490,0.0
20260422 06:36:00.000,4765.435,4765.805,4765.035,4765.335,19320,0.0
20260422 06:37:00.000,4765.475,4765.575,4764.175,4764.815,18000,0.0
20260422 06:38:00.000,4765.025,4765.445,4764.645,4765.145,19200,0.0
20260422 06:39:00.000,4765.125,4765.125,4764.075,4764.735,12600,0.0
20260422 06:40:00.000,4764.715,4764.955,4764.065,4764.625,18000,0.0
20260422 06:41:00.000,4764.665,4765.145,4764.565,4764.805,12960,0.0
20260422 06:42:00.000,4764.775,4766.195,4764.338,4764.745,10920,0.0
20260422 06:43:00.000,4764.785,4765.055,4763.925,4764.975,12360,0.0
20260422 06:44:00.000,4764.955,4764.955,4763.525,4763.535,10920,0.0
20260422 06:45:00.000,4763.505,4765.165,4763.125,4764.975,13950,0.0
20260422 06:46:00.000,4764.955,4766.165,4764.875,4766.165,11880,0.0
20260422 06:47:00.000,4766.115,4766.115,4763.755,4764.375,14880,0.0
20260422 06:48:00.000,4764.345,4766.265,4764.335,4764.645,19980,0.0
20260422 06:49:00.000,4764.615,4765.955,4764.395,4765.845,18310,0.0
20260422 06:50:00.000,4765.825,4766.885,4765.745,4766.685,15480,0.0
20260422 06:51:00.000,4766.645,4767.525,4766.495,4766.985,16440,0.0
20260422 06:52:00.000,4766.938,4767.305,4766.275,4767.115,15120,0.0
20260422 06:53:00.000,4767.145,4767.145,4766.095,4766.335,12720,0.0
20260422 06:54:00.000,4766.355,4766.655,4765.365,4766.395,13320,0.0
20260422 06:55:00.000,4766.295,4766.905,4765.915,4766.215,11880,0.0
20260422 06:56:00.000,4766.235,4767.305,4766.235,4766.545,12690,0.0
20260422 06:57:00.000,4766.505,4767.395,4766.505,4767.305,14460,0.0
20260422 06:58:00.000,4767.235,4767.685,4766.815,4766.935,19650,0.0
20260422 06:59:00.000,4766.965,4767.555,4766.525,4767.555,20160,0.0
20260422 07:00:00.000,4767.525,4769.685,4766.865,4769.135,29850,0.0
20260422 07:01:00.000,4769.175,4770.155,4768.045,4768.475,25110,0.0
20260422 07:02:00.000,4768.495,4769.105,4766.615,4768.745,23760,0.0
20260422 07:03:00.000,4768.715,4769.185,4768.115,4768.465,22080,0.0
20260422 07:04:00.000,4768.645,4768.925,4767.765,4768.625,17070,0.0
20260422 07:05:00.000,4768.675,4768.895,4767.005,4768.575,20760,0.0
20260422 07:06:00.000,4768.535,4771.235,4768.495,4771.235,17640,0.0
20260422 07:07:00.000,4771.165,4771.165,4769.145,4770.185,20340,0.0
20260422 07:08:00.000,4770.165,4772.165,4770.025,4770.815,24090,0.0
20260422 07:09:00.000,4770.795,4771.335,4769.768,4769.855,14430,0.0
20260422 07:10:00.000,4769.595,4769.745,4767.355,4767.655,16770,0.0
20260422 07:11:00.000,4767.725,4767.725,4765.385,4765.385,13560,0.0
20260422 07:12:00.000,4765.045,4767.105,4764.965,4767.035,17940,0.0
20260422 07:13:00.000,4766.995,4766.995,4765.585,4766.335,15510,0.0
20260422 07:14:00.000,4766.395,4766.695,4765.275,4765.495,13440,0.0
20260422 07:15:00.000,4765.455,4765.455,4763.015,4764.365,23310,0.0
20260422 07:16:00.000,4764.265,4765.495,4763.615,4764.895,17340,0.0
20260422 07:17:00.000,4764.935,4765.025,4762.535,4762.865,23190,0.0
20260422 07:18:00.000,4762.895,4763.805,4762.395,4763.705,15869,0.0
20260422 07:19:00.000,4763.435,4763.885,4763.115,4763.605,13440,0.0
20260422 07:20:00.000,4763.575,4765.725,4763.445,4765.645,17310,0.0
20260422 07:21:00.000,4765.685,4766.445,4764.835,4765.215,25890,0.0
20260422 07:22:00.000,4765.255,4767.805,4765.105,4766.305,22890,0.0
20260422 07:23:00.000,4766.325,4766.495,4763.695,4764.295,18120,0.0
20260422 07:24:00.000,4764.345,4766.205,4763.905,4766.145,14280,0.0
20260422 07:25:00.000,4766.165,4767.735,4765.365,4765.485,21840,0.0
20260422 07:26:00.000,4765.565,4766.025,4764.085,4764.545,18330,0.0
20260422 07:27:00.000,4764.595,4765.615,4762.995,4765.055,14880,0.0
20260422 07:28:00.000,4765.125,4766.235,4765.035,4766.175,13200,0.0
20260422 07:29:00.000,4766.195,4766.505,4765.355,4765.875,18000,0.0
20260422 07:30:00.000,4765.855,4766.338,4765.105,4765.595,17400,0.0
20260422 07:31:00.000,4765.875,4766.325,4764.295,4764.715,18990,0.0
20260422 07:32:00.000,4764.615,4765.935,4764.465,4764.825,15960,0.0
20260422 07:33:00.000,4764.885,4765.805,4764.175,4764.225,13470,0.0
20260422 07:34:00.000,4764.245,4764.535,4763.585,4764.115,13920,0.0
20260422 07:35:00.000,4764.155,4765.025,4764.155,4764.775,10440,0.0
20260422 07:36:00.000,4764.735,4766.165,4764.455,4765.855,13110,0.0
20260422 07:37:00.000,4765.885,4765.925,4764.835,4764.975,10320,0.0
20260422 07:38:00.000,4764.838,4765.285,4764.165,4765.005,15480,0.0
20260422 07:39:00.000,4765.065,4766.305,4764.555,4764.585,13440,0.0
20260422 07:40:00.000,4764.505,4764.505,4761.965,4762.565,21270,0.0
20260422 07:41:00.000,4762.535,4764.305,4762.205,4763.565,21180,0.0
20260422 07:42:00.000,4763.565,4763.915,4762.155,4763.105,18870,0.0
20260422 07:43:00.000,4763.055,4764.235,4762.355,4763.525,23790,0.0
20260422 07:44:00.000,4763.485,4763.725,4762.815,4763.615,15330,0.0
20260422 07:45:00.000,4763.635,4763.795,4761.205,4761.445,25300,0.0
20260422 07:46:00.000,4761.535,4762.695,4761.145,4762.665,17610,0.0
20260422 07:47:00.000,4762.695,4764.145,4762.548,4763.685,18870,0.0
20260422 07:48:00.000,4763.575,4764.075,4762.275,4762.315,18360,0.0
20260422 07:49:00.000,4762.335,4762.435,4760.725,4760.985,14290,0.0
20260422 07:50:00.000,4761.085,4761.435,4760.895,4761.095,11110,0.0
20260422 07:51:00.000,4761.145,4762.145,4760.865,4761.435,15550,0.0
20260422 07:52:00.000,4761.385,4761.765,4760.435,4760.925,18470,0.0
20260422 07:53:00.000,4760.945,4760.945,4759.345,4759.975,20720,0.0
20260422 07:54:00.000,4759.955,4760.505,4759.635,4760.045,21780,0.0
20260422 07:55:00.000,4760.075,4761.835,4760.025,4761.445,14790,0.0
20260422 07:56:00.000,4761.465,4763.265,4761.245,4762.815,17310,0.0
20260422 07:57:00.000,4762.875,4763.185,4761.755,4762.155,17400,0.0
20260422 07:58:00.000,4762.135,4762.215,4760.695,4760.725,13320,0.0
20260422 07:59:00.000,4760.695,4761.095,4760.065,4760.245,15480,0.0
20260422 08:00:00.000,4760.315,4761.435,4760.215,4761.365,21700,0.0
20260422 08:01:00.000,4761.425,4761.425,4759.285,4759.975,24670,0.0
20260422 08:02:00.000,4760.025,4760.135,4758.665,4759.255,21370,0.0
20260422 08:03:00.000,4759.385,4759.715,4758.955,4759.565,16079,0.0
20260422 08:04:00.000,4759.495,4759.725,4758.535,4759.175,19080,0.0
20260422 08:05:00.000,4759.365,4760.585,4758.965,4760.555,18820,0.0
20260422 08:06:00.000,4760.445,4760.705,4758.745,4760.565,15540,0.0
20260422 08:07:00.000,4760.605,4761.385,4760.355,4760.735,17280,0.0
20260422 08:08:00.000,4760.715,4760.715,4759.355,4759.775,16830,0.0
20260422 08:09:00.000,4759.745,4760.555,4759.345,4759.835,17550,0.0
20260422 08:10:00.000,4759.865,4761.295,4759.165,4761.035,21480,0.0
20260422 08:11:00.000,4761.055,4762.065,4760.475,4761.775,23700,0.0
20260422 08:12:00.000,4761.805,4762.015,4760.685,4760.975,25770,0.0
20260422 08:13:00.000,4760.855,4761.015,4759.145,4759.205,21900,0.0
20260422 08:14:00.000,4759.165,4759.465,4757.555,4757.775,20490,0.0
20260422 08:15:00.000,4757.845,4757.845,4756.485,4756.665,20820,0.0
20260422 08:16:00.000,4756.735,4758.625,4756.055,4758.465,27220,0.0
20260422 08:17:00.000,4758.515,4759.265,4758.295,4759.145,19880,0.0
20260422 08:18:00.000,4759.325,4759.825,4758.905,4759.045,13020,0.0
20260422 08:19:00.000,4759.075,4759.335,4757.845,4758.645,17700,0.0
20260422 08:20:00.000,4758.675,4758.965,4758.145,4758.285,14640,0.0
20260422 08:21:00.000,4758.305,4758.455,4756.945,4757.505,14160,0.0
20260422 08:22:00.000,4757.575,4757.575,4755.055,4755.845,26050,0.0
20260422 08:23:00.000,4755.875,4756.515,4753.995,4754.895,34460,0.0
20260422 08:24:00.000,4754.955,4755.655,4754.265,4754.395,28690,0.0
20260422 08:25:00.000,4754.365,4755.365,4754.045,4754.985,34150,0.0
20260422 08:26:00.000,4754.965,4755.845,4754.365,4755.175,23690,0.0
20260422 08:27:00.000,4755.155,4756.115,4754.945,4755.535,14280,0.0
20260422 08:28:00.000,4755.565,4755.735,4754.525,4754.965,15810,0.0
20260422 08:29:00.000,4754.865,4755.285,4753.945,4754.125,20460,0.0
20260422 08:30:00.000,4754.095,4755.405,4753.645,4755.205,26290,0.0
20260422 08:31:00.000,4754.975,4755.285,4753.935,4755.185,15240,0.0
20260422 08:32:00.000,4755.235,4756.815,4754.775,4754.885,16560,0.0
20260422 08:33:00.000,4754.805,4754.805,4752.505,4753.005,26510,0.0
20260422 08:34:00.000,4753.035,4753.215,4752.255,4752.755,27630,0.0
20260422 08:35:00.000,4752.675,4753.475,4752.265,4752.265,21930,0.0
20260422 08:36:00.000,4752.295,4752.675,4751.645,4752.165,25180,0.0
20260422 08:37:00.000,4752.105,4752.505,4751.645,4752.485,15480,0.0
20260422 08:38:00.000,4752.465,4752.805,4752.145,4752.365,15840,0.0
20260422 08:39:00.000,4752.315,4753.815,4752.265,4753.105,17840,0.0
20260422 08:40:00.000,4753.135,4753.455,4751.695,4752.985,17560,0.0
20260422 08:41:00.000,4753.015,4754.075,4752.285,4752.385,17910,0.0
20260422 08:42:00.000,4752.455,4754.665,4752.415,4754.645,11280,0.0
20260422 08:43:00.000,4754.505,4755.295,4754.165,4755.095,17690,0.0
20260422 08:44:00.000,4755.125,4756.065,4754.625,4755.915,14600,0.0
20260422 08:45:00.000,4755.825,4756.455,4755.655,4755.678,17880,0.0
20260422 08:46:00.000,4755.535,4756.535,4755.365,4756.445,13470,0.0
20260422 08:47:00.000,4756.385,4756.385,4754.435,4754.515,14860,0.0
20260422 08:48:00.000,4754.505,4755.075,4753.845,4754.745,15960,0.0
20260422 08:49:00.000,4754.765,4755.715,4754.755,4755.095,14360,0.0
20260422 08:50:00.000,4755.115,4755.365,4754.225,4754.255,10150,0.0
20260422 08:51:00.000,4754.275,4756.515,4753.525,4756.155,13830,0.0
20260422 08:52:00.000,4756.135,4757.235,4756.025,4756.365,16120,0.0
20260422 08:53:00.000,4756.385,4757.195,4756.345,4756.915,11040,0.0
20260422 08:54:00.000,4756.835,4757.145,4756.268,4757.105,13910,0.0
20260422 08:55:00.000,4757.015,4757.335,4756.395,4757.055,12600,0.0
20260422 08:56:00.000,4757.025,4757.965,4756.875,4757.675,12960,0.0
20260422 08:57:00.000,4757.695,4758.245,4757.665,4757.785,17040,0.0
20260422 08:58:00.000,4757.585,4757.845,4756.865,4757.445,17040,0.0
20260422 08:59:00.000,4757.355,4757.815,4756.815,4756.815,10060,0.0
20260422 09:00:00.000,4756.845,4760.395,4756.475,4758.255,42290,0.0
20260422 09:01:00.000,4758.255,4759.925,4757.945,4759.545,41400,0.0
20260422 09:02:00.000,4759.565,4759.725,4758.695,4759.115,20370,0.0
20260422 09:03:00.000,4759.155,4759.725,4758.955,4759.325,15120,0.0
20260422 09:04:00.000,4759.345,4760.615,4759.185,4759.625,15810,0.0
20260422 09:05:00.000,4759.605,4760.265,4759.435,4759.715,13170,0.0
20260422 09:06:00.000,4759.765,4761.545,4759.245,4760.695,17880,0.0
20260422 09:07:00.000,4760.595,4760.925,4759.705,4760.725,22290,0.0
20260422 09:08:00.000,4760.755,4761.665,4759.575,4759.825,18810,0.0
20260422 09:09:00.000,4760.095,4761.005,4759.895,4760.685,14050,0.0
20260422 09:10:00.000,4760.745,4760.925,4759.505,4759.835,12820,0.0
20260422 09:11:00.000,4759.865,4760.745,4759.755,4760.125,10920,0.0
20260422 09:12:00.000,4760.155,4760.525,4759.505,4760.015,14970,0.0
20260422 09:13:00.000,4760.015,4760.295,4759.365,4759.535,10440,0.0
20260422 09:14:00.000,4759.575,4760.635,4759.475,4760.445,10680,0.0
20260422 09:15:00.000,4760.415,4761.355,4760.355,4761.305,16050,0.0
20260422 09:16:00.000,4761.305,4761.555,4760.515,4761.245,16770,0.0
20260422 09:17:00.000,4761.415,4761.535,4760.675,4760.675,13920,0.0
20260422 09:18:00.000,4760.705,4761.005,4759.845,4760.525,14430,0.0
20260422 09:19:00.000,4760.555,4760.825,4759.945,4759.945,12240,0.0
20260422 09:20:00.000,4759.905,4760.545,4759.245,4760.515,16030,0.0
20260422 09:21:00.000,4760.495,4761.305,4760.145,4760.945,14310,0.0
20260422 09:22:00.000,4760.925,4761.625,4760.615,4761.005,13380,0.0
20260422 09:23:00.000,4761.395,4761.415,4760.655,4761.195,15600,0.0
20260422 09:24:00.000,4761.165,4761.595,4760.295,4760.785,14040,0.0
20260422 09:25:00.000,4760.715,4760.815,4759.955,4760.105,11520,0.0
20260422 09:26:00.000,4760.085,4760.085,4758.055,4758.245,13560,0.0
20260422 09:27:00.000,4758.175,4758.245,4757.015,4757.035,13990,0.0
20260422 09:28:00.000,4757.015,4758.905,4757.015,4758.495,12240,0.0
20260422 09:29:00.000,4758.515,4758.695,4756.165,4756.165,15180,0.0
20260422 09:30:00.000,4756.108,4757.035,4754.965,4755.035,17810,0.0
20260422 09:31:00.000,4755.078,4755.795,4754.875,4755.795,14920,0.0
20260422 09:32:00.000,4755.895,4756.825,4755.395,4756.325,17410,0.0
20260422 09:33:00.000,4756.445,4756.825,4755.915,4755.915,14880,0.0
20260422 09:34:00.000,4755.845,4756.475,4755.705,4755.745,23130,0.0
20260422 09:35:00.000,4755.595,4756.845,4755.585,4756.395,15110,0.0
20260422 09:36:00.000,4756.365,4756.955,4756.235,4756.475,13360,0.0
20260422 09:37:00.000,4756.445,4757.335,4756.365,4757.135,13490,0.0
20260422 09:38:00.000,4757.165,4757.225,4756.005,4757.185,15240,0.0
20260422 09:39:00.000,4757.185,4758.705,4757.155,4758.525,25290,0.0
20260422 09:40:00.000,4758.525,4759.765,4758.445,4759.625,22110,0.0
20260422 09:41:00.000,4759.588,4761.655,4759.588,4761.425,22380,0.0
20260422 09:42:00.000,4761.445,4762.285,4760.175,4760.235,30330,0.0
20260422 09:43:00.000,4760.265,4760.365,4758.895,4759.575,22140,0.0
20260422 09:44:00.000,4759.545,4759.545,4758.005,4758.285,23430,0.0
20260422 09:45:00.000,4758.305,4759.015,4756.985,4757.005,21360,0.0
20260422 09:46:00.000,4756.895,4756.945,4755.825,4756.435,24360,0.0
20260422 09:47:00.000,4756.435,4756.915,4756.075,4756.685,18960,0.0
20260422 09:48:00.000,4756.725,4757.425,4756.635,4756.755,18030,0.0
20260422 09:49:00.000,4756.785,4757.875,4756.165,4757.745,19950,0.0
20260422 09:50:00.000,4757.785,4758.085,4756.675,4757.245,24600,0.0
20260422 09:51:00.000,4757.225,4757.595,4757.025,4757.285,16079,0.0
20260422 09:52:00.000,4757.325,4757.555,4756.035,4756.105,18120,0.0
20260422 09:53:00.000,4756.195,4756.305,4755.175,4755.325,34080,0.0
20260422 09:54:00.000,4755.345,4755.415,4753.645,4754.545,46320,0.0
20260422 09:55:00.000,4754.495,4754.985,4752.315,4753.595,40470,0.0
20260422 09:56:00.000,4753.625,4754.895,4752.995,4754.085,42450,0.0
20260422 09:57:00.000,4754.085,4755.895,4753.995,4755.795,28320,0.0
20260422 09:58:00.000,4755.795,4756.635,4755.445,4755.745,29850,0.0
20260422 09:59:00.000,4755.715,4756.045,4754.815,4755.065,31319,0.0
20260422 10:00:00.000,4755.235,4756.315,4755.015,4756.255,30680,0.0
20260422 10:01:00.000,4756.265,4757.595,4754.495,4754.495,31150,0.0
20260422 10:02:00.000,4754.515,4754.515,4750.405,4750.555,38910,0.0
20260422 10:03:00.000,4750.715,4750.985,4747.925,4750.525,34470,0.0
20260422 10:04:00.000,4750.485,4751.195,4748.605,4748.715,21840,0.0
20260422 10:05:00.000,4748.685,4750.655,4748.685,4750.485,26510,0.0
20260422 10:06:00.000,4750.635,4752.035,4750.275,4751.435,32600,0.0
20260422 10:07:00.000,4751.465,4751.905,4750.505,4750.665,18000,0.0
20260422 10:08:00.000,4750.615,4750.815,4750.115,4750.345,11260,0.0
20260422 10:09:00.000,4750.375,4750.995,4747.265,4748.335,35060,0.0
20260422 10:10:00.000,4748.315,4748.688,4747.665,4747.995,40530,0.0
20260422 10:11:00.000,4747.995,4749.325,4747.995,4749.155,32970,0.0
20260422 10:12:00.000,4749.155,4749.355,4746.905,4747.315,31289,0.0
20260422 10:13:00.000,4747.415,4747.995,4745.585,4747.995,25410,0.0
20260422 10:14:00.000,4747.945,4749.575,4747.865,4748.395,24240,0.0
20260422 10:15:00.000,4748.395,4749.835,4748.245,4749.795,23640,0.0
20260422 10:16:00.000,4749.795,4752.425,4749.795,4751.945,25950,0.0
20260422 10:17:00.000,4751.975,4752.205,4751.485,4752.155,19170,0.0
20260422 10:18:00.000,4752.215,4753.435,4752.035,4753.235,14400,0.0
20260422 10:19:00.000,4753.265,4753.915,4753.205,4753.445,15120,0.0
20260422 10:20:00.000,4753.425,4754.675,4753.185,4754.645,19500,0.0
20260422 10:21:00.000,4754.665,4755.905,4754.665,4755.075,15810,0.0
20260422 10:22:00.000,4754.975,4755.295,4753.885,4754.165,15990,0.0
20260422 10:23:00.000,4754.215,4754.485,4752.155,4752.155,14760,0.0
20260422 10:24:00.000,4752.125,4752.165,4749.685,4750.305,19200,0.0
20260422 10:25:00.000,4750.285,4751.845,4749.825,4751.255,17910,0.0
20260422 10:26:00.000,4751.325,4753.035,4751.325,4752.815,14220,0.0
20260422 10:27:00.000,4752.785,4753.625,4752.495,4753.055,12000,0.0
20260422 10:28:00.000,4753.075,4753.675,4752.405,4753.635,15390,0.0
20260422 10:29:00.000,4753.745,4754.645,4753.615,4754.425,14020,0.0
20260422 10:30:00.000,4754.465,4755.218,4753.368,4755.065,22690,0.0
20260422 10:31:00.000,4755.108,4756.095,4754.345,4755.785,30120,0.0
20260422 10:32:00.000,4755.815,4755.965,4754.905,4755.445,10440,0.0
20260422 10:33:00.000,4755.475,4756.255,4755.475,4755.735,10530,0.0
20260422 10:34:00.000,4755.775,4758.255,4755.085,4757.905,20190,0.0
20260422 10:35:00.000,4757.965,4759.295,4757.965,4758.995,20190,0.0
20260422 10:36:00.000,4758.955,4759.335,4758.265,4758.585,14760,0.0
20260422 10:37:00.000,4758.615,4758.615,4757.345,4757.395,12480,0.0
20260422 10:38:00.000,4757.388,4758.475,4756.145,4757.275,15939,0.0
20260422 10:39:00.000,4757.165,4758.345,4757.055,4757.275,14370,0.0
20260422 10:40:00.000,4757.225,4757.225,4755.705,4755.705,17730,0.0
20260422 10:41:00.000,4755.675,4755.945,4754.815,4754.825,13560,0.0
20260422 10:42:00.000,4754.895,4755.185,4754.205,4754.555,14610,0.0
20260422 10:43:00.000,4754.465,4755.675,4754.275,4755.255,10770,0.0
20260422 10:44:00.000,4755.215,4756.345,4754.815,4756.305,13800,0.0
20260422 10:45:00.000,4756.325,4756.415,4755.805,4755.875,10080,0.0
20260422 10:46:00.000,4755.795,4756.335,4755.115,4755.335,10830,0.0
20260422 10:47:00.000,4755.175,4756.425,4755.025,4756.045,9240,0.0
20260422 10:48:00.000,4756.005,4756.815,4755.535,4756.635,11190,0.0
20260422 10:49:00.000,4756.605,4757.585,4756.265,4756.735,14590,0.0
20260422 10:50:00.000,4756.705,4758.225,4756.645,4757.465,14070,0.0
20260422 10:51:00.000,4757.505,4757.875,4756.445,4756.825,12720,0.0
20260422 10:52:00.000,4756.795,4757.285,4756.245,4756.335,10200,0.0
20260422 10:53:00.000,4756.345,4757.255,4756.345,4756.895,12000,0.0
20260422 10:54:00.000,4756.865,4757.485,4756.765,4757.205,7800,0.0
20260422 10:55:00.000,4756.945,4757.025,4755.975,4757.025,15360,0.0
20260422 10:56:00.000,4757.105,4757.995,4756.605,4757.955,13680,0.0
20260422 10:57:00.000,4757.905,4758.765,4757.835,4758.755,8640,0.0
20260422 10:58:00.000,4758.735,4759.125,4758.475,4759.055,10560,0.0
20260422 10:59:00.000,4759.015,4760.125,4758.835,4759.045,12720,0.0
20260422 11:00:00.000,4759.075,4760.315,4758.915,4759.715,16510,0.0
20260422 11:01:00.000,4759.745,4760.185,4758.745,4759.315,16800,0.0
20260422 11:02:00.000,4759.405,4760.135,4759.085,4759.655,16530,0.0
20260422 11:03:00.000,4759.715,4759.915,4758.315,4758.565,17850,0.0
20260422 11:04:00.000,4758.595,4758.825,4756.265,4757.475,18170,0.0
20260422 11:05:00.000,4757.585,4757.985,4756.965,4757.365,19060,0.0
20260422 11:06:00.000,4757.335,4758.105,4756.795,4757.565,18540,0.0
20260422 11:07:00.000,4757.545,4757.835,4757.175,4757.475,13920,0.0
20260422 11:08:00.000,4757.555,4758.835,4757.355,4757.665,12390,0.0
20260422 11:09:00.000,4757.365,4757.395,4756.285,4756.365,12240,0.0
20260422 11:10:00.000,4756.325,4757.185,4756.325,4756.945,16079,0.0
20260422 11:11:00.000,4757.055,4757.725,4756.375,4756.925,14500,0.0
20260422 11:12:00.000,4756.995,4758.045,4756.715,4757.865,10320,0.0
20260422 11:13:00.000,4757.755,4758.855,4757.645,4758.535,12840,0.0
20260422 11:14:00.000,4758.515,4758.515,4757.005,4757.135,15340,0.0
20260422 11:15:00.000,4757.075,4759.295,4756.985,4758.015,17490,0.0
20260422 11:16:00.000,4757.825,4759.095,4757.275,4758.935,17140,0.0
20260422 11:17:00.000,4759.095,4759.905,4758.945,4759.685,10920,0.0
20260422 11:18:00.000,4759.665,4760.555,4758.115,4759.345,21960,0.0
20260422 11:19:00.000,4759.305,4760.355,4759.255,4759.515,16780,0.0
20260422 11:20:00.000,4759.865,4760.335,4759.395,4760.155,11610,0.0
20260422 11:21:00.000,4760.125,4760.625,4759.645,4760.375,15600,0.0
20260422 11:22:00.000,4760.335,4760.335,4758.195,4758.355,13170,0.0
20260422 11:23:00.000,4758.245,4758.295,4756.945,4758.075,14910,0.0
20260422 11:24:00.000,4758.145,4759.135,4757.015,4757.055,18600,0.0
20260422 11:25:00.000,4757.075,4758.255,4756.235,4758.015,18720,0.0
20260422 11:26:00.000,4758.035,4758.665,4757.365,4757.585,12840,0.0
20260422 11:27:00.000,4757.715,4757.975,4757.215,4757.705,9840,0.0
20260422 11:28:00.000,4757.775,4758.585,4757.085,4757.085,10120,0.0
20260422 11:29:00.000,4757.105,4757.165,4756.188,4757.055,14070,0.0
20260422 11:30:00.000,4757.075,4758.525,4757.048,4758.058,20140,0.0
20260422 11:31:00.000,4758.058,4759.635,4757.675,4759.225,13210,0.0
20260422 11:32:00.000,4759.245,4759.405,4758.745,4759.285,14260,0.0
20260422 11:33:00.000,4759.345,4759.485,4757.265,4757.305,15590,0.0
20260422 11:34:00.000,4757.335,4757.445,4756.585,4757.245,18130,0.0
20260422 11:35:00.000,4757.215,4757.935,4756.755,4757.935,14730,0.0
20260422 11:36:00.000,4757.985,4758.175,4756.875,4756.945,15330,0.0
20260422 11:37:00.000,4756.845,4757.145,4755.735,4756.245,17650,0.0
20260422 11:38:00.000,4756.215,4756.215,4754.775,4754.998,18150,0.0
20260422 11:39:00.000,4755.005,4755.725,4754.675,4754.725,16990,0.0
20260422 11:40:00.000,4754.725,4755.085,4752.015,4752.375,19600,0.0
20260422 11:41:00.000,4752.345,4753.005,4750.868,4751.045,28410,0.0
20260422 11:42:00.000,4751.105,4752.565,4749.985,4752.185,23740,0.0
20260422 11:43:00.000,4752.215,4752.805,4749.085,4749.615,25750,0.0
20260422 11:44:00.000,4749.595,4749.805,4748.225,4748.365,26210,0.0
20260422 11:45:00.000,4748.395,4750.305,4747.845,4748.415,38310,0.0
20260422 11:46:00.000,4748.485,4750.525,4747.975,4749.145,26380,0.0
20260422 11:47:00.000,4749.165,4749.395,4747.655,4748.825,23280,0.0
20260422 11:48:00.000,4748.905,4752.455,4748.285,4752.435,20980,0.0
20260422 11:49:00.000,4752.495,4753.015,4750.978,4751.755,21180,0.0
20260422 11:50:00.000,4751.675,4752.665,4751.375,4752.595,14160,0.0
20260422 11:51:00.000,4752.715,4753.015,4751.815,4752.185,14760,0.0
20260422 11:52:00.000,4752.125,4752.195,4750.685,4751.525,16560,0.0
20260422 11:53:00.000,4751.475,4751.675,4750.125,4750.835,14740,0.0
20260422 11:54:00.000,4750.815,4751.245,4750.025,4750.615,16830,0.0
20260422 11:55:00.000,4750.545,4750.625,4749.318,4749.415,19490,0.0
20260422 11:56:00.000,4749.435,4750.715,4749.095,4750.095,19350,0.0
20260422 11:57:00.000,4750.125,4751.165,4749.865,4750.355,16360,0.0
20260422 11:58:00.000,4750.385,4751.015,4750.125,4750.795,20260,0.0
20260422 11:59:00.000,4750.805,4750.805,4749.335,4750.115,22800,0.0
20260422 12:00:00.000,4750.155,4752.775,4750.155,4752.325,23400,0.0
20260422 12:01:00.000,4752.285,4755.295,4752.185,4754.305,27450,0.0
20260422 12:02:00.000,4754.255,4755.095,4753.955,4755.075,13800,0.0
20260422 12:03:00.000,4755.035,4755.795,4754.885,4755.098,15540,0.0
20260422 12:04:00.000,4755.005,4757.285,4754.985,4756.525,26860,0.0
20260422 12:05:00.000,4756.585,4756.795,4754.895,4755.275,20880,0.0
20260422 12:06:00.000,4755.255,4756.185,4754.475,4754.825,15659,0.0
20260422 12:07:00.000,4754.805,4755.805,4752.785,4753.825,20400,0.0
20260422 12:08:00.000,4753.895,4754.095,4751.995,4752.515,19380,0.0
20260422 12:09:00.000,4752.795,4752.985,4750.975,4752.575,24940,0.0
20260422 12:10:00.000,4752.458,4752.615,4750.835,4751.265,19920,0.0
20260422 12:11:00.000,4751.225,4751.295,4749.795,4749.965,20890,0.0
20260422 12:12:00.000,4749.995,4750.665,4749.405,4750.195,24240,0.0
20260422 12:13:00.000,4750.215,4751.995,4749.645,4751.705,26360,0.0
20260422 12:14:00.000,4751.525,4752.665,4751.275,4752.095,18630,0.0
20260422 12:15:00.000,4752.125,4752.535,4751.245,4751.665,16560,0.0
20260422 12:16:00.000,4751.615,4751.655,4750.535,4750.535,13050,0.0
20260422 12:17:00.000,4750.585,4750.585,4747.675,4748.325,18570,0.0
20260422 12:18:00.000,4748.375,4748.925,4747.595,4748.345,19080,0.0
20260422 12:19:00.000,4748.325,4749.455,4747.515,4747.515,20460,0.0
20260422 12:20:00.000,4747.495,4749.085,4746.925,4748.645,27230,0.0
20260422 12:21:00.000,4748.915,4751.455,4748.745,4751.265,20880,0.0
20260422 12:22:00.000,4751.295,4752.195,4750.685,4752.075,19150,0.0
20260422 12:23:00.000,4752.095,4752.385,4750.515,4751.085,18120,0.0
20260422 12:24:00.000,4751.205,4751.975,4750.605,4751.485,14220,0.0
20260422 12:25:00.000,4751.725,4755.125,4751.725,4754.885,24510,0.0
20260422 12:26:00.000,4754.935,4756.535,4753.795,4756.025,27220,0.0
20260422 12:27:00.000,4756.065,4756.175,4753.735,4753.795,27390,0.0
20260422 12:28:00.000,4753.765,4758.058,4753.765,4757.958,31250,0.0
20260422 12:29:00.000,4757.958,4759.495,4752.325,4752.925,91540,0.0
20260422 12:30:00.000,4752.985,4752.985,4748.845,4749.255,62030,0.0
20260422 12:31:00.000,4749.295,4750.455,4748.805,4750.295,40120,0.0
20260422 12:32:00.000,4750.255,4751.855,4750.205,4751.855,28560,0.0
20260422 12:33:00.000,4751.835,4753.855,4751.265,4753.265,28200,0.0
20260422 12:34:00.000,4753.285,4754.085,4752.488,4753.085,30780,0.0
20260422 12:35:00.000,4753.065,4753.065,4747.625,4747.645,38390,0.0
20260422 12:36:00.000,4747.605,4748.545,4746.865,4748.425,61880,0.0
20260422 12:37:00.000,4748.455,4750.245,4748.325,4750.005,30680,0.0
20260422 12:38:00.000,4750.058,4750.205,4748.855,4749.705,23110,0.0
20260422 12:39:00.000,4749.615,4750.865,4749.215,4750.265,21780,0.0
20260422 12:40:00.000,4750.265,4750.265,4748.335,4749.335,24380,0.0
20260422 12:41:00.000,4749.355,4749.775,4745.435,4748.345,40530,0.0
20260422 12:42:00.000,4748.195,4749.355,4745.565,4745.965,39100,0.0
20260422 12:43:00.000,4745.915,4748.935,4745.785,4747.535,33450,0.0
20260422 12:44:00.000,4747.635,4748.275,4745.495,4746.565,40680,0.0
20260422 12:45:00.000,4746.485,4747.695,4745.835,4746.745,40310,0.0
20260422 12:46:00.000,4746.655,4747.895,4745.565,4747.775,24470,0.0
20260422 12:47:00.000,4747.805,4748.125,4746.375,4746.985,27150,0.0
20260422 12:48:00.000,4746.895,4746.925,4743.265,4743.765,33260,0.0
20260422 12:49:00.000,4743.995,4744.205,4742.655,4743.925,37300,0.0
20260422 12:50:00.000,4743.945,4744.825,4742.995,4744.605,34680,0.0
20260422 12:51:00.000,4744.585,4745.265,4743.098,4744.505,38130,0.0
20260422 12:52:00.000,4744.395,4745.045,4742.845,4744.415,32620,0.0
20260422 12:53:00.000,4744.365,4746.395,4743.515,4746.235,32249,0.0
20260422 12:54:00.000,4746.265,4746.925,4745.435,4746.355,26380,0.0
20260422 12:55:00.000,4746.295,4746.465,4744.995,4745.015,19500,0.0
20260422 12:56:00.000,4745.045,4745.715,4743.625,4745.655,25360,0.0
20260422 12:57:00.000,4745.685,4746.075,4744.795,4745.785,23040,0.0
20260422 12:58:00.000,4745.668,4746.095,4743.405,4743.825,29160,0.0
20260422 12:59:00.000,4743.795,4744.625,4743.565,4744.035,20910,0.0
20260422 13:00:00.000,4744.065,4747.018,4742.255,4742.535,45580,0.0
20260422 13:01:00.000,4742.495,4743.895,4741.695,4743.295,52150,0.0
20260422 13:02:00.000,4743.195,4743.225,4739.965,4740.275,44440,0.0
20260422 13:03:00.000,4740.225,4742.835,4740.205,4741.515,39850,0.0
20260422 13:04:00.000,4741.625,4742.805,4740.625,4741.265,44620,0.0
20260422 13:05:00.000,4741.295,4741.515,4739.105,4739.905,59380,0.0
20260422 13:06:00.000,4739.878,4741.898,4739.635,4740.405,56620,0.0
20260422 13:07:00.000,4740.465,4741.685,4740.105,4741.365,26970,0.0
20260422 13:08:00.000,4741.385,4743.175,4739.435,4739.785,38460,0.0
20260422 13:09:00.000,4739.765,4750.525,4738.995,4744.585,63630,0.0
20260422 13:10:00.000,4744.535,4744.535,4740.118,4742.405,49200,0.0
20260422 13:11:00.000,4742.335,4744.485,4741.145,4742.355,33690,0.0
20260422 13:12:00.000,4742.485,4742.625,4741.245,4741.795,33690,0.0
20260422 13:13:00.000,4741.815,4742.525,4740.865,4741.575,34140,0.0
20260422 13:14:00.000,4741.465,4743.305,4741.435,4742.145,36090,0.0
20260422 13:15:00.000,4742.175,4742.465,4740.385,4740.825,37710,0.0
20260422 13:16:00.000,4740.955,4741.575,4738.875,4738.935,33870,0.0
20260422 13:17:00.000,4738.895,4739.435,4737.718,4738.595,34890,0.0
20260422 13:18:00.000,4738.385,4738.595,4736.195,4738.245,35520,0.0
20260422 13:19:00.000,4738.155,4744.325,4737.625,4743.155,67800,0.0
20260422 13:20:00.000,4743.175,4746.275,4740.045,4745.025,81080,0.0
20260422 13:21:00.000,4744.775,4744.775,4741.065,4744.305,45420,0.0
20260422 13:22:00.000,4744.355,4745.615,4742.665,4744.525,40050,0.0
20260422 13:23:00.000,4744.505,4747.325,4744.145,4746.775,39330,0.0
20260422 13:24:00.000,4746.755,4748.845,4746.375,4746.905,36900,0.0
20260422 13:25:00.000,4746.875,4747.395,4745.665,4746.145,37890,0.0
20260422 13:26:00.000,4746.345,4746.935,4745.435,4746.475,30900,0.0
20260422 13:27:00.000,4746.385,4747.995,4746.105,4746.325,27360,0.0
20260422 13:28:00.000,4746.305,4749.255,4746.255,4749.105,30270,0.0
20260422 13:29:00.000,4749.135,4749.905,4748.455,4749.798,37170,0.0
20260422 13:30:00.000,4749.758,4750.605,4745.085,4745.405,84780,0.0
20260422 13:31:00.000,4745.905,4747.685,4742.525,4742.745,98630,0.0
20260422 13:32:00.000,4742.565,4745.055,4742.015,4744.625,70410,0.0
20260422 13:33:00.000,4744.655,4746.085,4743.665,4745.295,55620,0.0
20260422 13:34:00.000,4745.245,4745.735,4743.455,4744.915,55740,0.0
20260422 13:35:00.000,4744.575,4745.905,4742.975,4745.645,66690,0.0
20260422 13:36:00.000,4745.615,4750.445,4744.625,4748.425,59370,0.0
20260422 13:37:00.000,4748.385,4752.485,4746.975,4751.215,54540,0.0
20260422 13:38:00.000,4751.305,4752.005,4747.005,4748.035,56670,0.0
20260422 13:39:00.000,4748.055,4749.685,4747.715,4748.375,49800,0.0
20260422 13:40:00.000,4748.355,4749.355,4746.865,4747.715,51600,0.0
20260422 13:41:00.000,4747.735,4752.295,4747.185,4750.225,65160,0.0
20260422 13:42:00.000,4750.155,4751.385,4748.045,4750.875,48900,0.0
20260422 13:43:00.000,4750.925,4754.335,4750.095,4753.525,54120,0.0
20260422 13:44:00.000,4753.505,4756.375,4753.025,4755.155,51570,0.0
20260422 13:45:00.000,4755.255,4758.605,4754.995,4757.915,55110,0.0
20260422 13:46:00.000,4757.875,4760.825,4756.875,4759.655,58980,0.0
20260422 13:47:00.000,4759.578,4760.385,4756.715,4758.385,61330,0.0
20260422 13:48:00.000,4758.335,4759.025,4755.665,4757.595,56220,0.0
20260422 13:49:00.000,4757.885,4758.155,4755.885,4756.735,66270,0.0
20260422 13:50:00.000,4756.765,4758.245,4754.825,4754.975,55590,0.0
20260422 13:51:00.000,4754.915,4754.935,4750.645,4752.295,56580,0.0
20260422 13:52:00.000,4752.325,4755.295,4752.205,4753.875,48090,0.0
20260422 13:53:00.000,4753.845,4754.445,4751.845,4752.555,49770,0.0
20260422 13:54:00.000,4752.535,4754.805,4752.535,4754.785,39430,0.0
20260422 13:55:00.000,4754.805,4754.915,4752.415,4752.965,46880,0.0
20260422 13:56:00.000,4753.005,4754.215,4752.065,4753.375,45870,0.0
20260422 13:57:00.000,4753.335,4753.625,4751.855,4752.125,38470,0.0
20260422 13:58:00.000,4752.155,4752.695,4751.255,4751.985,33550,0.0
20260422 13:59:00.000,4751.965,4753.235,4751.475,4752.735,34110,0.0
20260422 14:00:00.000,4752.685,4757.325,4752.315,4753.305,50950,0.0
20260422 14:01:00.000,4753.345,4753.965,4750.465,4750.495,45810,0.0
20260422 14:02:00.000,4750.435,4751.485,4749.005,4749.645,50000,0.0
20260422 14:03:00.000,4749.695,4751.055,4747.815,4748.145,48120,0.0
20260422 14:04:00.000,4748.185,4749.245,4744.995,4745.295,38900,0.0
20260422 14:05:00.000,4745.265,4745.315,4742.685,4743.135,55630,0.0
20260422 14:06:00.000,4743.195,4746.035,4742.125,4745.655,53950,0.0
20260422 14:07:00.000,4745.685,4747.165,4743.945,4744.955,64740,0.0
20260422 14:08:00.000,4744.975,4744.975,4742.195,4742.385,60220,0.0
20260422 14:09:00.000,4742.445,4745.915,4742.175,4745.865,42230,0.0
20260422 14:10:00.000,4745.905,4747.545,4745.685,4746.325,38740,0.0
20260422 14:11:00.000,4746.235,4746.285,4742.875,4743.035,43340,0.0
20260422 14:12:00.000,4742.935,4743.525,4742.445,4742.945,39250,0.0
20260422 14:13:00.000,4742.965,4744.125,4742.355,4743.455,37980,0.0
20260422 14:14:00.000,4743.435,4745.765,4742.605,4745.225,36500,0.0
20260422 14:15:00.000,4745.255,4748.585,4745.055,4747.345,47250,0.0
20260422 14:16:00.000,4747.275,4747.275,4745.155,4745.695,38010,0.0
20260422 14:17:00.000,4745.705,4749.465,4745.705,4748.465,44600,0.0
20260422 14:18:00.000,4748.075,4748.075,4745.965,4746.765,40210,0.0
20260422 14:19:00.000,4746.745,4747.135,4745.405,4746.585,33350,0.0
20260422 14:20:00.000,4746.635,4749.895,4745.215,4749.125,51540,0.0
20260422 14:21:00.000,4749.165,4750.535,4747.545,4749.565,42520,0.0
20260422 14:22:00.000,4749.535,4749.555,4746.215,4746.985,46670,0.0
20260422 14:23:00.000,4746.965,4747.345,4743.705,4744.245,41710,0.0
20260422 14:24:00.000,4744.185,4745.645,4743.335,4745.405,42360,0.0
20260422 14:25:00.000,4745.355,4746.305,4744.115,4745.645,41260,0.0
20260422 14:26:00.000,4745.605,4748.535,4745.175,4746.325,41520,0.0
20260422 14:27:00.000,4746.265,4747.445,4743.825,4744.895,47190,0.0
20260422 14:28:00.000,4744.855,4746.465,4743.578,4743.595,40370,0.0
20260422 14:29:00.000,4743.625,4744.385,4742.915,4743.725,41260,0.0
20260422 14:30:00.000,4743.705,4744.415,4739.275,4739.845,44430,0.0
20260422 14:31:00.000,4739.745,4741.585,4738.475,4740.925,54880,0.0
20260422 14:32:00.000,4740.905,4742.315,4733.045,4738.375,69350,0.0
20260422 14:33:00.000,4738.365,4739.055,4736.515,4738.195,62950,0.0
20260422 14:34:00.000,4738.435,4739.525,4735.535,4735.935,56520,0.0
20260422 14:35:00.000,4735.665,4736.885,4730.108,4731.395,64790,0.0
20260422 14:36:00.000,4731.575,4733.805,4729.975,4731.715,64340,0.0
20260422 14:37:00.000,4731.575,4735.875,4729.835,4734.035,67040,0.0
20260422 14:38:00.000,4734.015,4737.165,4733.865,4735.675,48520,0.0
20260422 14:39:00.000,4735.615,4738.335,4734.125,4736.985,52040,0.0
20260422 14:40:00.000,4736.905,4740.555,4736.835,4739.765,43850,0.0
20260422 14:41:00.000,4739.715,4739.905,4735.445,4736.295,40930,0.0
20260422 14:42:00.000,4736.335,4737.205,4734.585,4736.105,49860,0.0
20260422 14:43:00.000,4736.125,4736.265,4732.445,4733.525,44430,0.0
20260422 14:44:00.000,4733.395,4734.665,4732.345,4733.125,49050,0.0
20260422 14:45:00.000,4733.065,4735.175,4732.038,4734.375,54990,0.0
20260422 14:46:00.000,4734.345,4735.725,4733.845,4734.695,46110,0.0
20260422 14:47:00.000,4734.705,4735.475,4734.135,4734.405,44010,0.0
20260422 14:48:00.000,4734.325,4738.245,4733.655,4737.555,57960,0.0
20260422 14:49:00.000,4737.535,4739.495,4737.495,4737.755,40650,0.0
20260422 14:50:00.000,4737.735,4737.735,4734.465,4737.035,52140,0.0
20260422 14:51:00.000,4736.895,4737.595,4734.085,4734.135,58420,0.0
20260422 14:52:00.000,4734.215,4735.095,4733.315,4733.595,67050,0.0
20260422 14:53:00.000,4733.595,4734.915,4732.645,4734.915,66810,0.0
20260422 14:54:00.000,4735.075,4738.195,4734.985,4737.945,61500,0.0
20260422 14:55:00.000,4737.535,4738.225,4735.875,4736.385,55150,0.0
20260422 14:56:00.000,4736.425,4736.835,4733.235,4735.145,66390,0.0
20260422 14:57:00.000,4735.205,4735.685,4733.415,4734.725,56490,0.0
20260422 14:58:00.000,4734.805,4735.555,4733.185,4735.475,64620,0.0
20260422 14:59:00.000,4735.565,4737.105,4735.415,4735.825,54150,0.0
20260422 15:00:00.000,4735.885,4738.175,4735.885,4736.865,66090,0.0
20260422 15:01:00.000,4736.965,4737.635,4735.585,4736.005,62579,0.0
20260422 15:02:00.000,4736.115,4736.915,4734.265,4734.665,55140,0.0
20260422 15:03:00.000,4734.665,4736.355,4734.515,4736.105,52950,0.0
20260422 15:04:00.000,4736.125,4737.315,4734.425,4735.355,51070,0.0
20260422 15:05:00.000,4735.235,4736.775,4734.865,4735.615,57260,0.0
20260422 15:06:00.000,4735.375,4736.765,4735.045,4736.035,67180,0.0
20260422 15:07:00.000,4736.005,4739.605,4735.935,4737.805,71650,0.0
20260422 15:08:00.000,4737.825,4738.755,4737.535,4737.675,41130,0.0
20260422 15:09:00.000,4737.655,4738.185,4734.795,4736.075,46530,0.0
20260422 15:10:00.000,4736.045,4739.955,4735.995,4739.805,49560,0.0
20260422 15:11:00.000,4739.755,4740.045,4738.115,4738.295,44520,0.0
20260422 15:12:00.000,4738.315,4738.605,4735.945,4737.395,39910,0.0
20260422 15:13:00.000,4737.305,4738.875,4736.375,4737.825,40130,0.0
20260422 15:14:00.000,4737.785,4738.625,4737.395,4737.575,34890,0.0
20260422 15:15:00.000,4737.605,4737.605,4735.305,4735.345,35740,0.0
20260422 15:16:00.000,4735.315,4735.605,4731.025,4732.885,50700,0.0
20260422 15:17:00.000,4732.855,4733.215,4729.595,4729.615,50160,0.0
20260422 15:18:00.000,4729.635,4732.935,4729.635,4731.938,46040,0.0
20260422 15:19:00.000,4731.885,4734.395,4731.035,4733.345,63110,0.0
20260422 15:20:00.000,4733.215,4733.355,4731.105,4732.275,60160,0.0
20260422 15:21:00.000,4732.265,4732.585,4731.355,4731.845,68070,0.0
20260422 15:22:00.000,4731.855,4734.045,4731.765,4731.805,63580,0.0
20260422 15:23:00.000,4731.805,4732.925,4730.465,4732.835,61390,0.0
20260422 15:24:00.000,4732.885,4733.925,4732.475,4733.855,60370,0.0
20260422 15:25:00.000,4733.815,4735.215,4733.475,4733.515,53720,0.0
20260422 15:26:00.000,4733.565,4733.585,4730.675,4731.795,58930,0.0
20260422 15:27:00.000,4731.755,4732.485,4730.835,4731.315,51040,0.0
20260422 15:28:00.000,4731.315,4732.455,4731.315,4732.345,52130,0.0
20260422 15:29:00.000,4732.375,4736.145,4731.905,4735.085,75490,0.0
20260422 15:30:00.000,4735.105,4735.335,4733.125,4734.695,62130,0.0
20260422 15:31:00.000,4734.715,4734.715,4731.055,4731.605,60500,0.0
20260422 15:32:00.000,4731.575,4732.975,4731.445,4732.955,58800,0.0
20260422 15:33:00.000,4732.985,4733.565,4732.385,4733.505,48240,0.0
20260422 15:34:00.000,4733.505,4733.955,4732.355,4732.735,52440,0.0
20260422 15:35:00.000,4732.915,4733.395,4727.715,4728.945,70260,0.0
20260422 15:36:00.000,4728.855,4729.755,4727.345,4729.405,55560,0.0
20260422 15:37:00.000,4729.395,4729.695,4728.645,4729.355,52800,0.0
20260422 15:38:00.000,4729.335,4730.315,4726.665,4728.675,55320,0.0
20260422 15:39:00.000,4728.645,4728.745,4727.165,4727.755,48510,0.0
20260422 15:40:00.000,4728.025,4728.105,4725.875,4727.705,51660,0.0
20260422 15:41:00.000,4727.735,4728.565,4727.055,4728.565,47100,0.0
20260422 15:42:00.000,4729.015,4730.445,4727.155,4727.225,58140,0.0
20260422 15:43:00.000,4727.255,4728.285,4726.245,4727.995,62290,0.0
20260422 15:44:00.000,4727.925,4728.215,4726.425,4727.018,51430,0.0
20260422 15:45:00.000,4727.175,4728.695,4726.555,4727.935,57340,0.0
20260422 15:46:00.000,4727.985,4729.235,4727.335,4727.765,59810,0.0
20260422 15:47:00.000,4727.798,4729.285,4727.205,4728.655,49470,0.0
20260422 15:48:00.000,4728.845,4729.995,4728.805,4729.265,55160,0.0
20260422 15:49:00.000,4729.235,4729.265,4727.825,4728.215,37640,0.0
20260422 15:50:00.000,4728.145,4728.275,4726.875,4727.245,42660,0.0
20260422 15:51:00.000,4727.225,4727.845,4725.625,4726.005,42460,0.0
20260422 15:52:00.000,4726.015,4726.745,4724.815,4725.665,40050,0.0
20260422 15:53:00.000,4725.465,4727.635,4725.465,4726.815,38580,0.0
20260422 15:54:00.000,4726.855,4728.325,4726.645,4727.375,42960,0.0
20260422 15:55:00.000,4727.405,4729.795,4727.325,4729.765,45090,0.0
20260422 15:56:00.000,4729.675,4731.155,4729.385,4730.655,36100,0.0
20260422 15:57:00.000,4730.655,4731.205,4729.775,4730.505,31319,0.0
20260422 15:58:00.000,4730.465,4730.465,4728.575,4728.625,38830,0.0
20260422 15:59:00.000,4728.595,4728.825,4727.185,4727.415,35830,0.0
20260422 16:00:00.000,4727.395,4730.095,4727.395,4728.995,52340,0.0
20260422 16:01:00.000,4728.925,4728.925,4725.845,4726.225,54840,0.0
20260422 16:02:00.000,4726.135,4727.995,4725.655,4727.895,46800,0.0
20260422 16:03:00.000,4727.885,4728.945,4727.755,4728.595,40200,0.0
20260422 16:04:00.000,4728.565,4730.925,4728.485,4730.455,40140,0.0
20260422 16:05:00.000,4730.415,4733.525,4730.285,4732.595,46380,0.0
20260422 16:06:00.000,4732.575,4732.855,4730.735,4731.485,46860,0.0
20260422 16:07:00.000,4731.405,4733.125,4731.015,4732.265,31500,0.0
20260422 16:08:00.000,4732.245,4733.445,4731.985,4733.075,35580,0.0
20260422 16:09:00.000,4733.065,4734.765,4733.055,4733.425,42240,0.0
20260422 16:10:00.000,4733.445,4733.475,4730.945,4731.285,35160,0.0
20260422 16:11:00.000,4731.195,4731.275,4729.345,4730.505,43200,0.0
20260422 16:12:00.000,4730.515,4731.975,4729.925,4731.975,29460,0.0
20260422 16:13:00.000,4732.005,4732.025,4730.335,4731.435,32170,0.0
20260422 16:14:00.000,4731.505,4731.815,4729.855,4730.115,31020,0.0
20260422 16:15:00.000,4730.135,4730.315,4728.445,4728.725,32880,0.0
20260422 16:16:00.000,4728.695,4729.095,4728.265,4728.305,25080,0.0
20260422 16:17:00.000,4728.305,4729.655,4728.305,4729.215,29100,0.0
20260422 16:18:00.000,4729.175,4729.215,4727.515,4728.035,39120,0.0
20260422 16:19:00.000,4728.005,4728.035,4724.555,4724.755,45720,0.0
20260422 16:20:00.000,4724.755,4726.635,4724.685,4725.955,39840,0.0
20260422 16:21:00.000,4725.915,4727.205,4725.445,4727.195,36960,0.0
20260422 16:22:00.000,4727.175,4727.525,4725.375,4725.785,28860,0.0
20260422 16:23:00.000,4725.785,4727.745,4725.725,4727.165,38460,0.0
20260422 16:24:00.000,4727.205,4727.895,4724.015,4725.075,38970,0.0
20260422 16:25:00.000,4725.075,4725.975,4724.045,4725.525,42720,0.0
20260422 16:26:00.000,4725.575,4725.925,4724.375,4725.645,34380,0.0
20260422 16:27:00.000,4725.615,4727.025,4725.595,4726.535,32820,0.0
20260422 16:28:00.000,4726.555,4727.955,4726.395,4726.935,29760,0.0
20260422 16:29:00.000,4726.905,4727.235,4726.205,4726.905,38280,0.0
20260422 16:30:00.000,4726.905,4726.975,4723.685,4724.825,49060,0.0
20260422 16:31:00.000,4724.845,4726.515,4724.675,4726.335,42960,0.0
20260422 16:32:00.000,4726.345,4727.225,4726.085,4726.655,38560,0.0
20260422 16:33:00.000,4726.485,4727.655,4726.265,4727.285,34620,0.0
20260422 16:34:00.000,4727.305,4728.705,4727.148,4728.365,33960,0.0
20260422 16:35:00.000,4728.385,4729.635,4728.325,4728.805,46070,0.0
20260422 16:36:00.000,4728.805,4729.405,4728.225,4728.605,33420,0.0
20260422 16:37:00.000,4728.575,4729.985,4728.475,4729.325,35200,0.0
20260422 16:38:00.000,4729.375,4729.765,4728.735,4728.755,39960,0.0
20260422 16:39:00.000,4728.805,4731.205,4728.795,4730.765,34680,0.0
20260422 16:40:00.000,4730.765,4731.105,4729.735,4730.695,33240,0.0
20260422 16:41:00.000,4730.685,4731.945,4730.435,4731.195,27540,0.0
20260422 16:42:00.000,4731.265,4731.655,4728.205,4729.485,38380,0.0
20260422 16:43:00.000,4729.645,4730.225,4728.595,4729.715,59730,0.0
20260422 16:44:00.000,4729.685,4730.915,4727.985,4728.015,42960,0.0
20260422 16:45:00.000,4727.865,4728.475,4726.115,4727.515,47090,0.0
20260422 16:46:00.000,4727.515,4728.305,4726.655,4728.115,42420,0.0
20260422 16:47:00.000,4728.115,4729.465,4728.055,4729.465,30840,0.0
20260422 16:48:00.000,4729.505,4729.545,4727.685,4728.385,30900,0.0
20260422 16:49:00.000,4728.335,4730.145,4728.115,4729.885,37680,0.0
20260422 16:50:00.000,4729.855,4730.685,4728.915,4729.005,40020,0.0
20260422 16:51:00.000,4728.855,4729.975,4728.705,4729.025,40620,0.0
20260422 16:52:00.000,4729.025,4729.295,4727.365,4727.865,46380,0.0
20260422 16:53:00.000,4727.885,4729.015,4727.865,4728.745,31020,0.0
20260422 16:54:00.000,4728.745,4729.925,4728.745,4729.915,30840,0.0
20260422 16:55:00.000,4729.915,4730.025,4728.915,4729.375,43840,0.0
20260422 16:56:00.000,4729.355,4729.935,4726.155,4727.565,44210,0.0
20260422 16:57:00.000,4727.518,4728.315,4726.875,4727.485,44730,0.0
20260422 16:58:00.000,4727.485,4727.895,4726.795,4727.585,40920,0.0
20260422 16:59:00.000,4727.605,4728.755,4727.535,4728.495,33420,0.0
20260422 17:00:00.000,4728.495,4729.525,4728.385,4729.315,35760,0.0
20260422 17:01:00.000,4729.275,4734.485,4729.185,4733.435,57310,0.0
20260422 17:02:00.000,4733.445,4736.075,4732.805,4733.235,66370,0.0
20260422 17:03:00.000,4733.235,4735.055,4733.005,4734.695,61740,0.0
20260422 17:04:00.000,4734.655,4735.785,4734.155,4735.305,53100,0.0
20260422 17:05:00.000,4735.335,4736.665,4735.245,4736.035,52320,0.0
20260422 17:06:00.000,4736.055,4736.135,4734.405,4735.095,48060,0.0
20260422 17:07:00.000,4735.095,4735.095,4733.765,4734.155,46080,0.0
20260422 17:08:00.000,4734.135,4734.715,4733.645,4734.415,29760,0.0
20260422 17:09:00.000,4734.415,4736.435,4734.225,4736.335,32760,0.0
20260422 17:10:00.000,4736.375,4739.285,4736.305,4737.905,63029,0.0
20260422 17:11:00.000,4737.715,4738.175,4736.075,4736.315,49380,0.0
20260422 17:12:00.000,4736.295,4736.635,4735.275,4736.195,44640,0.0
20260422 17:13:00.000,4736.195,4736.245,4734.985,4735.255,39420,0.0
20260422 17:14:00.000,4735.265,4735.645,4734.885,4735.085,36780,0.0
20260422 17:15:00.000,4735.145,4736.905,4735.065,4736.355,29280,0.0
20260422 17:16:00.000,4736.355,4736.605,4734.705,4735.235,33000,0.0
20260422 17:17:00.000,4735.235,4735.995,4735.105,4735.335,23580,0.0
20260422 17:18:00.000,4735.225,4735.225,4733.345,4733.345,30060,0.0
20260422 17:19:00.000,4733.615,4733.915,4732.895,4733.525,33840,0.0
20260422 17:20:00.000,4733.525,4734.085,4733.085,4734.075,22560,0.0
20260422 17:21:00.000,4734.075,4735.985,4734.075,4735.935,28020,0.0
20260422 17:22:00.000,4735.885,4737.395,4735.575,4737.365,30840,0.0
20260422 17:23:00.000,4737.325,4737.475,4735.515,4735.665,34680,0.0
20260422 17:24:00.000,4735.475,4736.195,4735.265,4735.465,34260,0.0
20260422 17:25:00.000,4735.415,4736.535,4735.415,4736.265,26760,0.0
20260422 17:26:00.000,4736.345,4736.595,4734.905,4735.025,25620,0.0
20260422 17:27:00.000,4735.025,4735.405,4734.515,4734.605,25380,0.0
20260422 17:28:00.000,4734.645,4734.645,4733.155,4733.345,37200,0.0
20260422 17:29:00.000,4733.345,4735.045,4732.605,4734.945,47160,0.0
20260422 17:30:00.000,4735.215,4736.505,4734.835,4735.085,30480,0.0
20260422 17:31:00.000,4735.105,4735.925,4734.965,4735.105,28080,0.0
20260422 17:32:00.000,4735.135,4736.525,4735.045,4736.105,22800,0.0
20260422 17:33:00.000,4736.155,4736.585,4735.905,4736.408,18600,0.0
20260422 17:34:00.000,4736.408,4737.905,4736.408,4736.725,28200,0.0
20260422 17:35:00.000,4736.745,4738.035,4736.655,4737.985,29460,0.0
20260422 17:36:00.000,4737.995,4737.995,4736.395,4736.915,25320,0.0
20260422 17:37:00.000,4736.945,4737.115,4735.295,4735.605,24780,0.0
20260422 17:38:00.000,4735.625,4736.265,4735.395,4735.925,22020,0.0
20260422 17:39:00.000,4735.975,4736.475,4734.955,4734.955,24420,0.0
20260422 17:40:00.000,4735.055,4736.025,4735.055,4735.395,23220,0.0
20260422 17:41:00.000,4735.425,4735.425,4734.238,4734.435,29340,0.0
20260422 17:42:00.000,4734.475,4736.015,4734.365,4735.955,33630,0.0
20260422 17:43:00.000,4735.955,4736.695,4735.925,4736.035,27540,0.0
20260422 17:44:00.000,4736.055,4736.255,4735.695,4736.005,30720,0.0
20260422 17:45:00.000,4736.145,4736.885,4734.625,4734.705,35940,0.0
20260422 17:46:00.000,4734.725,4735.305,4733.445,4734.105,32639,0.0
20260422 17:47:00.000,4734.135,4737.985,4733.725,4736.345,50550,0.0
20260422 17:48:00.000,4736.585,4738.205,4735.525,4735.555,49980,0.0
20260422 17:49:00.000,4735.555,4736.695,4735.445,4736.465,39600,0.0
20260422 17:50:00.000,4736.415,4736.565,4735.455,4735.535,25200,0.0
20260422 17:51:00.000,4735.535,4736.615,4735.005,4736.465,24300,0.0
20260422 17:52:00.000,4736.505,4737.545,4736.305,4737.255,36540,0.0
20260422 17:53:00.000,4737.245,4738.205,4737.095,4737.485,35670,0.0
20260422 17:54:00.000,4737.535,4738.235,4736.625,4736.745,34680,0.0
20260422 17:55:00.000,4736.765,4737.055,4736.195,4736.825,34260,0.0
20260422 17:56:00.000,4736.815,4737.585,4735.785,4735.785,29340,0.0
20260422 17:57:00.000,4736.025,4736.435,4735.735,4736.325,32639,0.0
20260422 17:58:00.000,4736.325,4737.845,4736.325,4737.735,32760,0.0
20260422 17:59:00.000,4737.715,4737.865,4736.905,4736.915,31319,0.0
20260422 18:00:00.000,4736.935,4736.985,4734.875,4736.335,39180,0.0
20260422 18:01:00.000,4736.355,4736.715,4735.755,4736.485,29520,0.0
20260422 18:02:00.000,4736.525,4737.515,4736.098,4736.365,27300,0.0
20260422 18:03:00.000,4736.275,4737.195,4736.235,4736.755,22740,0.0
20260422 18:04:00.000,4736.765,4736.845,4736.325,4736.735,17160,0.0
20260422 18:05:00.000,4736.645,4738.155,4736.465,4737.815,29820,0.0
20260422 18:06:00.000,4737.815,4738.085,4737.345,4737.375,20760,0.0
20260422 18:07:00.000,4737.365,4737.845,4737.245,4737.415,17220,0.0
20260422 18:08:00.000,4737.385,4738.465,4737.185,4738.435,20820,0.0
20260422 18:09:00.000,4738.425,4738.425,4737.225,4737.225,22140,0.0
20260422 18:10:00.000,4737.125,4737.125,4736.265,4736.425,20100,0.0
20260422 18:11:00.000,4736.425,4736.815,4735.625,4735.985,15000,0.0
20260422 18:12:00.000,4736.025,4736.595,4735.395,4736.145,21240,0.0
20260422 18:13:00.000,4736.145,4736.745,4736.105,4736.325,20520,0.0
20260422 18:14:00.000,4736.325,4736.325,4735.485,4735.575,19200,0.0
20260422 18:15:00.000,4735.335,4735.785,4734.825,4735.165,18960,0.0
20260422 18:16:00.000,4735.175,4735.745,4733.715,4733.875,31440,0.0
20260422 18:17:00.000,4733.825,4733.935,4731.975,4732.945,30660,0.0
20260422 18:18:00.000,4732.975,4733.975,4732.915,4733.425,19140,0.0
20260422 18:19:00.000,4733.295,4734.255,4732.585,4732.625,18000,0.0
20260422 18:20:00.000,4732.625,4732.625,4730.935,4731.595,31739,0.0
20260422 18:21:00.000,4731.375,4731.875,4730.835,4731.075,29880,0.0
20260422 18:22:00.000,4731.005,4731.015,4729.725,4730.655,37440,0.0
20260422 18:23:00.000,4730.595,4731.005,4729.875,4729.935,33480,0.0
20260422 18:24:00.000,4729.935,4732.245,4729.775,4732.235,42060,0.0
20260422 18:25:00.000,4732.205,4733.495,4732.205,4732.295,28980,0.0
20260422 18:26:00.000,4732.315,4732.395,4730.635,4731.005,28380,0.0
20260422 18:27:00.000,4730.945,4732.325,4729.925,4730.295,30810,0.0
20260422 18:28:00.000,4730.265,4731.355,4730.155,4730.505,29070,0.0
20260422 18:29:00.000,4730.455,4730.565,4729.955,4730.045,26580,0.0
20260422 18:30:00.000,4730.145,4731.595,4730.075,4731.515,26700,0.0
20260422 18:31:00.000,4731.525,4732.745,4731.295,4732.475,22200,0.0
20260422 18:32:00.000,4732.695,4734.055,4732.685,4733.075,25980,0.0
20260422 18:33:00.000,4733.285,4734.645,4733.245,4734.355,20640,0.0
20260422 18:34:00.000,4734.355,4734.385,4732.855,4733.095,22620,0.0
20260422 18:35:00.000,4733.075,4733.635,4733.005,4733.045,21480,0.0
20260422 18:36:00.000,4733.015,4733.015,4732.305,4732.545,22560,0.0
20260422 18:37:00.000,4732.345,4737.165,4732.235,4736.585,35460,0.0
20260422 18:38:00.000,4736.535,4737.235,4736.245,4736.245,22500,0.0
20260422 18:39:00.000,4736.295,4738.035,4736.245,4737.895,24840,0.0
20260422 18:40:00.000,4737.875,4738.215,4737.075,4737.805,21840,0.0
20260422 18:41:00.000,4737.795,4738.145,4736.135,4736.295,32520,0.0
20260422 18:42:00.000,4736.245,4736.455,4735.395,4736.015,24480,0.0
20260422 18:43:00.000,4736.015,4736.155,4735.505,4735.935,23880,0.0
20260422 18:44:00.000,4736.135,4739.455,4736.135,4739.375,33060,0.0
20260422 18:45:00.000,4739.165,4741.345,4738.635,4741.135,34920,0.0
20260422 18:46:00.000,4741.155,4742.875,4740.645,4741.455,32639,0.0
20260422 18:47:00.000,4741.435,4743.815,4741.435,4743.415,41970,0.0
20260422 18:48:00.000,4743.415,4749.565,4743.345,4746.565,47850,0.0
20260422 18:49:00.000,4746.575,4749.215,4746.515,4746.625,32940,0.0
20260422 18:50:00.000,4746.505,4747.325,4743.635,4745.115,40780,0.0
20260422 18:51:00.000,4745.095,4745.235,4743.785,4744.175,28800,0.0
20260422 18:52:00.000,4744.115,4745.325,4743.455,4744.315,33300,0.0
20260422 18:53:00.000,4744.315,4744.335,4742.715,4742.905,30360,0.0
20260422 18:54:00.000,4742.805,4742.935,4741.795,4741.835,31739,0.0
20260422 18:55:00.000,4741.905,4741.935,4739.725,4740.295,30900,0.0
20260422 18:56:00.000,4740.295,4740.505,4739.465,4739.755,29880,0.0
20260422 18:57:00.000,4739.685,4741.095,4739.635,4741.095,33420,0.0
20260422 18:58:00.000,4741.015,4742.235,4740.765,4741.965,31319,0.0
20260422 18:59:00.000,4741.965,4741.985,4741.055,4741.525,29040,0.0
20260422 19:00:00.000,4741.545,4742.325,4739.645,4740.895,70050,0.0
20260422 19:01:00.000,4740.985,4741.475,4739.125,4741.435,60300,0.0
20260422 19:02:00.000,4741.345,4742.525,4740.665,4742.345,43440,0.0
20260422 19:03:00.000,4742.445,4743.405,4741.205,4741.295,38400,0.0
20260422 19:04:00.000,4741.255,4741.735,4740.825,4741.645,43080,0.0
20260422 19:05:00.000,4741.635,4743.325,4741.205,4741.985,46530,0.0
20260422 19:06:00.000,4741.985,4742.565,4740.995,4741.025,45930,0.0
20260422 19:07:00.000,4741.025,4741.025,4739.975,4740.685,41940,0.0
20260422 19:08:00.000,4740.685,4741.035,4739.805,4740.215,33540,0.0
20260422 19:09:00.000,4740.155,4740.625,4739.535,4740.125,31200,0.0
20260422 19:10:00.000,4740.105,4740.115,4738.735,4738.735,28080,0.0
20260422 19:11:00.000,4738.755,4739.295,4737.625,4738.035,28800,0.0
20260422 19:12:00.000,4737.975,4738.395,4737.365,4737.475,20760,0.0
20260422 19:13:00.000,4737.475,4737.595,4736.685,4736.945,21120,0.0
20260422 19:14:00.000,4737.155,4738.735,4737.055,4738.425,31259,0.0
20260422 19:15:00.000,4738.435,4739.075,4738.005,4738.585,19200,0.0
20260422 19:16:00.000,4738.595,4739.715,4738.325,4739.595,25020,0.0
20260422 19:17:00.000,4739.625,4741.215,4739.625,4740.495,29100,0.0
20260422 19:18:00.000,4740.685,4741.515,4740.305,4741.105,24060,0.0
20260422 19:19:00.000,4741.065,4741.795,4741.015,4741.105,26580,0.0
20260422 19:20:00.000,4741.085,4741.675,4740.445,4741.005,27120,0.0
20260422 19:21:00.000,4740.955,4742.195,4740.815,4742.145,28140,0.0
20260422 19:22:00.000,4742.165,4742.475,4740.785,4740.795,30660,0.0
20260422 19:23:00.000,4740.855,4742.055,4740.415,4741.605,30240,0.0
20260422 19:24:00.000,4741.575,4742.005,4741.535,4741.695,22080,0.0
20260422 19:25:00.000,4741.665,4744.105,4741.655,4743.695,27060,0.0
20260422 19:26:00.000,4743.675,4744.525,4742.995,4743.125,24240,0.0
20260422 19:27:00.000,4743.115,4744.745,4743.115,4744.595,21780,0.0
20260422 19:28:00.000,4744.575,4745.265,4743.735,4744.685,23820,0.0
20260422 19:29:00.000,4744.665,4744.695,4744.105,4744.195,15360,0.0
20260422 19:30:00.000,4744.455,4744.535,4742.485,4742.875,24480,0.0
20260422 19:31:00.000,4742.785,4743.275,4742.375,4742.685,20220,0.0
20260422 19:32:00.000,4742.705,4743.125,4742.245,4742.485,25800,0.0
20260422 19:33:00.000,4742.485,4742.495,4740.645,4741.505,29160,0.0
20260422 19:34:00.000,4741.475,4741.915,4741.455,4741.715,18420,0.0
20260422 19:35:00.000,4741.765,4741.765,4739.195,4739.275,31739,0.0
20260422 19:36:00.000,4739.305,4740.205,4739.005,4739.535,23280,0.0
20260422 19:37:00.000,4739.535,4740.695,4739.195,4740.585,24600,0.0
20260422 19:38:00.000,4740.605,4741.635,4739.875,4740.905,20160,0.0
20260422 19:39:00.000,4740.745,4740.885,4739.315,4739.375,22680,0.0
20260422 19:40:00.000,4739.395,4740.585,4739.395,4740.195,26580,0.0
20260422 19:41:00.000,4740.185,4740.405,4739.165,4739.255,26220,0.0
20260422 19:42:00.000,4739.295,4739.485,4738.355,4738.625,27780,0.0
20260422 19:43:00.000,4738.625,4739.155,4738.285,4739.125,18120,0.0
20260422 19:44:00.000,4739.135,4739.585,4738.985,4739.105,19380,0.0
20260422 19:45:00.000,4739.185,4740.005,4738.985,4739.445,33060,0.0
20260422 19:46:00.000,4739.425,4739.525,4737.505,4737.505,33600,0.0
20260422 19:47:00.000,4737.525,4738.025,4737.175,4737.885,31739,0.0
20260422 19:48:00.000,4737.985,4738.575,4737.435,4737.845,20160,0.0
20260422 19:49:00.000,4737.785,4738.615,4737.285,4738.395,27120,0.0
20260422 19:50:00.000,4738.365,4739.445,4736.795,4739.295,52650,0.0
20260422 19:51:00.000,4739.345,4740.285,4739.055,4740.035,38400,0.0
20260422 19:52:00.000,4739.845,4740.305,4738.445,4739.245,35220,0.0
20260422 19:53:00.000,4739.315,4740.255,4738.925,4740.155,25980,0.0
20260422 19:54:00.000,4740.225,4741.515,4740.225,4740.355,28740,0.0
20260422 19:55:00.000,4740.335,4741.715,4739.765,4741.205,30780,0.0
20260422 19:56:00.000,4741.225,4741.335,4739.425,4740.205,31050,0.0
20260422 19:57:00.000,4740.255,4740.455,4739.338,4739.995,25080,0.0
20260422 19:58:00.000,4739.975,4741.055,4739.555,4739.905,33720,0.0
20260422 19:59:00.000,4739.965,4740.565,4739.125,4739.985,40320,0.0
20260422 20:00:00.000,4740.025,4740.295,4737.815,4738.085,24210,0.0
20260422 20:01:00.000,4738.625,4738.775,4737.265,4737.495,16680,0.0
20260422 20:02:00.000,4737.455,4739.455,4737.415,4738.825,23850,0.0
20260422 20:03:00.000,4738.775,4739.015,4737.885,4738.035,16319,0.0
20260422 20:04:00.000,4738.005,4738.625,4737.758,4738.595,18480,0.0
20260422 20:05:00.000,4738.605,4739.965,4738.605,4739.515,14160,0.0
20260422 20:06:00.000,4739.535,4739.535,4738.218,4738.885,12840,0.0
20260422 20:07:00.000,4738.945,4738.975,4738.205,4738.625,11160,0.0
20260422 20:08:00.000,4738.595,4738.655,4738.355,4738.625,11040,0.0
20260422 20:09:00.000,4738.555,4738.695,4737.418,4737.885,9840,0.0
20260422 20:10:00.000,4737.875,4737.875,4736.075,4736.625,10680,0.0
20260422 20:11:00.000,4736.595,4736.715,4736.065,4736.375,9960,0.0
20260422 20:12:00.000,4736.485,4736.995,4736.155,4736.205,13920,0.0
20260422 20:13:00.000,4736.275,4736.925,4734.605,4736.725,15240,0.0
20260422 20:14:00.000,4736.745,4736.745,4735.815,4735.815,9240,0.0
20260422 20:15:00.000,4735.835,4737.525,4735.715,4736.875,12210,0.0
20260422 20:16:00.000,4736.835,4737.265,4736.135,4737.135,7680,0.0
20260422 20:17:00.000,4737.175,4737.325,4736.465,4736.855,12570,0.0
20260422 20:18:00.000,4736.835,4737.105,4736.235,4736.865,10410,0.0
20260422 20:19:00.000,4736.885,4737.265,4736.545,4736.545,10560,0.0
20260422 20:20:00.000,4736.505,4736.735,4736.225,4736.395,7680,0.0
20260422 20:21:00.000,4736.395,4737.025,4736.375,4736.775,6720,0.0
20260422 20:22:00.000,4736.845,4736.845,4735.605,4735.795,6930,0.0
20260422 20:23:00.000,4735.825,4736.205,4734.815,4735.125,10290,0.0
20260422 20:24:00.000,4735.175,4735.805,4735.155,4735.455,9360,0.0
20260422 20:25:00.000,4735.485,4735.645,4734.895,4735.005,6360,0.0
20260422 20:26:00.000,4735.035,4735.165,4734.495,4734.855,5160,0.0
20260422 20:27:00.000,4734.805,4735.465,4734.265,4735.465,6360,0.0
20260422 20:28:00.000,4735.435,4736.435,4735.435,4736.415,4680,0.0
20260422 20:29:00.000,4736.345,4737.175,4736.305,4736.755,7590,0.0
20260422 20:30:00.000,4736.755,4738.405,4736.715,4738.095,9240,0.0
20260422 20:31:00.000,4738.075,4738.465,4737.755,4738.015,8520,0.0
20260422 20:32:00.000,4738.035,4738.535,4737.665,4738.305,5880,0.0
20260422 20:33:00.000,4738.285,4739.315,4738.135,4739.295,7080,0.0
20260422 20:34:00.000,4738.955,4739.215,4738.595,4738.625,7080,0.0
20260422 20:35:00.000,4738.585,4738.585,4737.758,4738.265,4530,0.0
20260422 20:36:00.000,4738.245,4738.485,4736.355,4738.425,14430,0.0
20260422 20:37:00.000,4738.375,4738.545,4737.025,4737.235,13410,0.0
20260422 20:38:00.000,4737.185,4738.135,4737.025,4737.655,11280,0.0
20260422 20:39:00.000,4737.715,4737.915,4737.405,4737.565,6240,0.0
20260422 20:40:00.000,4737.535,4737.815,4737.285,4737.595,5400,0.0
20260422 20:41:00.000,4737.635,4737.805,4737.275,4737.485,9720,0.0
20260422 20:42:00.000,4737.505,4737.875,4737.125,4737.415,5760,0.0
20260422 20:43:00.000,4737.365,4737.365,4736.285,4736.285,6120,0.0
20260422 20:44:00.000,4736.345,4737.415,4736.075,4737.315,5520,0.0
20260422 20:45:00.000,4737.285,4737.945,4737.045,4737.875,4800,0.0
20260422 20:46:00.000,4737.885,4738.555,4737.745,4737.925,5670,0.0
20260422 20:47:00.000,4737.905,4739.155,4737.905,4739.135,7680,0.0
20260422 20:48:00.000,4739.125,4739.655,4739.075,4739.575,8610,0.0
20260422 20:49:00.000,4739.585,4739.595,4738.405,4738.605,9750,0.0
20260422 20:50:00.000,4738.575,4738.845,4738.095,4738.305,5430,0.0
20260422 20:51:00.000,4738.275,4739.295,4737.815,4738.975,6810,0.0
20260422 20:52:00.000,4739.005,4739.755,4738.485,4738.505,7560,0.0
20260422 20:53:00.000,4738.465,4738.715,4738.315,4738.395,6240,0.0
20260422 20:54:00.000,4738.365,4738.685,4738.325,4738.595,4320,0.0
20260422 20:55:00.000,4738.575,4738.705,4738.215,4738.675,7320,0.0
20260422 20:56:00.000,4738.645,4739.435,4738.645,4739.285,8280,0.0
20260422 20:57:00.000,4739.255,4739.565,4739.085,4739.195,8760,0.0
20260422 20:58:00.000,4739.155,4740.525,4739.065,4740.085,15000,0.0
20260422 20:59:00.000,4740.015,4740.045,4738.995,4739.355,11520,0.0
20260422 22:00:00.000,4739.945,4746.245,4739.945,4745.465,25380,0.0
20260422 22:01:00.000,4745.435,4745.765,4741.805,4743.015,18810,0.0
20260422 22:02:00.000,4742.665,4743.675,4741.175,4743.295,22770,0.0
20260422 22:03:00.000,4743.285,4743.355,4738.755,4740.615,21640,0.0
20260422 22:04:00.000,4740.595,4741.445,4739.675,4741.445,11850,0.0
20260422 22:05:00.000,4741.425,4741.715,4738.545,4738.655,8100,0.0
20260422 22:06:00.000,4738.615,4739.785,4738.455,4738.515,10020,0.0
20260422 22:07:00.000,4738.298,4739.635,4737.725,4737.835,11490,0.0
20260422 22:08:00.000,4737.755,4738.575,4736.265,4738.185,10170,0.0
20260422 22:09:00.000,4738.225,4739.025,4738.215,4738.575,7920,0.0
20260422 22:10:00.000,4738.555,4738.835,4737.275,4737.885,7470,0.0
20260422 22:11:00.000,4737.855,4738.245,4737.125,4738.195,8100,0.0
20260422 22:12:00.000,4738.235,4738.345,4736.675,4736.815,8490,0.0
20260422 22:13:00.000,4736.785,4737.115,4735.995,4736.265,6150,0.0
20260422 22:14:00.000,4736.245,4736.545,4735.738,4736.235,10650,0.0
20260422 22:15:00.000,4736.345,4737.235,4736.345,4736.785,9480,0.0
20260422 22:16:00.000,4736.815,4737.655,4736.815,4737.095,7620,0.0
20260422 22:17:00.000,4737.065,4738.095,4736.705,4738.095,6480,0.0
20260422 22:18:00.000,4738.035,4738.095,4736.795,4736.925,6480,0.0
20260422 22:19:00.000,4736.835,4736.915,4735.075,4736.035,10290,0.0
20260422 22:20:00.000,4736.205,4737.705,4735.955,4737.035,9420,0.0
20260422 22:21:00.000,4737.015,4737.015,4735.245,4735.445,9420,0.0
20260422 22:22:00.000,4735.415,4737.025,4735.405,4736.735,9210,0.0
20260422 22:23:00.000,4736.705,4736.925,4736.385,4736.585,8640,0.0
20260422 22:24:00.000,4736.575,4736.585,4734.925,4735.095,8610,0.0
20260422 22:25:00.000,4735.095,4735.835,4734.785,4735.795,9570,0.0
20260422 22:26:00.000,4735.975,4735.995,4734.365,4734.695,8220,0.0
20260422 22:27:00.000,4734.655,4734.855,4733.445,4733.545,14910,0.0
20260422 22:28:00.000,4733.605,4733.655,4732.695,4732.825,9330,0.0
20260422 22:29:00.000,4732.905,4732.975,4732.215,4732.675,10530,0.0
20260422 22:30:00.000,4732.795,4734.345,4732.745,4734.235,15780,0.0
20260422 22:31:00.000,4734.205,4735.095,4734.055,4734.555,10950,0.0
20260422 22:32:00.000,4734.535,4734.625,4733.928,4734.195,5640,0.0
20260422 22:33:00.000,4734.235,4734.235,4732.198,4733.675,15000,0.0
20260422 22:34:00.000,4733.685,4734.175,4733.438,4734.115,8490,0.0
20260422 22:35:00.000,4733.945,4734.045,4732.685,4733.185,8940,0.0
20260422 22:36:00.000,4733.135,4733.445,4732.725,4732.895,7890,0.0
20260422 22:37:00.000,4732.715,4732.715,4731.205,4731.315,15360,0.0
20260422 22:38:00.000,4731.405,4731.705,4730.975,4731.145,13440,0.0
20260422 22:39:00.000,4731.165,4731.545,4729.995,4730.715,12090,0.0
20260422 22:40:00.000,4730.745,4730.985,4729.905,4730.585,11340,0.0
20260422 22:41:00.000,4730.555,4731.065,4730.245,4730.975,6480,0.0
20260422 22:42:00.000,4731.015,4731.515,4730.695,4731.005,7890,0.0
20260422 22:43:00.000,4730.975,4731.245,4730.105,4730.255,12300,0.0
20260422 22:44:00.000,4730.155,4731.015,4729.565,4729.725,11040,0.0
20260422 22:45:00.000,4729.745,4731.455,4728.755,4731.365,15450,0.0
20260422 22:46:00.000,4731.445,4731.615,4730.328,4730.865,9960,0.0
20260422 22:47:00.000,4730.885,4731.075,4730.345,4730.365,7170,0.0
20260422 22:48:00.000,4730.335,4730.505,4729.335,4729.725,7320,0.0
20260422 22:49:00.000,4729.685,4730.795,4729.675,4729.935,6540,0.0
20260422 22:50:00.000,4729.958,4730.895,4729.575,4730.705,7530,0.0
20260422 22:51:00.000,4730.675,4731.725,4730.575,4731.455,11310,0.0
20260422 22:52:00.000,4731.385,4731.475,4730.055,4730.405,7440,0.0
20260422 22:53:00.000,4730.385,4730.625,4729.798,4730.295,8580,0.0
20260422 22:54:00.000,4730.385,4731.225,4730.075,4730.545,7680,0.0
20260422 22:55:00.000,4730.598,4730.605,4728.625,4728.838,11430,0.0
20260422 22:56:00.000,4728.838,4728.838,4726.908,4727.495,19240,0.0
20260422 22:57:00.000,4727.488,4727.488,4726.565,4727.005,16650,0.0
20260422 22:58:00.000,4726.998,4727.108,4725.835,4726.138,28810,0.0
20260422 22:59:00.000,4726.148,4726.478,4725.205,4725.638,26890,0.0
20260422 23:00:00.000,4725.638,4726.098,4725.065,4725.468,22650,0.0
20260422 23:01:00.000,4724.915,4725.898,4723.008,4725.898,35410,0.0
20260422 23:02:00.000,4725.898,4726.398,4724.545,4725.668,22810,0.0
20260422 23:03:00.000,4725.468,4725.898,4724.218,4724.758,12360,0.0
20260422 23:04:00.000,4724.918,4725.008,4723.298,4724.068,22590,0.0
20260422 23:05:00.000,4724.068,4725.138,4723.958,4724.958,17790,0.0
20260422 23:06:00.000,4724.968,4724.968,4723.348,4724.068,11610,0.0
20260422 23:07:00.000,4724.098,4724.378,4723.698,4723.848,22170,0.0
20260422 23:08:00.000,4723.828,4725.178,4723.658,4725.008,24450,0.0
20260422 23:09:00.000,4724.598,4725.768,4724.308,4725.648,40080,0.0
20260422 23:10:00.000,4725.768,4727.505,4725.768,4726.975,19050,0.0
20260422 23:11:00.000,4726.805,4727.445,4726.745,4727.295,6510,0.0
20260422 23:12:00.000,4727.315,4727.815,4726.935,4727.685,7050,0.0
20260422 23:13:00.000,4727.665,4728.085,4727.615,4727.615,5490,0.0
20260422 23:14:00.000,4727.565,4728.025,4725.335,4725.635,11280,0.0
20260422 23:15:00.000,4725.655,4727.405,4725.655,4726.365,10500,0.0
20260422 23:16:00.000,4726.385,4726.995,4726.315,4726.995,6810,0.0
20260422 23:17:00.000,4727.065,4727.565,4726.895,4727.555,5640,0.0
20260422 23:18:00.000,4727.595,4728.355,4727.345,4727.345,6120,0.0
20260422 23:19:00.000,4727.405,4728.875,4727.345,4728.735,6420,0.0
20260422 23:20:00.000,4728.755,4729.715,4728.735,4729.055,8760,0.0
20260422 23:21:00.000,4729.015,4729.175,4728.535,4728.855,6360,0.0
20260422 23:22:00.000,4728.835,4728.855,4727.635,4727.685,8039,0.0
20260422 23:23:00.000,4727.785,4729.455,4727.395,4727.465,10890,0.0
20260422 23:24:00.000,4727.445,4727.515,4726.105,4726.245,7530,0.0
20260422 23:25:00.000,4726.395,4726.745,4725.445,4725.588,7740,0.0
20260422 23:26:00.000,4725.588,4727.585,4725.115,4727.585,6000,0.0
20260422 23:27:00.000,4727.565,4727.625,4726.975,4727.045,3570,0.0
20260422 23:28:00.000,4727.075,4727.285,4726.025,4726.785,4170,0.0
20260422 23:29:00.000,4726.835,4728.055,4726.765,4727.855,7020,0.0
20260422 23:30:00.000,4727.895,4727.895,4726.035,4726.265,8880,0.0
20260422 23:31:00.000,4726.235,4726.625,4725.995,4726.195,7470,0.0
20260422 23:32:00.000,4726.225,4726.295,4725.845,4726.125,5400,0.0
20260422 23:33:00.000,4726.175,4727.465,4725.915,4727.265,5160,0.0
20260422 23:34:00.000,4727.305,4727.305,4726.725,4727.135,4440,0.0
20260422 23:35:00.000,4727.115,4727.465,4725.465,4725.635,10050,0.0
20260422 23:36:00.000,4725.655,4725.895,4725.278,4725.695,6630,0.0
20260422 23:37:00.000,4725.665,4725.665,4725.095,4725.255,6510,0.0
20260422 23:38:00.000,4725.235,4725.265,4724.785,4725.265,6480,0.0
20260422 23:39:00.000,4725.285,4726.015,4724.245,4724.545,10830,0.0
20260422 23:40:00.000,4724.625,4725.295,4724.165,4725.095,8159,0.0
20260422 23:41:00.000,4725.125,4725.275,4724.545,4724.705,8520,0.0
20260422 23:42:00.000,4724.675,4724.745,4724.125,4724.525,5880,0.0
20260422 23:43:00.000,4724.575,4724.845,4723.695,4723.845,6240,0.0
20260422 23:44:00.000,4723.825,4724.255,4723.535,4724.255,7110,0.0
20260422 23:45:00.000,4724.235,4726.375,4724.235,4726.075,16079,0.0
20260422 23:46:00.000,4726.055,4727.025,4725.825,4726.755,8520,0.0
20260422 23:47:00.000,4726.715,4727.635,4726.405,4727.345,6570,0.0
20260422 23:48:00.000,4727.305,4727.885,4726.735,4727.805,7920,0.0
20260422 23:49:00.000,4727.765,4728.305,4727.265,4727.805,9240,0.0
20260422 23:50:00.000,4727.775,4727.775,4726.255,4727.195,13770,0.0
20260422 23:51:00.000,4727.115,4727.265,4726.175,4726.225,5730,0.0
20260422 23:52:00.000,4726.215,4726.305,4725.465,4725.525,11310,0.0
20260422 23:53:00.000,4725.575,4727.375,4725.395,4726.595,15720,0.0
20260422 23:54:00.000,4726.525,4727.415,4726.525,4727.275,6330,0.0
20260422 23:55:00.000,4727.335,4728.775,4727.315,4728.285,10950,0.0
20260422 23:56:00.000,4728.235,4728.935,4727.525,4727.525,8640,0.0
20260422 23:57:00.000,4727.555,4727.715,4726.365,4727.585,12750,0.0
20260422 23:58:00.000,4727.935,4728.945,4727.695,4728.885,9000,0.0
20260422 23:59:00.000,4728.865,4728.935,4727.235,4727.525,11790,0.0
20260423 00:00:00.000,4727.505,4727.905,4723.575,4723.585,28830,0.0
20260423 00:01:00.000,4723.555,4723.555,4719.998,4720.915,44340,0.0
20260423 00:02:00.000,4720.965,4724.255,4720.115,4721.675,30600,0.0
20260423 00:03:00.000,4721.775,4724.035,4721.625,4723.145,17820,0.0
20260423 00:04:00.000,4723.085,4724.065,4720.865,4721.365,20160,0.0
20260423 00:05:00.000,4721.095,4721.545,4720.315,4720.725,24330,0.0
20260423 00:06:00.000,4720.935,4722.055,4720.565,4721.155,20640,0.0
20260423 00:07:00.000,4721.235,4722.115,4718.505,4719.115,27930,0.0
20260423 00:08:00.000,4719.145,4720.945,4719.145,4720.355,20370,0.0
20260423 00:09:00.000,4720.375,4720.375,4713.825,4715.215,44940,0.0
20260423 00:10:00.000,4715.125,4715.585,4710.775,4711.305,53040,0.0
20260423 00:11:00.000,4711.345,4713.115,4709.898,4710.945,53750,0.0
20260423 00:12:00.000,4710.965,4711.775,4707.305,4707.765,45340,0.0
20260423 00:13:00.000,4708.145,4708.635,4703.325,4703.545,56250,0.0
20260423 00:14:00.000,4703.635,4705.105,4698.535,4699.205,56820,0.0
20260423 00:15:00.000,4699.285,4700.115,4695.775,4696.175,73080,0.0
20260423 00:16:00.000,4696.205,4697.295,4693.638,4696.065,67590,0.0
20260423 00:17:00.000,4695.835,4708.045,4695.835,4707.575,61830,0.0
20260423 00:18:00.000,4707.655,4715.185,4703.205,4713.495,76360,0.0
20260423 00:19:00.000,4713.405,4723.575,4713.405,4722.185,78390,0.0
20260423 00:20:00.000,4722.405,4729.875,4722.085,4726.535,63690,0.0
20260423 00:21:00.000,4726.455,4730.495,4725.625,4729.415,47700,0.0
20260423 00:22:00.000,4729.625,4733.765,4726.735,4730.495,54090,0.0
20260423 00:23:00.000,4730.355,4731.185,4726.275,4727.545,45120,0.0
20260423 00:24:00.000,4727.515,4728.165,4726.055,4727.175,33420,0.0
20260423 00:25:00.000,4727.135,4735.575,4726.915,4733.835,43170,0.0
20260423 00:26:00.000,4733.905,4739.805,4733.615,4737.705,56370,0.0
20260423 00:27:00.000,4737.795,4737.888,4734.015,4736.035,55710,0.0
20260423 00:28:00.000,4735.885,4740.385,4735.885,4739.895,117090,0.0
20260423 00:29:00.000,4739.875,4742.095,4738.618,4741.235,56220,0.0
20260423 00:30:00.000,4741.275,4751.808,4740.935,4746.955,69920,0.0
20260423 00:31:00.000,4746.708,4749.855,4743.205,4743.635,52680,0.0
20260423 00:32:00.000,4743.705,4744.935,4742.505,4742.725,43620,0.0
20260423 00:33:00.000,4742.805,4746.645,4742.805,4745.865,41280,0.0
20260423 00:34:00.000,4745.815,4747.075,4744.355,4746.525,33270,0.0
20260423 00:35:00.000,4746.435,4747.225,4743.245,4743.525,40530,0.0
20260423 00:36:00.000,4743.595,4746.325,4742.605,4745.325,37230,0.0
20260423 00:37:00.000,4745.285,4748.005,4744.765,4746.125,37470,0.0
20260423 00:38:00.000,4746.315,4746.375,4743.175,4743.435,31350,0.0
20260423 00:39:00.000,4743.485,4747.545,4743.485,4745.555,33870,0.0
20260423 00:40:00.000,4745.605,4747.265,4744.405,4745.775,32130,0.0
20260423 00:41:00.000,4745.825,4747.045,4744.385,4744.385,28050,0.0
20260423 00:42:00.000,4744.415,4744.465,4742.165,4743.405,26880,0.0
20260423 00:43:00.000,4743.475,4744.325,4742.585,4742.865,28110,0.0
20260423 00:44:00.000,4743.305,4744.795,4743.135,4744.565,26400,0.0
20260423 00:45:00.000,4744.545,4746.665,4743.325,4746.175,23970,0.0
20260423 00:46:00.000,4746.205,4749.805,4746.145,4748.625,32249,0.0
20260423 00:47:00.000,4748.675,4749.905,4747.325,4748.915,34110,0.0
20260423 00:48:00.000,4748.945,4749.425,4747.085,4747.385,34680,0.0
20260423 00:49:00.000,4747.365,4747.775,4745.765,4747.135,26370,0.0
20260423 00:50:00.000,4747.325,4749.295,4746.985,4748.465,29880,0.0
20260423 00:51:00.000,4748.565,4751.595,4748.245,4750.105,36030,0.0
20260423 00:52:00.000,4750.085,4753.585,4748.735,4749.185,38880,0.0
20260423 00:53:00.000,4749.065,4750.405,4748.685,4748.865,27870,0.0
20260423 00:54:00.000,4748.825,4749.175,4747.575,4747.855,25890,0.0
20260423 00:55:00.000,4747.885,4748.005,4746.178,4746.308,32100,0.0
20260423 00:56:00.000,4746.208,4746.248,4744.948,4745.278,33300,0.0
20260423 00:57:00.000,4745.288,4745.975,4744.498,4745.005,24360,0.0
20260423 00:58:00.000,4744.955,4745.485,4744.455,4744.585,18480,0.0
20260423 00:59:00.000,4744.555,4747.845,4744.545,4747.815,27210,0.0
20260423 01:00:00.000,4747.485,4747.955,4743.375,4744.475,53490,0.0
20260423 01:01:00.000,4744.375,4745.985,4742.525,4745.675,36990,0.0
20260423 01:02:00.000,4745.645,4749.675,4744.895,4749.035,45600,0.0
20260423 01:03:00.000,4749.125,4749.265,4745.075,4745.765,38040,0.0
20260423 01:04:00.000,4745.865,4746.105,4744.045,4744.075,36600,0.0
20260423 01:05:00.000,4744.045,4744.985,4743.285,4744.245,32820,0.0
20260423 01:06:00.000,4744.255,4744.255,4741.895,4742.525,31230,0.0
20260423 01:07:00.000,4742.645,4744.325,4742.205,4743.495,31050,0.0
20260423 01:08:00.000,4743.535,4745.795,4742.915,4744.845,27180,0.0
20260423 01:09:00.000,4744.925,4745.115,4742.695,4743.635,27240,0.0
20260423 01:10:00.000,4743.805,4743.805,4741.535,4741.565,23580,0.0
20260423 01:11:00.000,4741.535,4741.715,4737.495,4738.895,41550,0.0
20260423 01:12:00.000,4738.865,4739.765,4737.865,4738.085,35160,0.0
20260423 01:13:00.000,4738.215,4738.435,4735.735,4736.605,34590,0.0
20260423 01:14:00.000,4736.665,4737.625,4736.405,4736.655,27450,0.0
20260423 01:15:00.000,4736.675,4738.445,4735.815,4736.245,32430,0.0
20260423 01:16:00.000,4736.225,4737.895,4732.895,4735.195,40620,0.0
20260423 01:17:00.000,4735.155,4735.525,4732.865,4734.475,39690,0.0
20260423 01:18:00.000,4734.475,4736.525,4733.375,4733.815,44010,0.0
20260423 01:19:00.000,4733.735,4734.605,4732.835,4734.095,32340,0.0
20260423 01:20:00.000,4734.115,4735.115,4732.645,4733.365,25860,0.0
20260423 01:21:00.000,4733.395,4733.825,4730.365,4730.725,28440,0.0
20260423 01:22:00.000,4730.685,4731.105,4729.675,4730.115,28260,0.0
20260423 01:23:00.000,4730.055,4730.215,4728.245,4730.065,31080,0.0
20260423 01:24:00.000,4730.085,4733.515,4729.695,4733.515,33750,0.0
20260423 01:25:00.000,4733.515,4734.665,4732.198,4734.665,36780,0.0
20260423 01:26:00.000,4734.495,4734.845,4733.085,4734.305,24690,0.0
20260423 01:27:00.000,4734.225,4735.155,4733.265,4733.565,21930,0.0
20260423 01:28:00.000,4733.495,4734.205,4732.055,4732.285,27750,0.0
20260423 01:29:00.000,4732.235,4732.235,4726.915,4728.015,42750,0.0
20260423 01:30:00.000,4728.045,4730.335,4725.655,4729.655,47400,0.0
20260423 01:31:00.000,4729.695,4732.935,4729.615,4730.185,42450,0.0
20260423 01:32:00.000,4730.135,4732.515,4729.245,4731.735,38460,0.0
20260423 01:33:00.000,4731.705,4731.965,4728.195,4728.915,31830,0.0
20260423 01:34:00.000,4728.845,4729.825,4728.165,4728.985,30450,0.0
20260423 01:35:00.000,4729.285,4731.745,4729.285,4731.215,32249,0.0
20260423 01:36:00.000,4731.135,4731.945,4729.855,4731.465,32550,0.0
20260423 01:37:00.000,4731.525,4732.385,4729.605,4730.125,28380,0.0
20260423 01:38:00.000,4730.155,4730.685,4728.675,4729.375,25200,0.0
20260423 01:39:00.000,4729.515,4732.625,4729.435,4732.485,31050,0.0
20260423 01:40:00.000,4732.455,4732.835,4731.575,4732.835,24870,0.0
20260423 01:41:00.000,4732.915,4735.145,4732.705,4734.975,31769,0.0
20260423 01:42:00.000,4734.825,4735.535,4734.135,4734.235,28380,0.0
20260423 01:43:00.000,4734.175,4734.315,4733.155,4733.895,25620,0.0
20260423 01:44:00.000,4733.945,4734.085,4731.755,4733.425,38160,0.0
20260423 01:45:00.000,4733.445,4734.995,4733.045,4734.585,31350,0.0
20260423 01:46:00.000,4734.665,4736.345,4734.065,4736.235,31259,0.0
20260423 01:47:00.000,4736.275,4736.475,4734.635,4735.785,27750,0.0
20260423 01:48:00.000,4735.805,4736.785,4735.125,4735.125,26700,0.0
20260423 01:49:00.000,4735.125,4735.265,4733.495,4733.805,30300,0.0
20260423 01:50:00.000,4733.785,4736.055,4733.285,4735.665,26970,0.0
20260423 01:51:00.000,4735.575,4735.685,4730.195,4730.815,43380,0.0
20260423 01:52:00.000,4730.715,4732.215,4729.925,4730.355,37830,0.0
20260423 01:53:00.000,4730.375,4730.375,4725.965,4727.025,33720,0.0
20260423 01:54:00.000,4726.835,4727.985,4724.065,4724.535,42120,0.0
20260423 01:55:00.000,4724.565,4725.655,4722.915,4724.395,39600,0.0
20260423 01:56:00.000,4724.345,4727.965,4724.345,4726.695,40740,0.0
20260423 01:57:00.000,4726.875,4727.095,4724.085,4725.085,29940,0.0
20260423 01:58:00.000,4725.115,4725.525,4722.565,4723.635,37950,0.0
20260423 01:59:00.000,4723.585,4725.065,4722.255,4723.045,33150,0.0
20260423 02:00:00.000,4723.165,4724.535,4722.145,4723.245,36270,0.0
20260423 02:01:00.000,4723.225,4724.005,4720.575,4721.655,43530,0.0
20260423 02:02:00.000,4721.705,4723.925,4720.945,4722.495,39570,0.0
20260423 02:03:00.000,4722.525,4723.355,4720.465,4721.945,31920,0.0
20260423 02:04:00.000,4721.965,4722.675,4719.855,4720.345,28890,0.0
20260423 02:05:00.000,4720.285,4721.865,4716.345,4717.495,45480,0.0
20260423 02:06:00.000,4717.305,4720.425,4716.905,4719.895,34350,0.0
20260423 02:07:00.000,4719.815,4720.775,4718.155,4718.475,34920,0.0
20260423 02:08:00.000,4718.345,4719.275,4712.265,4713.645,39090,0.0
20260423 02:09:00.000,4713.705,4714.345,4711.625,4714.325,37020,0.0
20260423 02:10:00.000,4714.255,4714.495,4709.765,4709.815,34320,0.0
20260423 02:11:00.000,4709.635,4711.045,4708.015,4708.975,41640,0.0
20260423 02:12:00.000,4708.915,4713.255,4708.915,4713.125,36480,0.0
20260423 02:13:00.000,4712.995,4713.575,4707.455,4708.805,39630,0.0
20260423 02:14:00.000,4708.875,4709.745,4706.285,4706.985,39660,0.0
20260423 02:15:00.000,4706.885,4707.905,4704.685,4707.885,42210,0.0
20260423 02:16:00.000,4707.935,4709.825,4707.935,4709.205,37650,0.0
20260423 02:17:00.000,4709.175,4711.235,4706.905,4707.325,40590,0.0
20260423 02:18:00.000,4707.385,4709.875,4706.835,4709.205,44460,0.0
20260423 02:19:00.000,4709.245,4711.085,4709.155,4710.435,34050,0.0
20260423 02:20:00.000,4710.465,4714.095,4710.465,4713.905,44460,0.0
20260423 02:21:00.000,4713.855,4716.295,4713.655,4715.575,35010,0.0
20260423 02:22:00.000,4715.535,4717.955,4715.115,4717.825,42000,0.0
20260423 02:23:00.000,4717.755,4717.755,4713.345,4713.955,39000,0.0
20260423 02:24:00.000,4713.885,4715.535,4713.885,4715.495,32400,0.0
20260423 02:25:00.000,4715.445,4716.475,4715.345,4716.015,25710,0.0
20260423 02:26:00.000,4716.015,4717.755,4715.015,4715.615,29610,0.0
20260423 02:27:00.000,4715.685,4717.135,4714.775,4716.965,31380,0.0
20260423 02:28:00.000,4716.995,4717.355,4713.495,4714.175,29640,0.0
20260423 02:29:00.000,4714.195,4715.035,4713.505,4713.815,27540,0.0
20260423 02:30:00.000,4713.785,4714.315,4708.445,4709.805,54960,0.0
20260423 02:31:00.000,4709.885,4712.885,4708.015,4712.775,42420,0.0
20260423 02:32:00.000,4712.785,4714.725,4712.635,4713.715,33510,0.0
20260423 02:33:00.000,4713.845,4714.125,4711.805,4712.445,33900,0.0
20260423 02:34:00.000,4712.415,4714.115,4711.805,4712.355,33660,0.0
20260423 02:35:00.000,4712.325,4714.365,4711.255,4714.195,38970,0.0
20260423 02:36:00.000,4714.155,4715.495,4713.545,4714.575,37470,0.0
20260423 02:37:00.000,4714.675,4714.735,4708.025,4709.565,45030,0.0
20260423 02:38:00.000,4709.925,4710.305,4706.865,4708.965,50550,0.0
20260423 02:39:00.000,4708.935,4711.925,4707.635,4711.685,48300,0.0
20260423 02:40:00.000,4711.705,4713.085,4709.195,4709.335,42510,0.0
20260423 02:41:00.000,4709.325,4709.995,4708.645,4709.425,40830,0.0
20260423 02:42:00.000,4709.435,4709.755,4703.675,4704.915,49410,0.0
20260423 02:43:00.000,4704.865,4705.645,4703.375,4703.665,46320,0.0
20260423 02:44:00.000,4703.455,4703.955,4700.145,4701.085,51240,0.0
20260423 02:45:00.000,4701.045,4704.725,4701.045,4702.875,54660,0.0
20260423 02:46:00.000,4702.875,4704.385,4700.035,4701.505,52710,0.0
20260423 02:47:00.000,4701.275,4704.395,4698.725,4703.895,56550,0.0
20260423 02:48:00.000,4703.945,4705.325,4702.998,4704.315,48810,0.0
20260423 02:49:00.000,4704.375,4706.315,4704.345,4706.315,38010,0.0
20260423 02:50:00.000,4706.095,4707.075,4705.685,4706.975,36840,0.0
20260423 02:51:00.000,4706.995,4707.065,4704.795,4705.205,37680,0.0
20260423 02:52:00.000,4705.428,4706.875,4702.825,4706.865,46200,0.0
20260423 02:53:00.000,4706.885,4706.885,4704.025,4705.985,39060,0.0
20260423 02:54:00.000,4705.985,4706.075,4702.485,4703.155,48030,0.0
20260423 02:55:00.000,4703.285,4703.735,4699.365,4699.725,60180,0.0
20260423 02:56:00.000,4699.795,4700.615,4698.145,4699.985,55950,0.0
20260423 02:57:00.000,4700.065,4701.055,4699.215,4700.185,43380,0.0
20260423 02:58:00.000,4700.255,4702.915,4700.025,4701.205,46920,0.0
20260423 02:59:00.000,4701.115,4701.275,4698.255,4698.745,45540,0.0
20260423 03:00:00.000,4698.695,4701.655,4698.695,4700.575,44760,0.0
20260423 03:01:00.000,4700.555,4703.975,4699.465,4703.735,47700,0.0
20260423 03:02:00.000,4703.755,4706.765,4703.105,4705.225,54780,0.0
20260423 03:03:00.000,4705.295,4707.485,4704.705,4707.155,41100,0.0
20260423 03:04:00.000,4707.025,4708.265,4705.655,4708.225,37200,0.0
20260423 03:05:00.000,4708.265,4708.455,4705.318,4706.195,35370,0.0
20260423 03:06:00.000,4706.045,4706.275,4702.485,4702.635,40830,0.0
20260423 03:07:00.000,4702.675,4703.675,4701.475,4702.435,39930,0.0
20260423 03:08:00.000,4702.505,4703.995,4701.385,4703.165,39120,0.0
20260423 03:09:00.000,4702.835,4706.015,4702.365,4703.325,34860,0.0
20260423 03:10:00.000,4703.315,4703.625,4698.095,4700.305,50700,0.0
20260423 03:11:00.000,4700.355,4701.305,4699.475,4700.685,33870,0.0
20260423 03:12:00.000,4700.655,4701.045,4698.195,4699.855,44130,0.0
20260423 03:13:00.000,4699.825,4702.185,4699.175,4700.305,39600,0.0
20260423 03:14:00.000,4700.245,4702.805,4700.195,4701.825,39630,0.0
20260423 03:15:00.000,4701.855,4703.595,4701.655,4703.198,37800,0.0
20260423 03:16:00.000,4703.158,4704.485,4703.005,4703.895,35970,0.0
20260423 03:17:00.000,4704.085,4704.305,4700.455,4701.415,42840,0.0
20260423 03:18:00.000,4701.525,4701.645,4699.395,4699.695,37890,0.0
20260423 03:19:00.000,4699.655,4700.415,4697.985,4700.415,41430,0.0
20260423 03:20:00.000,4700.015,4701.175,4698.795,4699.845,35520,0.0
20260423 03:21:00.000,4699.945,4703.035,4699.795,4702.875,39840,0.0
20260423 03:22:00.000,4702.895,4704.355,4702.645,4703.465,46170,0.0
20260423 03:23:00.000,4703.555,4705.605,4703.085,4703.465,32610,0.0
20260423 03:24:00.000,4703.535,4704.105,4702.475,4703.845,48330,0.0
20260423 03:25:00.000,4703.915,4705.168,4702.015,4702.625,51840,0.0
20260423 03:26:00.000,4702.625,4704.605,4702.295,4703.605,42720,0.0
20260423 03:27:00.000,4703.625,4705.585,4703.335,4703.355,47880,0.0
20260423 03:28:00.000,4703.325,4704.365,4702.395,4703.145,39000,0.0
20260423 03:29:00.000,4703.185,4703.655,4701.215,4702.895,37200,0.0
20260423 03:30:00.000,4702.925,4704.235,4701.475,4703.095,32940,0.0
20260423 03:31:00.000,4702.885,4705.155,4701.395,4704.455,36690,0.0
20260423 03:32:00.000,4704.435,4704.805,4703.275,4703.905,39750,0.0
20260423 03:33:00.000,4704.038,4704.038,4701.168,4701.855,38850,0.0
20260423 03:34:00.000,4701.805,4703.818,4701.745,4702.915,31860,0.0
20260423 03:35:00.000,4702.915,4703.645,4702.405,4703.235,30690,0.0
20260423 03:36:00.000,4703.255,4704.065,4701.435,4703.335,40410,0.0
20260423 03:37:00.000,4703.415,4703.875,4702.305,4702.585,28560,0.0
20260423 03:38:00.000,4702.705,4703.085,4702.095,4702.385,21810,0.0
20260423 03:39:00.000,4702.445,4702.755,4701.785,4702.395,22800,0.0
20260423 03:40:00.000,4702.375,4703.285,4700.618,4702.815,28860,0.0
20260423 03:41:00.000,4702.875,4706.345,4702.805,4705.665,37050,0.0
20260423 03:42:00.000,4705.715,4706.795,4705.105,4705.265,25860,0.0
20260423 03:43:00.000,4705.285,4706.035,4703.735,4704.165,28260,0.0
20260423 03:44:00.000,4704.125,4705.285,4704.025,4704.535,24630,0.0
20260423 03:45:00.000,4704.625,4705.985,4703.325,4704.145,32580,0.0
20260423 03:46:00.000,4704.115,4706.365,4703.995,4705.935,27600,0.0
20260423 03:47:00.000,4705.895,4707.045,4705.895,4706.285,23550,0.0
20260423 03:48:00.000,4706.355,4706.865,4706.045,4706.575,17040,0.0
20260423 03:49:00.000,4706.555,4706.625,4705.365,4706.505,17580,0.0
20260423 03:50:00.000,4706.575,4707.255,4705.905,4706.055,20370,0.0
20260423 03:51:00.000,4706.075,4706.425,4704.495,4705.635,22950,0.0
20260423 03:52:00.000,4705.485,4706.715,4705.215,4706.345,19770,0.0
20260423 03:53:00.000,4706.415,4706.645,4705.545,4705.915,18000,0.0
20260423 03:54:00.000,4705.885,4705.915,4704.715,4705.305,18000,0.0
20260423 03:55:00.000,4705.545,4705.795,4702.565,4703.015,23250,0.0
20260423 03:56:00.000,4702.875,4703.475,4702.535,4702.615,23760,0.0
20260423 03:57:00.000,4702.635,4704.065,4702.255,4703.995,18930,0.0
20260423 03:58:00.000,4704.015,4704.945,4703.675,4704.015,19620,0.0
20260423 03:59:00.000,4703.915,4704.315,4703.515,4703.705,12150,0.0
20260423 04:00:00.000,4703.705,4704.135,4702.675,4703.275,21150,0.0
20260423 04:01:00.000,4703.315,4703.795,4701.185,4701.665,24390,0.0
20260423 04:02:00.000,4701.635,4702.465,4701.135,4702.185,17070,0.0
20260423 04:03:00.000,4702.645,4702.745,4702.005,4702.585,14760,0.0
20260423 04:04:00.000,4702.385,4702.715,4701.995,4702.525,12600,0.0
20260423 04:05:00.000,4702.555,4702.975,4700.475,4700.475,18450,0.0
20260423 04:06:00.000,4700.525,4702.235,4700.525,4702.235,16200,0.0
20260423 04:07:00.000,4702.135,4703.585,4702.135,4703.405,17400,0.0
20260423 04:08:00.000,4703.385,4706.015,4703.095,4705.245,21270,0.0
20260423 04:09:00.000,4705.145,4706.015,4703.515,4704.105,19050,0.0
20260423 04:10:00.000,4704.075,4705.188,4703.895,4704.145,15270,0.0
20260423 04:11:00.000,4704.055,4705.085,4703.855,4704.905,15960,0.0
20260423 04:12:00.000,4704.965,4705.935,4704.965,4705.695,22830,0.0
20260423 04:13:00.000,4705.735,4705.735,4704.155,4705.215,16530,0.0
20260423 04:14:00.000,4705.295,4706.165,4704.805,4706.035,14130,0.0
20260423 04:15:00.000,4706.055,4706.175,4704.965,4705.365,17700,0.0
20260423 04:16:00.000,4705.485,4705.595,4704.965,4705.035,14340,0.0
20260423 04:17:00.000,4705.055,4705.175,4703.625,4703.735,18660,0.0
20260423 04:18:00.000,4703.845,4705.025,4703.845,4704.775,13170,0.0
20260423 04:19:00.000,4704.725,4705.235,4703.975,4704.275,15840,0.0
20260423 04:20:00.000,4704.245,4705.545,4703.915,4705.535,13710,0.0
20260423 04:21:00.000,4705.575,4706.885,4704.855,4706.185,16170,0.0
20260423 04:22:00.000,4706.185,4706.355,4705.545,4706.325,11730,0.0
20260423 04:23:00.000,4706.305,4706.945,4705.175,4705.175,19740,0.0
20260423 04:24:00.000,4705.285,4705.795,4703.515,4703.765,17490,0.0
20260423 04:25:00.000,4703.745,4704.425,4702.525,4703.195,18360,0.0
20260423 04:26:00.000,4703.225,4704.875,4702.585,4704.125,20640,0.0
20260423 04:27:00.000,4704.225,4704.835,4703.955,4704.465,14370,0.0
20260423 04:28:00.000,4704.425,4706.168,4704.315,4705.115,20190,0.0
20260423 04:29:00.000,4705.245,4705.445,4704.275,4705.375,14460,0.0
20260423 04:30:00.000,4705.245,4706.575,4704.735,4705.535,21300,0.0
20260423 04:31:00.000,4705.565,4705.715,4704.465,4704.845,19050,0.0
20260423 04:32:00.000,4704.735,4705.565,4704.725,4704.885,12960,0.0
20260423 04:33:00.000,4704.845,4706.675,4704.845,4705.955,13260,0.0
20260423 04:34:00.000,4705.985,4706.525,4705.735,4705.745,10900,0.0
20260423 04:35:00.000,4705.705,4706.885,4705.135,4705.235,16830,0.0
20260423 04:36:00.000,4705.425,4705.665,4703.905,4703.965,15840,0.0
20260423 04:37:00.000,4703.915,4704.615,4703.755,4703.925,18360,0.0
20260423 04:38:00.000,4703.875,4704.125,4701.975,4702.455,18090,0.0
20260423 04:39:00.000,4702.555,4703.195,4702.295,4703.085,9720,0.0
20260423 04:40:00.000,4703.115,4703.325,4702.325,4702.325,12780,0.0
20260423 04:41:00.000,4702.445,4702.515,4701.525,4702.155,19680,0.0
20260423 04:42:00.000,4702.125,4703.565,4701.865,4702.035,15120,0.0
20260423 04:43:00.000,4702.075,4702.758,4701.275,4702.035,14760,0.0
20260423 04:44:00.000,4701.998,4701.998,4701.355,4701.465,12660,0.0
20260423 04:45:00.000,4701.435,4702.115,4699.975,4699.975,22590,0.0
20260423 04:46:00.000,4699.905,4700.065,4699.255,4699.415,17580,0.0
20260423 04:47:00.000,4699.455,4699.975,4698.455,4699.635,21450,0.0
20260423 04:48:00.000,4699.565,4700.595,4699.105,4700.565,18720,0.0
20260423 04:49:00.000,4700.578,4702.615,4700.555,4702.015,16740,0.0
20260423 04:50:00.000,4701.915,4702.685,4701.635,4701.915,13710,0.0
20260423 04:51:00.000,4701.965,4703.235,4701.655,4702.525,12780,0.0
20260423 04:52:00.000,4702.485,4703.495,4702.095,4703.025,20760,0.0
20260423 04:53:00.000,4702.985,4703.095,4702.055,4702.515,14700,0.0
20260423 04:54:00.000,4702.445,4703.715,4701.925,4702.455,18750,0.0
20260423 04:55:00.000,4702.335,4702.555,4700.915,4701.135,17160,0.0
20260423 04:56:00.000,4701.175,4701.435,4700.895,4701.335,11400,0.0
20260423 04:57:00.000,4701.275,4702.485,4701.215,4702.045,21150,0.0
20260423 04:58:00.000,4702.035,4703.025,4701.735,4702.885,17340,0.0
20260423 04:59:00.000,4703.005,4704.355,4702.895,4704.115,17070,0.0
20260423 05:00:00.000,4704.155,4706.945,4703.065,4706.685,29280,0.0
20260423 05:01:00.000,4706.735,4707.995,4706.455,4706.515,30870,0.0
20260423 05:02:00.000,4706.545,4707.795,4706.545,4707.605,22770,0.0
20260423 05:03:00.000,4707.575,4708.405,4706.525,4706.705,21360,0.0
20260423 05:04:00.000,4706.715,4707.195,4705.885,4706.865,16140,0.0
20260423 05:05:00.000,4706.785,4707.745,4706.015,4706.815,24330,0.0
20260423 05:06:00.000,4706.795,4707.605,4706.245,4707.105,20040,0.0
20260423 05:07:00.000,4707.135,4709.605,4706.935,4709.115,22350,0.0
20260423 05:08:00.000,4709.145,4709.145,4708.415,4708.625,12810,0.0
20260423 05:09:00.000,4708.705,4709.725,4708.705,4709.485,13110,0.0
20260423 05:10:00.000,4709.555,4709.885,4708.575,4709.445,20580,0.0
20260423 05:11:00.000,4709.415,4709.775,4708.735,4709.585,18210,0.0
20260423 05:12:00.000,4709.635,4710.105,4709.485,4709.765,16140,0.0
20260423 05:13:00.000,4709.795,4709.795,4707.395,4707.485,24510,0.0
20260423 05:14:00.000,4707.505,4708.245,4707.275,4707.505,19860,0.0
20260423 05:15:00.000,4707.505,4707.725,4706.675,4706.905,26100,0.0
20260423 05:16:00.000,4706.875,4707.435,4706.375,4706.435,33240,0.0
20260423 05:17:00.000,4706.435,4706.455,4705.565,4706.015,30210,0.0
20260423 05:18:00.000,4706.015,4706.485,4705.765,4706.215,20580,0.0
20260423 05:19:00.000,4706.255,4706.855,4706.145,4706.755,24780,0.0
20260423 05:20:00.000,4706.575,4707.765,4706.535,4707.545,22710,0.0
20260423 05:21:00.000,4707.575,4709.155,4707.455,4708.695,21330,0.0
20260423 05:22:00.000,4708.665,4708.665,4707.225,4707.785,21330,0.0
20260423 05:23:00.000,4707.785,4707.785,4706.745,4707.385,16840,0.0
20260423 05:24:00.000,4707.505,4707.505,4705.845,4706.225,22530,0.0
20260423 05:25:00.000,4706.205,4706.285,4705.175,4706.285,19800,0.0
20260423 05:26:00.000,4706.445,4707.305,4705.305,4705.305,23100,0.0
20260423 05:27:00.000,4705.635,4706.245,4705.085,4705.305,22680,0.0
20260423 05:28:00.000,4705.325,4707.185,4705.155,4705.385,21900,0.0
20260423 05:29:00.000,4705.445,4706.035,4705.105,4705.565,13710,0.0
20260423 05:30:00.000,4705.705,4706.115,4692.078,4697.125,67470,0.0
20260423 05:31:00.000,4697.125,4701.685,4697.065,4701.375,57000,0.0
20260423 05:32:00.000,4701.595,4704.625,4701.215,4704.015,45630,0.0
20260423 05:33:00.000,4703.965,4706.445,4703.705,4705.735,40770,0.0
20260423 05:34:00.000,4705.735,4707.115,4704.985,4705.935,33570,0.0
20260423 05:35:00.000,4705.945,4706.275,4704.275,4704.605,34290,0.0
20260423 05:36:00.000,4704.635,4704.635,4702.385,4703.005,29730,0.0
20260423 05:37:00.000,4703.005,4704.315,4702.995,4703.745,28290,0.0
20260423 05:38:00.000,4703.845,4705.145,4701.905,4704.605,27810,0.0
20260423 05:39:00.000,4704.795,4705.165,4701.645,4702.715,25650,0.0
20260423 05:40:00.000,4702.615,4703.685,4701.515,4702.285,28020,0.0
20260423 05:41:00.000,4702.185,4703.515,4701.625,4702.095,33960,0.0
20260423 05:42:00.000,4702.115,4702.715,4700.575,4701.975,24840,0.0
20260423 05:43:00.000,4701.855,4703.135,4701.215,4702.105,27450,0.0
20260423 05:44:00.000,4702.065,4702.925,4701.105,4701.485,22890,0.0
20260423 05:45:00.000,4701.455,4706.295,4701.445,4705.995,35460,0.0
20260423 05:46:00.000,4706.065,4708.695,4706.065,4708.105,39180,0.0
20260423 05:47:00.000,4708.195,4708.525,4705.675,4706.195,26220,0.0
20260423 05:48:00.000,4706.155,4708.565,4706.155,4708.455,25800,0.0
20260423 05:49:00.000,4708.415,4710.365,4707.975,4710.345,22890,0.0
20260423 05:50:00.000,4710.435,4713.845,4710.285,4713.505,33240,0.0
20260423 05:51:00.000,4713.475,4715.225,4711.575,4714.065,42060,0.0
20260423 05:52:00.000,4714.135,4714.635,4712.285,4712.285,33750,0.0
20260423 05:53:00.000,4712.325,4712.335,4711.235,4711.475,26520,0.0
20260423 05:54:00.000,4711.495,4712.255,4710.735,4711.795,23700,0.0
20260423 05:55:00.000,4711.765,4714.895,4711.665,4714.155,35130,0.0
20260423 05:56:00.000,4714.215,4714.995,4712.045,4712.125,39180,0.0
20260423 05:57:00.000,4712.195,4712.475,4710.775,4710.825,26550,0.0
20260423 05:58:00.000,4710.855,4713.225,4710.745,4713.025,39670,0.0
20260423 05:59:00.000,4713.105,4714.425,4712.075,4713.095,32639,0.0
20260423 06:00:00.000,4713.215,4716.085,4713.025,4716.065,38310,0.0
20260423 06:01:00.000,4716.045,4718.075,4715.615,4717.535,29160,0.0
20260423 06:02:00.000,4717.195,4717.485,4715.965,4716.285,26220,0.0
20260423 06:03:00.000,4716.365,4717.495,4714.275,4714.395,27120,0.0
20260423 06:04:00.000,4714.465,4714.895,4713.105,4714.465,29580,0.0
20260423 06:05:00.000,4714.535,4715.925,4713.875,4715.145,30390,0.0
20260423 06:06:00.000,4715.105,4717.085,4714.405,4716.805,32760,0.0
20260423 06:07:00.000,4716.765,4716.935,4713.665,4713.965,32729,0.0
20260423 06:08:00.000,4713.995,4715.005,4711.625,4711.825,31200,0.0
20260423 06:09:00.000,4711.585,4712.945,4711.125,4712.885,25890,0.0
20260423 06:10:00.000,4712.585,4713.245,4711.735,4711.955,22230,0.0
20260423 06:11:00.000,4711.895,4714.915,4711.545,4714.655,31150,0.0
20260423 06:12:00.000,4714.725,4715.515,4712.865,4712.915,26700,0.0
20260423 06:13:00.000,4712.875,4713.275,4711.155,4711.415,23280,0.0
20260423 06:14:00.000,4711.435,4711.885,4710.425,4711.675,22740,0.0
20260423 06:15:00.000,4711.675,4712.265,4709.925,4710.045,31200,0.0
20260423 06:16:00.000,4710.005,4710.915,4709.205,4709.235,19920,0.0
20260423 06:17:00.000,4709.345,4711.925,4709.105,4711.065,27510,0.0
20260423 06:18:00.000,4711.115,4711.465,4710.165,4710.655,18660,0.0
20260423 06:19:00.000,4710.565,4710.695,4709.495,4710.085,23730,0.0
20260423 06:20:00.000,4710.025,4710.355,4708.445,4709.025,26130,0.0
20260423 06:21:00.000,4708.985,4710.555,4708.305,4710.175,25560,0.0
20260423 06:22:00.000,4710.205,4712.255,4710.085,4711.565,27840,0.0
20260423 06:23:00.000,4711.595,4711.625,4710.275,4710.325,22560,0.0
20260423 06:24:00.000,4710.425,4712.365,4710.315,4712.215,22770,0.0
20260423 06:25:00.000,4712.245,4712.905,4710.865,4711.455,23270,0.0
20260423 06:26:00.000,4711.425,4714.125,4711.188,4713.885,31760,0.0
20260423 06:27:00.000,4714.025,4714.135,4712.665,4712.738,21270,0.0
20260423 06:28:00.000,4712.705,4713.635,4711.865,4711.908,25430,0.0
20260423 06:29:00.000,4712.008,4712.218,4711.038,4711.815,49390,0.0
20260423 06:30:00.000,4711.785,4711.958,4710.155,4711.038,60820,0.0
20260423 06:31:00.000,4711.055,4712.538,4710.338,4712.188,68570,0.0
20260423 06:32:00.000,4712.145,4712.908,4711.435,4711.835,59170,0.0
20260423 06:33:00.000,4711.885,4712.555,4711.498,4712.498,39410,0.0
20260423 06:34:00.000,4712.638,4713.138,4711.695,4711.795,36830,0.0
20260423 06:35:00.000,4711.798,4712.148,4708.875,4710.645,50230,0.0
20260423 06:36:00.000,4710.695,4713.245,4710.255,4712.945,21930,0.0
20260423 06:37:00.000,4712.895,4714.148,4712.555,4713.045,17010,0.0
20260423 06:38:00.000,4712.995,4713.645,4712.448,4712.575,20250,0.0
20260423 06:39:00.000,4712.545,4713.435,4710.905,4713.155,32010,0.0
20260423 06:40:00.000,4713.135,4714.935,4712.945,4713.595,22950,0.0
20260423 06:41:00.000,4713.565,4714.328,4713.085,4713.425,19690,0.0
20260423 06:42:00.000,4713.445,4716.175,4713.235,4716.175,31440,0.0
20260423 06:43:00.000,4716.135,4717.025,4715.745,4716.755,24570,0.0
20260423 06:44:00.000,4716.725,4716.725,4714.625,4714.925,18660,0.0
20260423 06:45:00.000,4715.015,4717.145,4713.765,4716.485,26250,0.0
20260423 06:46:00.000,4716.505,4718.635,4716.505,4717.115,20070,0.0
20260423 06:47:00.000,4717.415,4719.575,4716.515,4719.015,32040,0.0
20260423 06:48:00.000,4718.975,4719.878,4716.565,4716.945,29190,0.0
20260423 06:49:00.000,4716.975,4717.215,4713.425,4716.085,56400,0.0
20260423 06:50:00.000,4716.225,4721.035,4716.005,4717.615,37770,0.0
20260423 06:51:00.000,4717.545,4718.415,4715.105,4716.525,35920,0.0
20260423 06:52:00.000,4716.355,4717.715,4715.875,4716.285,38930,0.0
20260423 06:53:00.000,4716.245,4716.685,4714.355,4714.765,26610,0.0
20260423 06:54:00.000,4714.685,4715.595,4714.165,4714.195,19810,0.0
20260423 06:55:00.000,4714.265,4717.005,4712.255,4714.905,49800,0.0
20260423 06:56:00.000,4714.875,4715.905,4714.815,4714.935,28620,0.0
20260423 06:57:00.000,4714.955,4716.485,4714.055,4716.395,26040,0.0
20260423 06:58:00.000,4716.415,4716.645,4714.095,4714.455,35040,0.0
20260423 06:59:00.000,4714.395,4714.395,4711.745,4712.665,27900,0.0
20260423 07:00:00.000,4712.615,4712.895,4709.125,4709.145,38370,0.0
20260423 07:01:00.000,4709.195,4710.005,4707.215,4707.825,60150,0.0
20260423 07:02:00.000,4707.885,4710.665,4707.285,4709.555,55380,0.0
20260423 07:03:00.000,4709.575,4711.675,4708.315,4711.525,44040,0.0
20260423 07:04:00.000,4711.565,4713.275,4709.405,4712.525,46680,0.0
20260423 07:05:00.000,4712.585,4715.205,4712.095,4712.265,47640,0.0
20260423 07:06:00.000,4712.115,4713.455,4711.095,4713.415,39480,0.0
20260423 07:07:00.000,4713.375,4713.375,4711.045,4711.155,37020,0.0
20260423 07:08:00.000,4711.085,4713.865,4709.985,4712.175,50400,0.0
20260423 07:09:00.000,4712.215,4713.585,4709.195,4709.895,43020,0.0
20260423 07:10:00.000,4709.895,4716.235,4709.895,4713.145,72300,0.0
20260423 07:11:00.000,4713.125,4713.415,4709.735,4711.285,36180,0.0
20260423 07:12:00.000,4711.245,4712.015,4710.365,4710.485,33420,0.0
20260423 07:13:00.000,4710.465,4710.645,4708.738,4710.145,25380,0.0
20260423 07:14:00.000,4710.075,4712.445,4709.805,4712.105,29160,0.0
20260423 07:15:00.000,4712.065,4713.655,4711.225,4711.875,48780,0.0
20260423 07:16:00.000,4711.895,4712.475,4708.795,4711.825,49800,0.0
20260423 07:17:00.000,4711.835,4713.715,4710.955,4711.095,47970,0.0
20260423 07:18:00.000,4711.075,4711.545,4710.005,4711.275,29160,0.0
20260423 07:19:00.000,4711.295,4713.685,4711.115,4712.475,54390,0.0
20260423 07:20:00.000,4712.375,4712.875,4708.275,4708.465,52540,0.0
20260423 07:21:00.000,4708.465,4708.725,4706.635,4707.115,41280,0.0
20260423 07:22:00.000,4707.165,4708.815,4704.715,4704.935,51360,0.0
20260423 07:23:00.000,4704.915,4705.365,4703.595,4704.505,42450,0.0
20260423 07:24:00.000,4704.475,4707.065,4702.945,4705.585,51960,0.0
20260423 07:25:00.000,4705.385,4707.135,4704.715,4705.825,39210,0.0
20260423 07:26:00.000,4705.805,4708.915,4705.575,4708.265,39570,0.0
20260423 07:27:00.000,4708.335,4709.755,4708.335,4709.165,30060,0.0
20260423 07:28:00.000,4709.165,4709.285,4706.195,4706.365,33720,0.0
20260423 07:29:00.000,4706.425,4706.455,4705.195,4705.885,23430,0.0
20260423 07:30:00.000,4705.785,4705.795,4703.245,4704.515,49880,0.0
20260423 07:31:00.000,4704.515,4705.075,4703.465,4704.225,34560,0.0
20260423 07:32:00.000,4704.335,4708.485,4704.335,4707.805,37170,0.0
20260423 07:33:00.000,4707.745,4708.425,4706.595,4708.235,31080,0.0
20260423 07:34:00.000,4708.215,4711.505,4707.965,4710.675,32400,0.0
20260423 07:35:00.000,4710.695,4712.615,4710.335,4711.845,42240,0.0
20260423 07:36:00.000,4711.865,4713.305,4711.105,4711.535,38700,0.0
20260423 07:37:00.000,4711.535,4712.345,4709.445,4709.695,33790,0.0
20260423 07:38:00.000,4709.685,4711.005,4709.105,4710.865,32880,0.0
20260423 07:39:00.000,4710.875,4711.445,4709.045,4709.235,28740,0.0
20260423 07:40:00.000,4709.085,4709.645,4708.565,4708.575,32940,0.0
20260423 07:41:00.000,4708.685,4709.815,4708.395,4708.635,30480,0.0
20260423 07:42:00.000,4708.565,4709.345,4708.185,4709.205,21600,0.0
20260423 07:43:00.000,4709.245,4711.255,4708.755,4711.255,28410,0.0
20260423 07:44:00.000,4711.245,4713.585,4710.835,4713.515,32699,0.0
20260423 07:45:00.000,4713.485,4715.915,4713.485,4714.555,39780,0.0
20260423 07:46:00.000,4714.455,4714.875,4713.165,4713.705,28620,0.0
20260423 07:47:00.000,4713.735,4715.235,4713.735,4714.855,35460,0.0
20260423 07:48:00.000,4714.885,4717.545,4714.205,4716.935,32940,0.0
20260423 07:49:00.000,4716.965,4720.285,4716.955,4720.175,43570,0.0
20260423 07:50:00.000,4720.175,4720.345,4718.885,4719.285,45230,0.0
20260423 07:51:00.000,4719.285,4719.555,4717.955,4718.645,40020,0.0
20260423 07:52:00.000,4718.595,4719.095,4715.505,4715.945,34140,0.0
20260423 07:53:00.000,4715.745,4716.855,4715.675,4716.195,25840,0.0
20260423 07:54:00.000,4715.995,4716.615,4715.385,4715.935,25860,0.0
20260423 07:55:00.000,4715.835,4718.215,4715.765,4717.645,24660,0.0
20260423 07:56:00.000,4717.645,4718.465,4716.895,4717.185,28800,0.0
20260423 07:57:00.000,4717.145,4718.155,4716.315,4717.785,41220,0.0
20260423 07:58:00.000,4717.785,4718.705,4717.305,4718.305,27780,0.0
20260423 07:59:00.000,4718.335,4720.085,4718.185,4719.045,34980,0.0
20260423 08:00:00.000,4718.965,4724.695,4718.835,4724.405,53640,0.0
20260423 08:01:00.000,4724.405,4724.565,4722.185,4722.185,43030,0.0
20260423 08:02:00.000,4722.185,4723.045,4719.605,4720.395,43510,0.0
20260423 08:03:00.000,4720.495,4720.865,4720.015,4720.865,28440,0.0
20260423 08:04:00.000,4720.835,4722.065,4720.355,4721.285,30000,0.0
20260423 08:05:00.000,4721.315,4723.075,4718.885,4718.975,45840,0.0
20260423 08:06:00.000,4718.955,4720.985,4718.755,4719.475,34020,0.0
20260423 08:07:00.000,4719.445,4719.475,4718.145,4718.845,33120,0.0
20260423 08:08:00.000,4718.825,4719.155,4718.005,4718.335,32079,0.0
20260423 08:09:00.000,4718.255,4719.105,4717.925,4718.495,29580,0.0
20260423 08:10:00.000,4718.495,4719.225,4717.635,4717.845,30240,0.0
20260423 08:11:00.000,4717.925,4718.745,4717.305,4718.395,29760,0.0
20260423 08:12:00.000,4718.425,4720.245,4717.735,4719.955,28860,0.0
20260423 08:13:00.000,4719.935,4720.625,4719.175,4719.525,31739,0.0
20260423 08:14:00.000,4719.525,4720.145,4718.065,4718.155,25920,0.0
20260423 08:15:00.000,4718.155,4718.925,4717.325,4718.325,28800,0.0
20260423 08:16:00.000,4718.605,4720.795,4718.605,4719.575,29340,0.0
20260423 08:17:00.000,4719.595,4720.595,4719.055,4720.565,22620,0.0
20260423 08:18:00.000,4720.585,4721.005,4720.345,4720.395,27960,0.0
20260423 08:19:00.000,4720.375,4720.485,4719.545,4720.165,24780,0.0
20260423 08:20:00.000,4720.355,4721.645,4718.795,4719.225,28140,0.0
20260423 08:21:00.000,4719.265,4720.575,4719.045,4719.045,26100,0.0
20260423 08:22:00.000,4719.035,4719.115,4717.775,4717.825,29760,0.0
20260423 08:23:00.000,4717.815,4718.045,4716.685,4716.985,29640,0.0
20260423 08:24:00.000,4716.818,4718.185,4716.805,4718.115,27540,0.0
20260423 08:25:00.000,4718.125,4718.205,4717.125,4717.545,24000,0.0
20260423 08:26:00.000,4717.535,4720.775,4717.485,4720.255,36300,0.0
20260423 08:27:00.000,4720.175,4720.865,4719.585,4719.585,27840,0.0
20260423 08:28:00.000,4719.635,4720.815,4719.065,4719.245,25920,0.0
20260423 08:29:00.000,4719.435,4719.475,4714.805,4715.115,34800,0.0
20260423 08:30:00.000,4715.405,4716.055,4712.985,4714.445,45940,0.0
20260423 08:31:00.000,4714.425,4714.525,4712.845,4712.955,30180,0.0
20260423 08:32:00.000,4712.925,4713.175,4709.425,4709.625,40360,0.0
20260423 08:33:00.000,4709.565,4711.475,4708.315,4711.395,52410,0.0
20260423 08:34:00.000,4711.465,4712.165,4709.425,4709.555,44520,0.0
20260423 08:35:00.000,4709.575,4710.705,4708.545,4709.085,36000,0.0
20260423 08:36:00.000,4709.085,4709.405,4707.325,4707.575,45600,0.0
20260423 08:37:00.000,4707.595,4707.595,4704.575,4705.945,51120,0.0
20260423 08:38:00.000,4705.925,4707.825,4705.505,4707.665,40500,0.0
20260423 08:39:00.000,4707.635,4707.665,4706.165,4707.595,34080,0.0
20260423 08:40:00.000,4707.505,4707.555,4705.435,4705.985,33660,0.0
20260423 08:41:00.000,4705.985,4706.585,4705.295,4706.535,31259,0.0
20260423 08:42:00.000,4706.585,4708.545,4706.585,4708.345,31920,0.0
20260423 08:43:00.000,4708.365,4708.985,4705.295,4705.295,39430,0.0
20260423 08:44:00.000,4705.355,4705.865,4703.275,4703.635,43140,0.0
20260423 08:45:00.000,4703.545,4703.645,4702.015,4702.535,41760,0.0
20260423 08:46:00.000,4702.555,4702.685,4701.395,4702.535,35520,0.0
20260423 08:47:00.000,4702.405,4705.895,4702.395,4705.845,39660,0.0
20260423 08:48:00.000,4706.025,4706.305,4703.895,4705.115,33300,0.0
20260423 08:49:00.000,4705.115,4706.045,4703.438,4705.775,27960,0.0
20260423 08:50:00.000,4705.845,4707.175,4705.785,4706.145,28560,0.0
20260423 08:51:00.000,4706.175,4707.355,4704.995,4705.575,26620,0.0
20260423 08:52:00.000,4705.595,4706.455,4704.405,4706.415,27720,0.0
20260423 08:53:00.000,4706.435,4706.505,4705.285,4705.485,30240,0.0
20260423 08:54:00.000,4705.465,4705.465,4703.765,4704.495,22800,0.0
20260423 08:55:00.000,4704.775,4705.665,4703.925,4704.715,25320,0.0
20260423 08:56:00.000,4704.685,4706.205,4704.685,4706.115,25680,0.0
20260423 08:57:00.000,4706.045,4706.275,4705.495,4705.915,25320,0.0
20260423 08:58:00.000,4705.935,4705.985,4704.445,4704.805,29460,0.0
20260423 08:59:00.000,4704.635,4705.275,4703.045,4703.155,31020,0.0
20260423 09:00:00.000,4703.105,4703.515,4701.875,4701.875,43620,0.0
20260423 09:01:00.000,4701.935,4703.445,4701.245,4701.775,32280,0.0
20260423 09:02:00.000,4701.815,4701.835,4698.365,4698.835,46620,0.0
20260423 09:03:00.000,4698.875,4700.325,4697.475,4698.705,47340,0.0
20260423 09:04:00.000,4698.805,4699.525,4695.035,4696.655,52740,0.0
20260423 09:05:00.000,4696.875,4699.935,4696.755,4699.735,46500,0.0
20260423 09:06:00.000,4699.715,4700.375,4697.515,4697.535,37980,0.0
20260423 09:07:00.000,4697.605,4699.335,4697.305,4698.075,44100,0.0
20260423 09:08:00.000,4698.075,4698.425,4694.685,4695.345,45940,0.0
20260423 09:09:00.000,4695.305,4696.665,4694.575,4695.325,40890,0.0
20260423 09:10:00.000,4695.305,4698.885,4695.205,4698.305,35220,0.0
20260423 09:11:00.000,4698.275,4700.885,4697.775,4699.495,42090,0.0
20260423 09:12:00.000,4699.515,4700.345,4698.825,4699.365,32850,0.0
20260423 09:13:00.000,4699.515,4700.255,4697.965,4698.125,35220,0.0
20260423 09:14:00.000,4698.165,4698.165,4695.965,4696.815,34020,0.0
20260423 09:15:00.000,4696.745,4697.825,4695.455,4697.825,40200,0.0
20260423 09:16:00.000,4697.965,4699.225,4697.015,4697.855,39480,0.0
20260423 09:17:00.000,4697.835,4700.155,4697.705,4699.555,47400,0.0
20260423 09:18:00.000,4699.545,4702.545,4699.545,4700.335,50700,0.0
20260423 09:19:00.000,4700.365,4700.805,4699.075,4699.735,41460,0.0
20260423 09:20:00.000,4699.765,4700.725,4698.955,4700.565,37980,0.0
20260423 09:21:00.000,4700.595,4701.115,4699.945,4700.765,34800,0.0
20260423 09:22:00.000,4700.795,4702.565,4700.635,4701.945,34560,0.0
20260423 09:23:00.000,4701.945,4701.965,4700.875,4700.875,30060,0.0
20260423 09:24:00.000,4700.905,4702.105,4700.585,4701.925,30180,0.0
20260423 09:25:00.000,4701.945,4702.005,4699.575,4699.715,28560,0.0
20260423 09:26:00.000,4700.085,4701.495,4699.905,4701.155,29040,0.0
20260423 09:27:00.000,4701.145,4702.345,4701.015,4701.405,25860,0.0
20260423 09:28:00.000,4701.655,4702.975,4701.255,4701.495,26340,0.0
20260423 09:29:00.000,4701.475,4701.475,4699.655,4700.715,26820,0.0
20260423 09:30:00.000,4700.715,4702.955,4700.365,4701.135,39480,0.0
20260423 09:31:00.000,4701.075,4702.345,4700.425,4701.175,31200,0.0
20260423 09:32:00.000,4701.185,4702.065,4700.775,4701.725,30660,0.0
20260423 09:33:00.000,4701.905,4702.865,4701.405,4702.175,30240,0.0
20260423 09:34:00.000,4702.195,4702.475,4701.035,4701.185,24480,0.0
20260423 09:35:00.000,4701.185,4702.915,4700.675,4702.075,38250,0.0
20260423 09:36:00.000,4702.075,4702.415,4699.275,4699.535,30930,0.0
20260423 09:37:00.000,4699.555,4700.695,4699.415,4699.555,26250,0.0
20260423 09:38:00.000,4699.615,4700.485,4699.375,4700.345,28200,0.0
20260423 09:39:00.000,4700.345,4701.325,4699.535,4700.515,25260,0.0
20260423 09:40:00.000,4700.155,4701.435,4699.415,4699.495,26400,0.0
20260423 09:41:00.000,4699.495,4700.725,4698.815,4700.245,29760,0.0
20260423 09:42:00.000,4700.225,4700.825,4699.265,4700.715,31020,0.0
20260423 09:43:00.000,4700.695,4701.625,4699.795,4700.205,31739,0.0
20260423 09:44:00.000,4700.155,4700.985,4699.615,4700.745,28800,0.0
20260423 09:45:00.000,4700.715,4702.075,4700.315,4700.565,29820,0.0
20260423 09:46:00.000,4700.585,4701.825,4700.405,4700.425,25980,0.0
20260423 09:47:00.000,4700.415,4700.715,4699.285,4699.345,24360,0.0
20260423 09:48:00.000,4699.325,4699.935,4698.245,4699.825,32639,0.0
20260423 09:49:00.000,4700.195,4700.585,4698.515,4698.725,23760,0.0
20260423 09:50:00.000,4698.785,4698.825,4696.605,4697.735,23220,0.0
20260423 09:51:00.000,4697.735,4699.915,4697.335,4699.805,25770,0.0
20260423 09:52:00.000,4699.845,4700.455,4699.015,4700.455,30540,0.0
20260423 09:53:00.000,4700.555,4701.265,4697.765,4697.765,44520,0.0
20260423 09:54:00.000,4697.765,4697.945,4694.515,4697.065,58260,0.0
20260423 09:55:00.000,4697.035,4699.685,4697.035,4698.245,34950,0.0
20260423 09:56:00.000,4698.205,4698.635,4697.755,4698.025,26280,0.0
20260423 09:57:00.000,4698.005,4698.285,4696.455,4697.015,25020,0.0
20260423 09:58:00.000,4697.035,4697.645,4695.485,4695.485,29940,0.0
20260423 09:59:00.000,4695.465,4697.695,4695.465,4697.395,30120,0.0
20260423 10:00:00.000,4697.125,4698.835,4696.195,4698.675,44020,0.0
20260423 10:01:00.000,4698.655,4701.105,4698.485,4698.895,39360,0.0
20260423 10:02:00.000,4698.895,4700.575,4698.895,4700.135,32820,0.0
20260423 10:03:00.000,4700.135,4701.215,4699.995,4700.145,33420,0.0
20260423 10:04:00.000,4700.165,4700.975,4699.455,4700.565,32580,0.0
20260423 10:05:00.000,4700.515,4701.525,4699.415,4700.275,40140,0.0
20260423 10:06:00.000,4700.305,4700.995,4699.615,4700.055,31739,0.0
20260423 10:07:00.000,4700.045,4700.065,4698.795,4698.915,22200,0.0
20260423 10:08:00.000,4698.945,4698.955,4693.095,4693.558,25170,0.0
20260423 10:09:00.000,4693.535,4694.245,4691.065,4691.118,48310,0.0
20260423 10:10:00.000,4691.115,4691.845,4690.385,4691.345,55530,0.0
20260423 10:11:00.000,4691.345,4692.635,4690.695,4691.135,42180,0.0
20260423 10:12:00.000,4691.135,4691.135,4685.195,4688.865,63150,0.0
20260423 10:13:00.000,4688.865,4689.015,4685.015,4685.665,47220,0.0
20260423 10:14:00.000,4685.715,4689.995,4685.645,4688.925,43200,0.0
20260423 10:15:00.000,4688.835,4691.885,4688.815,4691.735,31560,0.0
20260423 10:16:00.000,4691.715,4692.135,4690.025,4692.095,41040,0.0
20260423 10:17:00.000,4692.145,4692.475,4688.585,4688.615,40140,0.0
20260423 10:18:00.000,4688.585,4690.765,4688.355,4690.405,30930,0.0
20260423 10:19:00.000,4690.405,4690.885,4688.025,4688.025,29700,0.0
20260423 10:20:00.000,4687.995,4690.425,4687.995,4689.185,33060,0.0
20260423 10:21:00.000,4689.185,4689.185,4686.135,4686.985,43980,0.0
20260423 10:22:00.000,4686.895,4687.075,4684.905,4685.465,52680,0.0
20260423 10:23:00.000,4685.535,4687.535,4684.205,4687.045,53040,0.0
20260423 10:24:00.000,4687.005,4688.325,4686.025,4687.155,39810,0.0
20260423 10:25:00.000,4687.095,4689.145,4686.925,4688.775,36720,0.0
20260423 10:26:00.000,4688.745,4690.765,4688.355,4690.765,35820,0.0
20260423 10:27:00.000,4690.745,4692.085,4690.155,4690.575,38220,0.0
20260423 10:28:00.000,4690.555,4690.555,4688.415,4688.785,34680,0.0
20260423 10:29:00.000,4688.745,4689.225,4686.345,4686.535,32470,0.0
20260423 10:30:00.000,4686.625,4687.625,4684.095,4685.595,44130,0.0
20260423 10:31:00.000,4685.555,4688.125,4685.125,4687.225,37680,0.0
20260423 10:32:00.000,4687.255,4689.695,4687.255,4689.285,37020,0.0
20260423 10:33:00.000,4689.495,4693.105,4688.885,4692.735,42090,0.0
20260423 10:34:00.000,4692.775,4693.045,4691.895,4692.155,43620,0.0
20260423 10:35:00.000,4692.485,4692.935,4691.045,4691.465,36240,0.0
20260423 10:36:00.000,4691.445,4692.055,4689.555,4690.095,33180,0.0
20260423 10:37:00.000,4690.055,4692.595,4690.005,4692.205,32760,0.0
20260423 10:38:00.000,4692.255,4692.705,4690.065,4691.055,33180,0.0
20260423 10:39:00.000,4691.025,4693.935,4690.825,4693.715,44040,0.0
20260423 10:40:00.000,4693.715,4696.785,4693.715,4694.795,43980,0.0
20260423 10:41:00.000,4694.765,4695.275,4692.045,4692.545,39420,0.0
20260423 10:42:00.000,4692.535,4693.735,4692.415,4692.715,27720,0.0
20260423 10:43:00.000,4692.715,4692.715,4689.715,4691.165,43590,0.0
20260423 10:44:00.000,4691.195,4691.385,4689.815,4690.575,31410,0.0
20260423 10:45:00.000,4690.545,4692.685,4689.855,4692.455,25980,0.0
20260423 10:46:00.000,4692.455,4693.575,4691.855,4691.875,23640,0.0
20260423 10:47:00.000,4691.935,4692.665,4689.965,4690.265,28800,0.0
20260423 10:48:00.000,4690.335,4690.815,4689.565,4690.035,28500,0.0
20260423 10:49:00.000,4689.925,4690.565,4689.235,4689.985,27540,0.0
20260423 10:50:00.000,4689.965,4691.345,4689.675,4691.295,31980,0.0
20260423 10:51:00.000,4691.235,4691.725,4689.745,4691.035,28080,0.0
20260423 10:52:00.000,4691.105,4691.795,4690.775,4691.335,29700,0.0
20260423 10:53:00.000,4691.335,4691.805,4690.215,4690.735,16440,0.0
20260423 10:54:00.000,4690.755,4691.575,4690.315,4691.175,25200,0.0
20260423 10:55:00.000,4691.135,4692.945,4691.025,4691.435,40620,0.0
20260423 10:56:00.000,4691.415,4693.355,4691.405,4693.325,25320,0.0
20260423 10:57:00.000,4693.325,4695.485,4693.015,4695.295,27180,0.0
20260423 10:58:00.000,4695.275,4697.055,4695.275,4696.775,36510,0.0
20260423 10:59:00.000,4696.775,4696.865,4696.235,4696.425,29940,0.0
20260423 11:00:00.000,4696.465,4698.155,4696.465,4697.795,48540,0.0
20260423 11:01:00.000,4697.795,4698.555,4696.995,4698.035,44280,0.0
20260423 11:02:00.000,4698.035,4698.475,4695.605,4697.995,38340,0.0
20260423 11:03:00.000,4697.975,4699.325,4697.495,4699.245,37620,0.0
20260423 11:04:00.000,4699.245,4699.815,4697.615,4698.475,35640,0.0
20260423 11:05:00.000,4698.535,4699.795,4698.325,4698.795,28620,0.0
20260423 11:06:00.000,4698.755,4698.895,4697.105,4697.205,27420,0.0
20260423 11:07:00.000,4697.185,4697.195,4695.285,4696.205,37860,0.0
20260423 11:08:00.000,4696.205,4697.695,4695.955,4697.475,29580,0.0
20260423 11:09:00.000,4697.475,4698.185,4696.525,4697.595,25740,0.0
20260423 11:10:00.000,4697.635,4698.535,4697.015,4697.175,22380,0.0
20260423 11:11:00.000,4697.155,4698.555,4696.845,4698.055,26940,0.0
20260423 11:12:00.000,4698.055,4699.785,4697.475,4699.125,24930,0.0
20260423 11:13:00.000,4699.105,4699.745,4698.555,4699.165,23940,0.0
20260423 11:14:00.000,4699.165,4700.085,4696.195,4697.745,46230,0.0
20260423 11:15:00.000,4697.515,4697.695,4696.315,4697.445,32800,0.0
20260423 11:16:00.000,4697.545,4697.935,4696.525,4696.775,22200,0.0
20260423 11:17:00.000,4696.755,4697.465,4696.275,4697.055,27600,0.0
20260423 11:18:00.000,4697.075,4700.465,4697.075,4700.455,29190,0.0
20260423 11:19:00.000,4700.435,4702.355,4700.125,4702.195,26880,0.0
20260423 11:20:00.000,4702.155,4702.175,4701.025,4702.015,30060,0.0
20260423 11:21:00.000,4701.995,4703.165,4701.995,4702.945,27600,0.0
20260423 11:22:00.000,4703.085,4703.115,4701.265,4701.265,26160,0.0
20260423 11:23:00.000,4701.245,4701.675,4700.115,4701.065,31140,0.0
20260423 11:24:00.000,4701.135,4701.245,4700.685,4701.035,18000,0.0
20260423 11:25:00.000,4701.055,4701.845,4700.965,4701.365,22380,0.0
20260423 11:26:00.000,4701.415,4701.445,4700.335,4700.955,24600,0.0
20260423 11:27:00.000,4700.955,4701.125,4700.315,4700.805,23820,0.0
20260423 11:28:00.000,4700.865,4701.345,4700.715,4700.885,20370,0.0
20260423 11:29:00.000,4700.875,4700.885,4697.065,4699.045,34290,0.0
20260423 11:30:00.000,4699.175,4700.095,4697.605,4699.355,37710,0.0
20260423 11:31:00.000,4699.315,4700.955,4699.175,4700.785,32940,0.0
20260423 11:32:00.000,4700.775,4701.235,4698.075,4698.495,33210,0.0
20260423 11:33:00.000,4698.535,4698.975,4696.805,4697.085,34770,0.0
20260423 11:34:00.000,4697.055,4698.225,4696.395,4697.465,30900,0.0
20260423 11:35:00.000,4697.455,4698.905,4697.145,4698.905,27540,0.0
20260423 11:36:00.000,4698.905,4700.085,4698.585,4699.405,33090,0.0
20260423 11:37:00.000,4699.435,4703.291,4699.435,4701.365,53770,0.0
20260423 11:38:00.000,4701.385,4703.345,4700.775,4701.155,46920,0.0
20260423 11:39:00.000,4701.115,4702.395,4700.735,4702.275,24960,0.0
20260423 11:40:00.000,4702.215,4703.525,4702.005,4702.315,29370,0.0
20260423 11:41:00.000,4702.405,4704.075,4701.845,4703.785,31920,0.0
20260423 11:42:00.000,4703.785,4705.625,4703.605,4705.565,46800,0.0
20260423 11:43:00.000,4705.545,4705.795,4704.105,4704.345,37080,0.0
20260423 11:44:00.000,4704.375,4705.245,4703.905,4705.215,36060,0.0
20260423 11:45:00.000,4705.235,4706.145,4704.685,4705.695,41880,0.0
20260423 11:46:00.000,4705.695,4707.985,4705.395,4707.855,33360,0.0
20260423 11:47:00.000,4707.905,4710.795,4707.435,4709.335,60690,0.0
20260423 11:48:00.000,4709.285,4710.375,4708.455,4708.995,52260,0.0
20260423 11:49:00.000,4708.955,4709.175,4705.765,4705.965,46170,0.0
20260423 11:50:00.000,4706.015,4706.425,4705.475,4705.555,44310,0.0
20260423 11:51:00.000,4705.555,4707.445,4705.205,4707.195,48960,0.0
20260423 11:52:00.000,4707.205,4712.665,4707.125,4712.135,69660,0.0
20260423 11:53:00.000,4712.165,4713.165,4711.335,4712.485,53090,0.0
20260423 11:54:00.000,4712.455,4715.105,4712.355,4714.785,60780,0.0
20260423 11:55:00.000,4714.785,4718.635,4713.815,4716.935,57880,0.0
20260423 11:56:00.000,4717.085,4717.375,4715.725,4716.935,41940,0.0
20260423 11:57:00.000,4717.205,4718.585,4716.155,4716.605,44100,0.0
20260423 11:58:00.000,4716.555,4718.765,4715.995,4718.045,51540,0.0
20260423 11:59:00.000,4718.045,4720.825,4717.755,4720.515,47380,0.0
20260423 12:00:00.000,4720.585,4726.405,4719.525,4725.525,75500,0.0
20260423 12:01:00.000,4725.495,4731.665,4725.345,4730.495,75450,0.0
20260423 12:02:00.000,4730.375,4731.755,4728.358,4730.715,75600,0.0
20260423 12:03:00.000,4730.745,4732.175,4728.615,4728.765,64800,0.0
20260423 12:04:00.000,4728.775,4731.385,4728.685,4730.425,59850,0.0
20260423 12:05:00.000,4730.208,4733.948,4730.065,4733.948,60210,0.0
20260423 12:06:00.000,4734.185,4738.538,4733.445,4734.758,81100,0.0
20260423 12:07:00.000,4734.615,4737.635,4733.065,4733.155,79500,0.0
20260423 12:08:00.000,4733.175,4733.835,4729.755,4730.595,67150,0.0
20260423 12:09:00.000,4730.595,4732.205,4728.945,4729.575,60690,0.0
20260423 12:10:00.000,4729.605,4730.815,4727.525,4727.525,67620,0.0
20260423 12:11:00.000,4727.555,4729.715,4727.555,4728.235,74220,0.0
20260423 12:12:00.000,4728.618,4735.455,4727.618,4733.385,76020,0.0
20260423 12:13:00.000,4733.415,4733.485,4730.635,4731.235,66220,0.0
20260423 12:14:00.000,4731.285,4731.475,4727.565,4729.035,56520,0.0
20260423 12:15:00.000,4729.025,4729.025,4726.155,4727.195,54480,0.0
20260423 12:16:00.000,4727.025,4727.205,4725.795,4726.625,52230,0.0
20260423 12:17:00.000,4726.705,4734.505,4726.705,4733.265,55470,0.0
20260423 12:18:00.000,4733.355,4734.205,4730.665,4731.365,54840,0.0
20260423 12:19:00.000,4731.365,4734.415,4731.055,4731.375,53460,0.0
20260423 12:20:00.000,4731.905,4733.815,4730.345,4731.215,57480,0.0
20260423 12:21:00.000,4731.195,4732.145,4728.045,4728.485,58140,0.0
20260423 12:22:00.000,4728.535,4731.205,4728.165,4728.805,52230,0.0
20260423 12:23:00.000,4728.865,4730.775,4728.135,4730.395,43440,0.0
20260423 12:24:00.000,4730.425,4733.265,4730.365,4732.535,48150,0.0
20260423 12:25:00.000,4732.555,4733.525,4731.755,4732.055,42000,0.0
20260423 12:26:00.000,4732.165,4734.825,4731.605,4733.655,39810,0.0
20260423 12:27:00.000,4733.635,4733.755,4731.605,4731.665,28890,0.0
20260423 12:28:00.000,4731.685,4732.145,4730.475,4730.865,25230,0.0
20260423 12:29:00.000,4730.935,4733.215,4730.625,4733.055,22890,0.0
20260423 12:30:00.000,4731.586,4737.075,4731.341,4737.045,45660,0.0
20260423 12:31:00.000,4737.085,4741.285,4736.555,4739.495,49950,0.0
20260423 12:32:00.000,4739.495,4740.095,4736.855,4738.555,41730,0.0
20260423 12:33:00.000,4738.745,4740.545,4737.425,4737.975,43590,0.0
20260423 12:34:00.000,4737.925,4739.155,4737.025,4738.465,48780,0.0
20260423 12:35:00.000,4738.505,4739.165,4736.805,4739.085,52890,0.0
20260423 12:36:00.000,4739.035,4739.505,4736.785,4736.895,50280,0.0
20260423 12:37:00.000,4736.865,4739.655,4736.405,4738.165,54780,0.0
20260423 12:38:00.000,4738.265,4739.185,4736.215,4736.515,49170,0.0
20260423 12:39:00.000,4736.565,4737.225,4735.465,4736.425,43910,0.0
20260423 12:40:00.000,4736.415,4737.785,4736.305,4736.635,40530,0.0
20260423 12:41:00.000,4736.615,4739.605,4736.065,4739.425,38040,0.0
20260423 12:42:00.000,4739.455,4740.935,4738.525,4739.985,43180,0.0
20260423 12:43:00.000,4739.925,4742.365,4739.825,4740.485,38010,0.0
20260423 12:44:00.000,4740.525,4740.665,4738.965,4739.295,38040,0.0
20260423 12:45:00.000,4739.275,4742.105,4732.205,4732.565,40390,0.0
20260423 12:46:00.000,4732.815,4737.425,4731.325,4736.005,86140,0.0
20260423 12:47:00.000,4735.985,4736.795,4734.135,4735.475,76090,0.0
20260423 12:48:00.000,4735.625,4737.415,4733.145,4735.455,61560,0.0
20260423 12:49:00.000,4735.425,4736.495,4734.695,4735.455,54060,0.0
20260423 12:50:00.000,4735.445,4737.285,4733.525,4735.168,61820,0.0
20260423 12:51:00.000,4735.168,4736.175,4733.595,4736.075,46150,0.0
20260423 12:52:00.000,4736.105,4737.935,4735.845,4736.625,49000,0.0
20260423 12:53:00.000,4736.625,4738.525,4736.015,4736.915,54700,0.0
20260423 12:54:00.000,4736.915,4737.635,4735.915,4737.345,51330,0.0
20260423 12:55:00.000,4737.415,4739.215,4737.125,4737.145,51810,0.0
20260423 12:56:00.000,4737.195,4739.385,4736.375,4738.845,46200,0.0
20260423 12:57:00.000,4738.765,4739.175,4737.215,4738.495,46120,0.0
20260423 12:58:00.000,4738.655,4742.985,4738.495,4741.625,64319,0.0
20260423 12:59:00.000,4741.675,4741.785,4738.565,4739.905,53520,0.0
20260423 13:00:00.000,4740.005,4740.615,4734.165,4734.165,79890,0.0
20260423 13:01:00.000,4734.115,4736.185,4731.105,4731.325,70660,0.0
20260423 13:02:00.000,4731.325,4732.065,4729.775,4731.195,61560,0.0
20260423 13:03:00.000,4731.415,4734.305,4731.415,4732.945,57420,0.0
20260423 13:04:00.000,4733.015,4735.865,4732.505,4733.275,57420,0.0
20260423 13:05:00.000,4733.255,4733.875,4729.948,4730.565,57900,0.0
20260423 13:06:00.000,4730.535,4730.895,4728.425,4728.485,46740,0.0
20260423 13:07:00.000,4728.405,4730.405,4727.395,4727.405,44700,0.0
20260423 13:08:00.000,4727.325,4728.835,4726.895,4726.975,49680,0.0
20260423 13:09:00.000,4726.975,4728.535,4726.925,4727.155,41760,0.0
20260423 13:10:00.000,4727.105,4727.555,4726.345,4726.525,45700,0.0
20260423 13:11:00.000,4726.525,4728.225,4726.055,4727.415,43200,0.0
20260423 13:12:00.000,4727.305,4728.765,4726.635,4728.015,44580,0.0
20260423 13:13:00.000,4728.065,4728.595,4726.888,4727.785,38700,0.0
20260423 13:14:00.000,4727.695,4729.095,4723.675,4725.425,48640,0.0
20260423 13:15:00.000,4725.495,4728.685,4725.195,4727.935,55150,0.0
20260423 13:16:00.000,4727.995,4730.365,4727.725,4729.825,38640,0.0
20260423 13:17:00.000,4729.855,4729.855,4727.295,4727.735,33720,0.0
20260423 13:18:00.000,4727.765,4728.595,4726.745,4727.015,36120,0.0
20260423 13:19:00.000,4727.055,4727.935,4726.075,4726.245,36360,0.0
20260423 13:20:00.000,4726.335,4728.875,4726.035,4728.785,43480,0.0
20260423 13:21:00.000,4728.865,4730.225,4727.875,4729.465,40440,0.0
20260423 13:22:00.000,4729.495,4730.075,4727.115,4727.575,49860,0.0
20260423 13:23:00.000,4727.595,4730.605,4726.555,4730.405,46860,0.0
20260423 13:24:00.000,4730.405,4730.615,4728.828,4729.495,30100,0.0
20260423 13:25:00.000,4729.325,4729.605,4728.515,4728.895,38660,0.0
20260423 13:26:00.000,4729.005,4729.255,4726.675,4727.775,42000,0.0
20260423 13:27:00.000,4727.725,4727.865,4725.815,4727.575,49740,0.0
20260423 13:28:00.000,4727.525,4728.575,4726.655,4727.255,47280,0.0
20260423 13:29:00.000,4727.215,4728.505,4726.755,4727.245,37140,0.0
20260423 13:30:00.000,4727.285,4729.338,4724.465,4729.265,91850,0.0
20260423 13:31:00.000,4729.225,4731.185,4728.765,4728.805,78180,0.0
20260423 13:32:00.000,4728.835,4732.545,4728.015,4731.755,83700,0.0
20260423 13:33:00.000,4731.765,4731.775,4728.445,4729.575,70380,0.0
20260423 13:34:00.000,4729.555,4729.595,4724.735,4724.745,72570,0.0
20260423 13:35:00.000,4724.825,4728.285,4724.825,4726.885,73500,0.0
20260423 13:36:00.000,4726.845,4728.635,4725.335,4727.335,75600,0.0
20260423 13:37:00.000,4727.355,4727.745,4725.685,4726.295,65640,0.0
20260423 13:38:00.000,4726.295,4730.385,4725.015,4729.925,70740,0.0
20260423 13:39:00.000,4729.905,4731.065,4727.285,4730.735,73380,0.0
20260423 13:40:00.000,4730.735,4735.355,4729.615,4733.348,76830,0.0
20260423 13:41:00.000,4733.225,4734.065,4731.465,4732.685,62579,0.0
20260423 13:42:00.000,4732.648,4734.005,4730.588,4733.238,56100,0.0
20260423 13:43:00.000,4732.965,4735.515,4732.798,4733.465,47430,0.0
20260423 13:44:00.000,4733.485,4734.805,4733.235,4733.918,30210,0.0
20260423 13:45:00.000,4733.918,4733.918,4729.851,4733.125,52740,0.0
20260423 13:46:00.000,4733.055,4736.975,4733.055,4735.235,39660,0.0
20260423 13:47:00.000,4735.295,4735.415,4732.255,4733.715,41280,0.0
20260423 13:48:00.000,4733.675,4736.275,4732.895,4735.835,38040,0.0
20260423 13:49:00.000,4735.815,4738.185,4735.815,4737.305,42690,0.0
20260423 13:50:00.000,4737.298,4737.495,4733.955,4735.065,64889,0.0
20260423 13:51:00.000,4735.155,4740.335,4734.755,4739.275,53400,0.0
20260423 13:52:00.000,4739.255,4741.095,4738.305,4738.305,67140,0.0
20260423 13:53:00.000,4738.365,4738.745,4736.155,4738.405,65279,0.0
20260423 13:54:00.000,4738.435,4738.695,4734.805,4735.295,65940,0.0
20260423 13:55:00.000,4735.265,4735.515,4729.955,4730.535,79740,0.0
20260423 13:56:00.000,4730.605,4732.075,4728.975,4729.615,73350,0.0
20260423 13:57:00.000,4729.655,4732.005,4728.615,4731.605,63419,0.0
20260423 13:58:00.000,4731.575,4732.315,4727.695,4728.425,65520,0.0
20260423 13:59:00.000,4728.225,4729.025,4724.085,4724.225,62700,0.0
20260423 14:00:00.000,4724.115,4725.215,4718.265,4719.255,88830,0.0
20260423 14:01:00.000,4719.345,4721.115,4716.935,4720.025,75480,0.0
20260423 14:02:00.000,4720.185,4721.025,4716.775,4718.145,78130,0.0
20260423 14:03:00.000,4718.425,4721.445,4717.275,4720.025,71320,0.0
20260423 14:04:00.000,4720.015,4724.675,4720.015,4723.495,78340,0.0
20260423 14:05:00.000,4723.175,4728.605,4723.155,4726.805,81100,0.0
20260423 14:06:00.000,4726.755,4727.235,4719.055,4721.645,86300,0.0
20260423 14:07:00.000,4721.645,4724.165,4720.225,4722.495,83520,0.0
20260423 14:08:00.000,4722.495,4723.625,4721.695,4722.315,78180,0.0
20260423 14:09:00.000,4722.325,4723.285,4719.685,4721.235,73830,0.0
20260423 14:10:00.000,4721.225,4722.825,4719.015,4721.655,70680,0.0
20260423 14:11:00.000,4721.615,4722.205,4719.745,4721.505,67680,0.0
20260423 14:12:00.000,4721.505,4724.135,4721.055,4724.035,70560,0.0
20260423 14:13:00.000,4723.885,4724.475,4722.565,4723.405,62639,0.0
20260423 14:14:00.000,4723.375,4724.425,4721.845,4724.045,63780,0.0
20260423 14:15:00.000,4723.985,4727.985,4723.485,4725.535,73020,0.0
20260423 14:16:00.000,4725.485,4727.805,4724.815,4725.985,67110,0.0
20260423 14:17:00.000,4726.055,4727.865,4725.945,4726.745,53040,0.0
20260423 14:18:00.000,4726.745,4727.595,4725.635,4725.715,58350,0.0
20260423 14:19:00.000,4725.905,4725.955,4723.465,4724.115,69360,0.0
20260423 14:20:00.000,4724.015,4727.245,4723.285,4725.885,60360,0.0
20260423 14:21:00.000,4725.875,4726.725,4724.635,4725.815,56640,0.0
20260423 14:22:00.000,4725.805,4726.715,4725.245,4725.805,56370,0.0
20260423 14:23:00.000,4725.795,4729.305,4725.795,4728.555,61920,0.0
20260423 14:24:00.000,4728.585,4731.015,4728.585,4730.375,57300,0.0
20260423 14:25:00.000,4730.345,4732.405,4729.675,4732.265,52500,0.0
20260423 14:26:00.000,4732.305,4733.995,4731.185,4733.475,61680,0.0
20260423 14:27:00.000,4733.475,4735.755,4733.055,4733.285,59940,0.0
20260423 14:28:00.000,4733.175,4733.535,4730.525,4732.435,64620,0.0
20260423 14:29:00.000,4732.435,4732.575,4731.075,4731.205,59010,0.0
20260423 14:30:00.000,4731.185,4734.255,4730.625,4730.945,64770,0.0
20260423 14:31:00.000,4730.945,4733.775,4730.895,4731.665,65160,0.0
20260423 14:32:00.000,4731.665,4732.485,4730.605,4731.625,60240,0.0
20260423 14:33:00.000,4731.685,4732.035,4729.645,4730.875,59820,0.0
20260423 14:34:00.000,4730.845,4730.985,4729.055,4729.165,56160,0.0
20260423 14:35:00.000,4729.165,4731.225,4728.145,4730.105,64980,0.0
20260423 14:36:00.000,4730.105,4731.805,4729.065,4731.325,56760,0.0
20260423 14:37:00.000,4731.305,4734.535,4731.045,4732.575,51600,0.0
20260423 14:38:00.000,4732.525,4733.145,4725.785,4726.205,68640,0.0
20260423 14:39:00.000,4726.245,4728.385,4725.625,4728.025,74310,0.0
20260423 14:40:00.000,4727.998,4730.055,4726.998,4729.205,72330,0.0
20260423 14:41:00.000,4729.135,4731.455,4728.625,4728.995,63450,0.0
20260423 14:42:00.000,4728.955,4729.938,4727.235,4728.785,69300,0.0
20260423 14:43:00.000,4728.855,4731.065,4727.708,4730.585,56460,0.0
20260423 14:44:00.000,4730.535,4731.408,4730.055,4730.725,51780,0.0
20260423 14:45:00.000,4730.755,4733.175,4730.755,4733.158,64080,0.0
20260423 14:46:00.000,4733.158,4733.505,4728.695,4728.695,61380,0.0
20260423 14:47:00.000,4728.735,4729.645,4727.795,4728.675,56730,0.0
20260423 14:48:00.000,4728.635,4732.105,4728.155,4730.745,52020,0.0
20260423 14:49:00.000,4730.715,4732.505,4730.285,4730.595,50820,0.0
20260423 14:50:00.000,4730.605,4730.935,4728.485,4730.785,53400,0.0
20260423 14:51:00.000,4730.538,4732.595,4729.955,4731.505,50340,0.0
20260423 14:52:00.000,4731.485,4734.045,4731.065,4732.905,56580,0.0
20260423 14:53:00.000,4733.065,4735.915,4732.855,4735.815,49800,0.0
20260423 14:54:00.000,4735.675,4735.675,4733.335,4734.995,55380,0.0
20260423 14:55:00.000,4734.955,4736.465,4734.155,4734.875,55650,0.0
20260423 14:56:00.000,4734.795,4735.695,4734.015,4735.435,49380,0.0
20260423 14:57:00.000,4735.465,4736.465,4734.205,4736.265,58140,0.0
20260423 14:58:00.000,4736.255,4736.295,4733.225,4734.105,50340,0.0
20260423 14:59:00.000,4734.085,4734.475,4733.045,4733.495,53040,0.0
20260423 15:00:00.000,4733.515,4734.685,4732.935,4733.055,62639,0.0
20260423 15:01:00.000,4732.945,4734.345,4732.695,4733.055,51390,0.0
20260423 15:02:00.000,4733.085,4734.325,4732.165,4732.355,53610,0.0
20260423 15:03:00.000,4732.575,4733.585,4731.205,4733.015,53190,0.0
20260423 15:04:00.000,4733.175,4733.345,4731.315,4733.158,55860,0.0
20260423 15:05:00.000,4733.205,4733.485,4731.565,4732.005,47790,0.0
20260423 15:06:00.000,4731.995,4731.995,4729.155,4730.155,57530,0.0
20260423 15:07:00.000,4730.195,4730.765,4728.068,4728.775,52400,0.0
20260423 15:08:00.000,4728.785,4728.925,4726.615,4726.995,52080,0.0
20260423 15:09:00.000,4727.015,4729.065,4726.805,4728.475,49470,0.0
20260423 15:10:00.000,4728.495,4731.305,4728.495,4730.445,52380,0.0
20260423 15:11:00.000,4730.555,4731.385,4730.155,4730.615,48390,0.0
20260423 15:12:00.000,4730.775,4732.685,4729.995,4731.975,44880,0.0
20260423 15:13:00.000,4731.945,4732.625,4731.285,4732.165,40020,0.0
20260423 15:14:00.000,4732.325,4732.635,4730.545,4730.635,45840,0.0
20260423 15:15:00.000,4730.655,4731.515,4729.655,4730.565,48960,0.0
20260423 15:16:00.000,4730.555,4734.675,4729.985,4734.595,49800,0.0
20260423 15:17:00.000,4734.495,4738.065,4734.495,4736.925,64620,0.0
20260423 15:18:00.000,4736.895,4740.905,4736.515,4739.205,64980,0.0
20260423 15:19:00.000,4739.215,4740.295,4738.145,4738.275,63539,0.0
20260423 15:20:00.000,4738.255,4738.985,4735.868,4736.725,60010,0.0
20260423 15:21:00.000,4736.785,4737.855,4736.385,4737.685,53460,0.0
20260423 15:22:00.000,4737.775,4739.885,4736.685,4737.635,54660,0.0
20260423 15:23:00.000,4737.635,4738.665,4737.305,4738.215,49380,0.0
20260423 15:24:00.000,4738.285,4739.235,4736.815,4736.865,47140,0.0
20260423 15:25:00.000,4736.865,4737.905,4736.025,4736.695,52740,0.0
20260423 15:26:00.000,4736.595,4737.495,4735.875,4737.065,49380,0.0
20260423 15:27:00.000,4737.065,4737.555,4736.095,4736.608,42660,0.0
20260423 15:28:00.000,4736.445,4736.585,4735.285,4735.595,44160,0.0
20260423 15:29:00.000,4735.615,4735.945,4733.045,4733.365,45780,0.0
20260423 15:30:00.000,4733.405,4733.405,4729.585,4731.445,71720,0.0
20260423 15:31:00.000,4731.485,4733.285,4730.465,4733.005,63180,0.0
20260423 15:32:00.000,4733.165,4734.505,4732.895,4733.435,45360,0.0
20260423 15:33:00.000,4733.525,4734.635,4732.715,4734.385,37980,0.0
20260423 15:34:00.000,4734.315,4734.315,4732.035,4732.955,47460,0.0
20260423 15:35:00.000,4732.955,4732.955,4730.675,4730.745,40800,0.0
20260423 15:36:00.000,4730.795,4732.715,4730.795,4731.905,39420,0.0
20260423 15:37:00.000,4731.825,4732.905,4731.165,4732.245,39480,0.0
20260423 15:38:00.000,4732.225,4733.275,4731.915,4732.445,32520,0.0
20260423 15:39:00.000,4732.485,4732.535,4730.365,4731.395,43320,0.0
20260423 15:40:00.000,4731.275,4732.575,4730.755,4732.205,38340,0.0
20260423 15:41:00.000,4732.115,4733.495,4731.765,4732.685,40560,0.0
20260423 15:42:00.000,4732.755,4733.305,4732.125,4732.605,31860,0.0
20260423 15:43:00.000,4732.855,4733.425,4731.255,4731.395,36780,0.0
20260423 15:44:00.000,4731.465,4732.045,4727.875,4727.945,54180,0.0
20260423 15:45:00.000,4727.995,4728.435,4722.125,4723.055,85680,0.0
20260423 15:46:00.000,4723.015,4724.245,4719.815,4721.055,83550,0.0
20260423 15:47:00.000,4721.195,4724.615,4720.875,4723.345,74930,0.0
20260423 15:48:00.000,4723.245,4724.985,4721.485,4723.555,68040,0.0
20260423 15:49:00.000,4723.595,4724.825,4722.655,4724.725,60120,0.0
20260423 15:50:00.000,4724.775,4725.015,4721.645,4722.795,64230,0.0
20260423 15:51:00.000,4722.745,4723.855,4722.115,4723.235,60630,0.0
20260423 15:52:00.000,4723.265,4723.385,4719.715,4720.545,59500,0.0
20260423 15:53:00.000,4720.485,4721.425,4719.865,4720.025,59550,0.0
20260423 15:54:00.000,4720.045,4720.855,4716.635,4716.895,62950,0.0
20260423 15:55:00.000,4716.895,4718.585,4715.975,4718.585,69360,0.0
20260423 15:56:00.000,4718.775,4722.015,4718.725,4720.875,72010,0.0
20260423 15:57:00.000,4720.795,4720.945,4718.155,4719.055,62260,0.0
20260423 15:58:00.000,4719.035,4721.295,4719.035,4720.555,54100,0.0
20260423 15:59:00.000,4720.605,4721.195,4719.235,4720.275,53040,0.0
20260423 16:00:00.000,4720.345,4721.565,4718.905,4719.405,56520,0.0
20260423 16:01:00.000,4719.365,4721.275,4719.365,4719.845,53100,0.0
20260423 16:02:00.000,4719.755,4719.755,4717.695,4719.395,50340,0.0
20260423 16:03:00.000,4719.325,4720.705,4718.565,4720.585,48780,0.0
20260423 16:04:00.000,4720.255,4720.635,4716.945,4717.565,49560,0.0
20260423 16:05:00.000,4717.435,4718.605,4715.405,4718.485,57640,0.0
20260423 16:06:00.000,4718.485,4719.758,4717.745,4718.205,53340,0.0
20260423 16:07:00.000,4718.195,4719.355,4717.955,4718.965,45480,0.0
20260423 16:08:00.000,4718.965,4720.265,4717.615,4718.465,47130,0.0
20260423 16:09:00.000,4718.505,4720.245,4718.115,4720.165,49260,0.0
20260423 16:10:00.000,4720.155,4720.815,4719.495,4720.185,51420,0.0
20260423 16:11:00.000,4720.185,4720.995,4719.085,4719.655,45240,0.0
20260423 16:12:00.000,4719.805,4722.335,4719.805,4721.745,42060,0.0
20260423 16:13:00.000,4721.725,4721.865,4719.485,4720.195,37320,0.0
20260423 16:14:00.000,4720.215,4720.295,4717.815,4719.235,40080,0.0
20260423 16:15:00.000,4719.175,4721.145,4718.805,4720.385,48460,0.0
20260423 16:16:00.000,4720.405,4722.085,4720.205,4721.545,31140,0.0
20260423 16:17:00.000,4721.585,4721.955,4720.365,4720.925,43200,0.0
20260423 16:18:00.000,4720.945,4722.395,4720.905,4721.765,36540,0.0
20260423 16:19:00.000,4721.735,4722.685,4721.385,4722.545,37140,0.0
20260423 16:20:00.000,4722.545,4722.995,4721.485,4721.925,43620,0.0
20260423 16:21:00.000,4721.905,4722.015,4720.735,4721.365,39900,0.0
20260423 16:22:00.000,4721.325,4723.375,4720.755,4722.615,42100,0.0
20260423 16:23:00.000,4722.625,4723.455,4722.485,4723.075,29820,0.0
20260423 16:24:00.000,4723.165,4724.465,4722.935,4722.935,29820,0.0
20260423 16:25:00.000,4722.965,4723.975,4722.585,4723.545,31860,0.0
20260423 16:26:00.000,4723.535,4723.795,4722.885,4723.335,28920,0.0
20260423 16:27:00.000,4723.365,4724.895,4723.155,4724.655,32520,0.0
20260423 16:28:00.000,4724.675,4724.675,4722.605,4723.625,36000,0.0
20260423 16:29:00.000,4723.455,4723.605,4722.185,4723.055,35700,0.0
20260423 16:30:00.000,4722.865,4724.105,4722.515,4723.685,35820,0.0
20260423 16:31:00.000,4723.735,4725.745,4723.725,4725.625,38940,0.0
20260423 16:32:00.000,4725.645,4726.595,4725.255,4726.045,27840,0.0
20260423 16:33:00.000,4725.985,4727.195,4725.665,4726.875,26400,0.0
20260423 16:34:00.000,4726.875,4728.955,4726.865,4728.175,31560,0.0
20260423 16:35:00.000,4728.225,4730.225,4728.225,4729.095,36840,0.0
20260423 16:36:00.000,4729.225,4729.925,4727.875,4728.075,38640,0.0
20260423 16:37:00.000,4728.055,4728.485,4726.785,4727.165,37200,0.0
20260423 16:38:00.000,4727.065,4728.085,4726.405,4727.085,34740,0.0
20260423 16:39:00.000,4726.965,4728.215,4726.635,4727.855,30420,0.0
20260423 16:40:00.000,4727.855,4728.955,4727.765,4728.405,36960,0.0
20260423 16:41:00.000,4728.375,4728.485,4727.375,4727.525,27000,0.0
20260423 16:42:00.000,4727.565,4729.355,4727.385,4728.055,35100,0.0
20260423 16:43:00.000,4728.015,4733.335,4727.835,4733.275,44340,0.0
20260423 16:44:00.000,4733.215,4734.465,4732.865,4733.905,45450,0.0
20260423 16:45:00.000,4733.915,4736.085,4733.825,4734.345,51780,0.0
20260423 16:46:00.000,4734.395,4735.195,4732.975,4733.425,41040,0.0
20260423 16:47:00.000,4733.395,4733.975,4732.685,4733.545,36360,0.0
20260423 16:48:00.000,4733.595,4734.845,4733.595,4734.415,32460,0.0
20260423 16:49:00.000,4734.455,4735.005,4733.985,4734.925,30000,0.0
20260423 16:50:00.000,4734.935,4735.695,4733.675,4735.465,37800,0.0
20260423 16:51:00.000,4735.415,4736.825,4735.405,4736.725,36600,0.0
20260423 16:52:00.000,4736.745,4736.985,4734.555,4735.595,36900,0.0
20260423 16:53:00.000,4735.595,4735.945,4734.465,4734.465,36540,0.0
20260423 16:54:00.000,4734.455,4734.675,4733.545,4733.605,34020,0.0
20260423 16:55:00.000,4733.625,4735.635,4733.305,4734.535,36300,0.0
20260423 16:56:00.000,4734.535,4734.605,4733.295,4734.095,33840,0.0
20260423 16:57:00.000,4734.055,4734.385,4733.115,4733.905,32340,0.0
20260423 16:58:00.000,4733.945,4734.115,4730.455,4731.955,49320,0.0
20260423 16:59:00.000,4731.945,4733.705,4731.895,4732.835,37200,0.0
20260423 17:00:00.000,4732.825,4734.215,4732.825,4733.935,34020,0.0
20260423 17:01:00.000,4733.915,4734.385,4724.075,4724.925,61990,0.0
20260423 17:02:00.000,4724.805,4728.165,4722.525,4727.895,82910,0.0
20260423 17:03:00.000,4727.845,4730.075,4727.125,4728.435,76770,0.0
20260423 17:04:00.000,4728.345,4729.375,4723.005,4725.295,75830,0.0
20260423 17:05:00.000,4725.385,4725.505,4719.085,4722.995,89300,0.0
20260423 17:06:00.000,4723.205,4723.835,4720.375,4722.375,78420,0.0
20260423 17:07:00.000,4722.395,4723.505,4718.925,4720.865,81450,0.0
20260423 17:08:00.000,4720.975,4721.105,4716.465,4717.235,87300,0.0
20260423 17:09:00.000,4717.255,4717.835,4708.705,4710.205,98950,0.0
20260423 17:10:00.000,4710.425,4711.995,4705.505,4711.995,108070,0.0
20260423 17:11:00.000,4712.055,4713.635,4708.938,4710.755,130970,0.0
20260423 17:12:00.000,4710.715,4715.095,4710.278,4711.405,118890,0.0
20260423 17:13:00.000,4711.545,4714.285,4711.465,4713.855,87760,0.0
20260423 17:14:00.000,4714.045,4716.395,4713.165,4715.875,84840,0.0
20260423 17:15:00.000,4715.875,4716.485,4713.475,4713.665,78810,0.0
20260423 17:16:00.000,4713.665,4717.465,4708.835,4712.385,77730,0.0
20260423 17:17:00.000,4712.245,4712.465,4707.155,4709.625,91080,0.0
20260423 17:18:00.000,4709.405,4711.255,4707.275,4707.995,82240,0.0
20260423 17:19:00.000,4708.045,4709.555,4704.395,4708.775,99070,0.0
20260423 17:20:00.000,4708.645,4710.435,4707.115,4710.335,84250,0.0
20260423 17:21:00.000,4710.325,4712.178,4708.115,4709.295,76070,0.0
20260423 17:22:00.000,4709.405,4709.605,4704.305,4708.455,78960,0.0
20260423 17:23:00.000,4708.455,4710.535,4707.515,4710.045,83160,0.0
20260423 17:24:00.000,4710.075,4711.845,4706.655,4707.145,81090,0.0
20260423 17:25:00.000,4707.165,4710.845,4707.045,4710.645,62590,0.0
20260423 17:26:00.000,4710.505,4717.735,4710.405,4715.495,83670,0.0
20260423 17:27:00.000,4715.195,4715.575,4712.995,4714.905,75960,0.0
20260423 17:28:00.000,4714.865,4714.865,4709.398,4710.885,86740,0.0
20260423 17:29:00.000,4710.595,4710.745,4704.835,4706.245,78710,0.0
20260423 17:30:00.000,4706.205,4709.535,4703.835,4706.765,69960,0.0
20260423 17:31:00.000,4706.795,4709.045,4702.218,4708.545,80770,0.0
20260423 17:32:00.000,4708.635,4711.295,4707.825,4710.065,67170,0.0
20260423 17:33:00.000,4710.145,4710.995,4708.705,4710.535,63000,0.0
20260423 17:34:00.000,4710.295,4712.275,4709.745,4711.605,63900,0.0
20260423 17:35:00.000,4711.585,4713.825,4709.955,4710.525,66580,0.0
20260423 17:36:00.000,4710.595,4711.585,4699.145,4701.445,79270,0.0
20260423 17:37:00.000,4701.235,4703.145,4698.925,4702.775,85290,0.0
20260423 17:38:00.000,4702.625,4702.855,4698.805,4701.885,83110,0.0
20260423 17:39:00.000,4702.015,4702.435,4697.965,4698.495,91780,0.0
20260423 17:40:00.000,4698.735,4699.055,4692.215,4694.845,95860,0.0
20260423 17:41:00.000,4694.825,4695.635,4688.505,4688.698,98130,0.0
20260423 17:42:00.000,4688.738,4692.295,4679.898,4680.585,120550,0.0
20260423 17:43:00.000,4680.505,4682.205,4677.215,4681.055,96010,0.0
20260423 17:44:00.000,4680.995,4682.735,4672.935,4677.315,95650,0.0
20260423 17:45:00.000,4677.425,4677.765,4670.785,4676.415,93810,0.0
20260423 17:46:00.000,4676.115,4678.205,4664.045,4666.485,92070,0.0
20260423 17:47:00.000,4666.515,4682.915,4665.115,4681.765,93010,0.0
20260423 17:48:00.000,4681.505,4685.275,4680.595,4681.875,87170,0.0
20260423 17:49:00.000,4681.895,4685.445,4680.265,4683.075,86790,0.0
20260423 17:50:00.000,4682.915,4685.545,4678.545,4684.325,84660,0.0
20260423 17:51:00.000,4684.385,4686.245,4682.875,4684.395,79050,0.0
20260423 17:52:00.000,4684.485,4685.845,4681.405,4684.845,81460,0.0
20260423 17:53:00.000,4684.705,4709.345,4684.375,4699.855,87960,0.0
20260423 17:54:00.000,4699.655,4699.725,4693.365,4695.885,91820,0.0
20260423 17:55:00.000,4695.955,4702.615,4694.115,4702.215,90570,0.0
20260423 17:56:00.000,4702.325,4705.615,4701.185,4702.765,86800,0.0
20260423 17:57:00.000,4702.975,4706.875,4702.975,4704.545,85100,0.0
20260423 17:58:00.000,4704.645,4710.685,4704.015,4708.915,88500,0.0
20260423 17:59:00.000,4709.365,4710.575,4706.905,4709.135,81600,0.0
20260423 18:00:00.000,4709.185,4713.475,4709.185,4710.115,82610,0.0
20260423 18:01:00.000,4710.175,4721.915,4707.675,4714.655,92010,0.0
20260423 18:02:00.000,4714.625,4717.925,4711.455,4715.196,97780,0.0
20260423 18:03:00.000,4715.218,4716.075,4712.295,4714.855,84260,0.0
20260423 18:04:00.000,4714.875,4716.345,4712.635,4714.065,76490,0.0
20260423 18:05:00.000,4714.335,4717.495,4711.085,4716.075,77730,0.0
20260423 18:06:00.000,4716.005,4716.945,4714.415,4714.485,72550,0.0
20260423 18:07:00.000,4714.395,4715.555,4712.925,4713.755,76750,0.0
20260423 18:08:00.000,4713.635,4714.375,4710.675,4711.975,75000,0.0
20260423 18:09:00.000,4712.015,4712.535,4710.145,4710.265,69330,0.0
20260423 18:10:00.000,4710.355,4718.745,4709.525,4717.555,80900,0.0
20260423 18:11:00.000,4717.555,4719.525,4713.085,4713.675,85960,0.0
20260423 18:12:00.000,4713.715,4714.435,4710.785,4712.655,68700,0.0
20260423 18:13:00.000,4712.615,4714.385,4712.165,4713.685,67650,0.0
20260423 18:14:00.000,4713.685,4715.045,4713.175,4713.735,62700,0.0
20260423 18:15:00.000,4713.655,4714.265,4712.015,4712.675,58740,0.0
20260423 18:16:00.000,4712.705,4714.855,4712.335,4714.235,55980,0.0
20260423 18:17:00.000,4714.095,4716.665,4712.275,4712.565,55800,0.0
20260423 18:18:00.000,4712.505,4716.055,4710.985,4713.525,71220,0.0
20260423 18:19:00.000,4713.475,4714.475,4712.995,4713.545,58200,0.0
20260423 18:20:00.000,4713.415,4715.155,4712.055,4712.545,60540,0.0
20260423 18:21:00.000,4712.525,4716.185,4710.245,4712.345,84110,0.0
20260423 18:22:00.000,4712.335,4713.315,4711.425,4711.815,56810,0.0
20260423 18:23:00.000,4711.765,4714.465,4710.855,4713.735,62639,0.0
20260423 18:24:00.000,4713.745,4714.565,4711.655,4712.835,58350,0.0
20260423 18:25:00.000,4712.795,4715.175,4712.415,4714.885,54510,0.0
20260423 18:26:00.000,4714.835,4714.835,4712.145,4713.125,53320,0.0
20260423 18:27:00.000,4713.055,4714.505,4712.275,4712.665,53260,0.0
20260423 18:28:00.000,4712.535,4713.705,4711.528,4713.385,54810,0.0
20260423 18:29:00.000,4713.365,4716.635,4712.715,4716.475,60890,0.0
20260423 18:30:00.000,4716.505,4718.745,4716.215,4716.925,68160,0.0
20260423 18:31:00.000,4716.925,4719.315,4716.565,4717.425,54240,0.0
20260423 18:32:00.000,4717.455,4718.135,4715.735,4716.805,44880,0.0
20260423 18:33:00.000,4716.825,4719.055,4716.605,4718.845,41970,0.0
20260423 18:34:00.000,4718.845,4719.855,4717.835,4718.405,43440,0.0
20260423 18:35:00.000,4718.335,4719.245,4717.385,4718.285,55660,0.0
20260423 18:36:00.000,4718.275,4720.125,4717.895,4718.355,57360,0.0
20260423 18:37:00.000,4718.495,4720.125,4718.245,4719.115,48420,0.0
20260423 18:38:00.000,4719.115,4719.195,4714.865,4714.955,54330,0.0
20260423 18:39:00.000,4714.955,4715.325,4713.425,4713.735,57720,0.0
20260423 18:40:00.000,4713.775,4714.675,4712.805,4712.905,45420,0.0
20260423 18:41:00.000,4712.895,4713.815,4711.785,4711.785,44640,0.0
20260423 18:42:00.000,4711.735,4712.265,4708.318,4708.545,51510,0.0
20260423 18:43:00.000,4708.615,4710.805,4707.095,4710.025,63690,0.0
20260423 18:44:00.000,4710.005,4711.575,4710.005,4711.145,46920,0.0
20260423 18:45:00.000,4711.195,4711.805,4709.425,4710.055,45960,0.0
20260423 18:46:00.000,4710.015,4710.065,4707.785,4708.365,43230,0.0
20260423 18:47:00.000,4708.455,4709.695,4707.445,4708.155,44640,0.0
20260423 18:48:00.000,4708.115,4708.485,4706.215,4707.545,43320,0.0
20260423 18:49:00.000,4707.595,4708.585,4705.865,4706.435,47580,0.0
20260423 18:50:00.000,4706.455,4707.875,4705.295,4707.655,48960,0.0
20260423 18:51:00.000,4707.635,4708.935,4706.745,4708.935,43500,0.0
20260423 18:52:00.000,4708.995,4711.635,4708.845,4711.035,55260,0.0
20260423 18:53:00.000,4711.155,4711.495,4709.505,4709.925,47100,0.0
20260423 18:54:00.000,4709.945,4710.635,4708.225,4709.605,43800,0.0
20260423 18:55:00.000,4709.505,4709.575,4706.085,4706.355,44810,0.0
20260423 18:56:00.000,4706.135,4706.275,4705.025,4705.715,48000,0.0
20260423 18:57:00.000,4705.635,4705.785,4704.065,4704.655,41250,0.0
20260423 18:58:00.000,4704.655,4705.035,4703.258,4703.635,41520,0.0
20260423 18:59:00.000,4703.435,4703.765,4699.165,4700.745,74470,0.0
20260423 19:00:00.000,4700.665,4704.345,4699.925,4701.065,84520,0.0
20260423 19:01:00.000,4701.015,4702.785,4697.715,4699.485,80490,0.0
20260423 19:02:00.000,4699.425,4699.425,4696.075,4697.285,71160,0.0
20260423 19:03:00.000,4697.425,4697.865,4695.095,4695.125,66240,0.0
20260423 19:04:00.000,4694.785,4695.595,4693.385,4695.445,68460,0.0
20260423 19:05:00.000,4695.415,4698.385,4695.415,4697.825,63270,0.0
20260423 19:06:00.000,4697.815,4699.395,4697.125,4698.215,69480,0.0
20260423 19:07:00.000,4698.245,4699.125,4697.275,4698.415,58440,0.0
20260423 19:08:00.000,4698.385,4698.495,4697.115,4697.365,54000,0.0
20260423 19:09:00.000,4697.335,4698.795,4695.745,4695.755,46260,0.0
20260423 19:10:00.000,4695.755,4696.355,4692.525,4693.015,55500,0.0
20260423 19:11:00.000,4693.035,4696.645,4692.805,4696.285,53190,0.0
20260423 19:12:00.000,4696.285,4697.065,4695.105,4696.375,44940,0.0
20260423 19:13:00.000,4696.365,4697.035,4695.665,4696.435,45060,0.0
20260423 19:14:00.000,4696.485,4697.345,4695.305,4696.165,46560,0.0
20260423 19:15:00.000,4696.225,4697.745,4695.335,4696.155,50820,0.0
20260423 19:16:00.000,4696.135,4698.845,4695.975,4698.105,50640,0.0
20260423 19:17:00.000,4698.105,4698.155,4696.855,4697.015,39400,0.0
20260423 19:18:00.000,4697.025,4698.625,4696.385,4697.865,29340,0.0
20260423 19:19:00.000,4698.095,4699.145,4697.565,4698.935,37620,0.0
20260423 19:20:00.000,4698.925,4699.305,4697.685,4699.175,48120,0.0
20260423 19:21:00.000,4699.195,4699.325,4696.795,4697.445,52170,0.0
20260423 19:22:00.000,4697.415,4699.275,4697.025,4698.445,49260,0.0
20260423 19:23:00.000,4698.695,4702.205,4698.495,4700.885,43920,0.0
20260423 19:24:00.000,4700.905,4701.815,4700.525,4701.355,36780,0.0
20260423 19:25:00.000,4701.375,4702.525,4700.535,4701.225,40560,0.0
20260423 19:26:00.000,4701.185,4701.845,4700.875,4701.305,38610,0.0
20260423 19:27:00.000,4701.185,4701.285,4697.635,4697.865,45360,0.0
20260423 19:28:00.000,4697.885,4701.225,4697.815,4699.685,50460,0.0
20260423 19:29:00.000,4699.715,4700.295,4698.965,4699.985,39000,0.0
20260423 19:30:00.000,4699.965,4700.565,4698.395,4699.385,47700,0.0
20260423 19:31:00.000,4699.485,4700.545,4698.775,4699.545,50610,0.0
20260423 19:32:00.000,4699.555,4701.005,4698.165,4698.385,58920,0.0
20260423 19:33:00.000,4698.215,4698.255,4695.425,4695.605,50340,0.0
20260423 19:34:00.000,4695.585,4695.765,4693.315,4694.095,55980,0.0
20260423 19:35:00.000,4694.075,4694.075,4689.195,4692.095,80440,0.0
20260423 19:36:00.000,4692.395,4693.195,4691.465,4692.735,68820,0.0
20260423 19:37:00.000,4692.735,4693.275,4692.255,4692.805,47640,0.0
20260423 19:38:00.000,4692.765,4695.365,4690.455,4695.365,69270,0.0
20260423 19:39:00.000,4695.365,4695.825,4692.025,4692.615,54720,0.0
20260423 19:40:00.000,4692.915,4694.605,4692.815,4694.115,56220,0.0
20260423 19:41:00.000,4694.085,4695.555,4694.035,4694.305,57300,0.0
20260423 19:42:00.000,4694.305,4694.365,4692.795,4693.385,50880,0.0
20260423 19:43:00.000,4693.295,4693.815,4691.365,4692.045,58200,0.0
20260423 19:44:00.000,4692.045,4693.265,4691.215,4692.215,51840,0.0
20260423 19:45:00.000,4692.235,4695.025,4692.005,4694.925,60240,0.0
20260423 19:46:00.000,4694.955,4695.535,4693.705,4695.285,52260,0.0
20260423 19:47:00.000,4695.285,4696.475,4694.205,4696.085,45600,0.0
20260423 19:48:00.000,4695.965,4697.025,4695.745,4696.585,40560,0.0
20260423 19:49:00.000,4696.615,4697.425,4696.285,4696.735,53460,0.0
20260423 19:50:00.000,4696.785,4697.735,4693.575,4696.465,71940,0.0
20260423 19:51:00.000,4696.525,4697.995,4695.615,4697.385,58230,0.0
20260423 19:52:00.000,4697.445,4698.785,4696.785,4698.435,59010,0.0
20260423 19:53:00.000,4698.435,4699.965,4698.435,4699.465,55740,0.0
20260423 19:54:00.000,4699.435,4699.855,4697.985,4699.085,66060,0.0
20260423 19:55:00.000,4699.065,4699.275,4697.685,4697.835,70680,0.0
20260423 19:56:00.000,4697.815,4699.375,4697.565,4698.895,62639,0.0
20260423 19:57:00.000,4698.835,4699.875,4698.065,4699.405,61260,0.0
20260423 19:58:00.000,4699.405,4699.435,4695.495,4696.035,72960,0.0
20260423 19:59:00.000,4695.975,4698.025,4695.105,4695.915,80880,0.0
20260423 20:00:00.000,4695.945,4695.945,4693.785,4694.175,54600,0.0
20260423 20:01:00.000,4694.135,4695.945,4694.055,4694.505,45390,0.0
20260423 20:02:00.000,4694.505,4695.165,4693.795,4694.985,36960,0.0
20260423 20:03:00.000,4694.985,4696.465,4694.805,4696.395,26610,0.0
20260423 20:04:00.000,4696.395,4697.395,4695.935,4697.185,24930,0.0
20260423 20:05:00.000,4697.185,4698.045,4696.515,4697.965,33510,0.0
20260423 20:06:00.000,4697.945,4697.945,4696.985,4697.305,21900,0.0
20260423 20:07:00.000,4696.995,4697.075,4695.345,4695.905,28320,0.0
20260423 20:08:00.000,4695.945,4696.275,4694.905,4695.585,28410,0.0
20260423 20:09:00.000,4695.585,4696.655,4695.015,4696.465,26250,0.0
20260423 20:10:00.000,4696.445,4697.065,4695.485,4696.825,19500,0.0
20260423 20:11:00.000,4696.925,4696.965,4695.285,4695.385,18090,0.0
20260423 20:12:00.000,4695.365,4695.825,4694.745,4694.765,20280,0.0
20260423 20:13:00.000,4694.785,4694.785,4690.945,4691.225,21780,0.0
20260423 20:14:00.000,4691.245,4691.665,4690.395,4690.545,23280,0.0
20260423 20:15:00.000,4690.435,4690.555,4688.025,4688.025,26340,0.0
20260423 20:16:00.000,4688.075,4688.515,4687.075,4687.145,29190,0.0
20260423 20:17:00.000,4687.095,4687.525,4686.415,4686.775,23940,0.0
20260423 20:18:00.000,4686.705,4691.085,4686.575,4690.935,26400,0.0
20260423 20:19:00.000,4690.875,4691.985,4690.275,4691.025,23460,0.0
20260423 20:20:00.000,4691.075,4692.215,4690.705,4692.015,29280,0.0
20260423 20:21:00.000,4692.005,4692.415,4690.015,4690.015,16650,0.0
20260423 20:22:00.000,4690.045,4690.845,4689.735,4690.655,16140,0.0
20260423 20:23:00.000,4690.685,4691.045,4689.925,4691.015,19800,0.0
20260423 20:24:00.000,4690.995,4692.255,4690.995,4692.185,14580,0.0
20260423 20:25:00.000,4692.165,4692.405,4690.215,4690.215,18840,0.0
20260423 20:26:00.000,4690.385,4690.945,4689.915,4690.435,16020,0.0
20260423 20:27:00.000,4690.455,4690.665,4690.025,4690.545,12360,0.0
20260423 20:28:00.000,4690.535,4690.665,4689.695,4689.855,12840,0.0
20260423 20:29:00.000,4689.935,4689.955,4688.715,4689.145,15240,0.0
20260423 20:30:00.000,4689.195,4690.695,4689.025,4690.415,18450,0.0
20260423 20:31:00.000,4690.415,4690.635,4689.735,4689.895,14100,0.0
20260423 20:32:00.000,4689.855,4690.675,4689.855,4690.525,10680,0.0
20260423 20:33:00.000,4690.565,4690.965,4690.065,4690.335,15900,0.0
20260423 20:34:00.000,4690.365,4690.635,4689.365,4689.825,13740,0.0
20260423 20:35:00.000,4689.705,4689.805,4688.995,4689.235,15300,0.0
20260423 20:36:00.000,4689.305,4689.875,4688.845,4689.035,10920,0.0
20260423 20:37:00.000,4689.015,4689.305,4688.295,4688.355,11040,0.0
20260423 20:38:00.000,4688.415,4688.995,4687.955,4688.945,12720,0.0
20260423 20:39:00.000,4688.945,4690.255,4688.945,4689.985,13140,0.0
20260423 20:40:00.000,4689.985,4690.055,4688.865,4688.965,8490,0.0
20260423 20:41:00.000,4688.885,4691.055,4688.765,4690.085,15600,0.0
20260423 20:42:00.000,4690.135,4690.215,4689.905,4690.045,11580,0.0
20260423 20:43:00.000,4690.025,4690.345,4689.925,4690.295,9540,0.0
20260423 20:44:00.000,4690.285,4691.455,4690.285,4691.075,12420,0.0
20260423 20:45:00.000,4691.115,4691.875,4690.945,4691.415,10500,0.0
20260423 20:46:00.000,4691.395,4691.535,4690.785,4691.485,8490,0.0
20260423 20:47:00.000,4691.435,4691.955,4690.795,4691.585,6090,0.0
20260423 20:48:00.000,4691.555,4691.555,4690.405,4690.805,8550,0.0
20260423 20:49:00.000,4690.835,4691.705,4690.635,4690.665,13140,0.0
20260423 20:50:00.000,4690.735,4690.875,4689.655,4689.735,8670,0.0
20260423 20:51:00.000,4689.625,4690.315,4688.405,4688.405,12660,0.0
20260423 20:52:00.000,4688.465,4689.565,4688.275,4688.875,13080,0.0
20260423 20:53:00.000,4688.675,4690.225,4688.635,4690.125,10020,0.0
20260423 20:54:00.000,4690.165,4690.455,4689.615,4690.285,11790,0.0
20260423 20:55:00.000,4690.325,4692.235,4690.325,4692.235,20850,0.0
20260423 20:56:00.000,4692.185,4692.635,4691.835,4692.475,10650,0.0
20260423 20:57:00.000,4692.535,4692.975,4692.235,4692.735,10860,0.0
20260423 20:58:00.000,4692.715,4694.295,4692.715,4694.295,13230,0.0
20260423 20:59:00.000,4694.265,4694.365,4691.895,4692.355,16560,0.0
20260423 22:00:00.000,4698.245,4702.195,4697.698,4699.655,35280,0.0
20260423 22:01:00.000,4699.655,4699.655,4694.315,4695.625,26370,0.0
20260423 22:02:00.000,4695.355,4698.925,4695.355,4697.535,22140,0.0
20260423 22:03:00.000,4697.525,4698.565,4696.905,4697.325,12240,0.0
20260423 22:04:00.000,4697.425,4697.455,4694.835,4694.925,8400,0.0
20260423 22:05:00.000,4694.955,4696.955,4694.595,4695.975,15300,0.0
20260423 22:06:00.000,4695.945,4698.815,4695.515,4698.765,10350,0.0
20260423 22:07:00.000,4698.705,4698.805,4696.805,4697.645,10080,0.0
20260423 22:08:00.000,4697.675,4698.845,4696.855,4697.105,7620,0.0
20260423 22:09:00.000,4697.135,4697.195,4696.105,4697.005,6300,0.0
20260423 22:10:00.000,4696.985,4697.235,4695.505,4697.055,8070,0.0
20260423 22:11:00.000,4697.035,4697.375,4695.775,4695.775,6960,0.0
20260423 22:12:00.000,4695.815,4696.975,4695.605,4695.725,4620,0.0
20260423 22:13:00.000,4695.805,4699.085,4695.025,4698.085,10530,0.0
20260423 22:14:00.000,4698.035,4698.085,4696.675,4697.105,6540,0.0
20260423 22:15:00.000,4697.045,4697.105,4696.305,4696.305,4800,0.0
20260423 22:16:00.000,4696.275,4697.045,4695.745,4696.255,5820,0.0
20260423 22:17:00.000,4696.275,4696.725,4695.675,4696.195,6120,0.0
20260423 22:18:00.000,4696.125,4696.985,4696.015,4696.035,3270,0.0
20260423 22:19:00.000,4695.805,4696.195,4693.105,4693.775,6930,0.0
20260423 22:20:00.000,4693.755,4694.855,4693.005,4693.025,8610,0.0
20260423 22:21:00.000,4693.315,4693.315,4692.055,4692.615,10770,0.0
20260423 22:22:00.000,4692.555,4693.415,4692.135,4692.955,8910,0.0
20260423 22:23:00.000,4692.955,4696.225,4692.055,4694.815,14130,0.0
20260423 22:24:00.000,4694.645,4695.285,4694.125,4694.125,9150,0.0
20260423 22:25:00.000,4694.095,4694.605,4692.755,4693.635,12420,0.0
20260423 22:26:00.000,4693.585,4694.945,4693.585,4694.375,8490,0.0
20260423 22:27:00.000,4693.835,4694.315,4693.035,4693.035,6570,0.0
20260423 22:28:00.000,4693.015,4693.525,4692.755,4692.965,4470,0.0
20260423 22:29:00.000,4693.025,4693.105,4692.575,4692.575,3390,0.0
20260423 22:30:00.000,4692.635,4694.675,4692.535,4694.465,11040,0.0
20260423 22:31:00.000,4694.515,4694.605,4693.915,4694.235,8640,0.0
20260423 22:32:00.000,4694.265,4694.995,4693.975,4694.215,8460,0.0
20260423 22:33:00.000,4694.285,4694.315,4692.845,4692.865,8460,0.0
20260423 22:34:00.000,4692.895,4693.845,4692.675,4693.305,5400,0.0
20260423 22:35:00.000,4693.505,4695.455,4693.485,4695.215,11490,0.0
20260423 22:36:00.000,4695.145,4696.365,4694.445,4696.165,11850,0.0
20260423 22:37:00.000,4695.865,4695.935,4694.605,4694.758,10920,0.0
20260423 22:38:00.000,4694.645,4695.475,4694.435,4695.038,6720,0.0
20260423 22:39:00.000,4695.078,4695.145,4691.475,4691.478,16500,0.0
20260423 22:40:00.000,4691.545,4692.265,4690.495,4691.265,12480,0.0
20260423 22:41:00.000,4691.085,4693.375,4691.085,4693.025,15570,0.0
20260423 22:42:00.000,4692.925,4692.965,4691.475,4691.765,8760,0.0
20260423 22:43:00.000,4691.735,4693.675,4691.715,4692.735,9660,0.0
20260423 22:44:00.000,4692.705,4693.495,4692.385,4693.435,6060,0.0
20260423 22:45:00.000,4693.445,4694.345,4693.295,4693.355,9750,0.0
20260423 22:46:00.000,4693.425,4694.135,4693.375,4693.835,7380,0.0
20260423 22:47:00.000,4693.815,4694.265,4693.775,4694.055,6960,0.0
20260423 22:48:00.000,4694.075,4694.325,4693.515,4693.535,8520,0.0
20260423 22:49:00.000,4693.595,4693.635,4691.845,4692.055,8310,0.0
20260423 22:50:00.000,4692.135,4692.835,4692.135,4692.575,6810,0.0
20260423 22:51:00.000,4692.585,4692.735,4692.265,4692.435,5670,0.0
20260423 22:52:00.000,4692.475,4692.475,4690.285,4690.445,7950,0.0
20260423 22:53:00.000,4690.355,4690.805,4689.845,4689.845,6600,0.0
20260423 22:54:00.000,4689.875,4691.165,4689.875,4690.565,9450,0.0
20260423 22:55:00.000,4690.885,4691.755,4690.635,4691.285,9000,0.0
20260423 22:56:00.000,4691.345,4691.395,4690.265,4690.425,8130,0.0
20260423 22:57:00.000,4690.335,4691.125,4690.095,4690.625,8130,0.0
20260423 22:58:00.000,4690.375,4691.718,4690.225,4691.658,10560,0.0
20260423 22:59:00.000,4691.698,4692.875,4691.698,4692.865,19680,0.0
20260423 23:00:00.000,4692.765,4695.058,4692.735,4694.938,27630,0.0
20260423 23:01:00.000,4694.985,4695.138,4693.345,4693.345,18960,0.0
20260423 23:02:00.000,4693.535,4693.635,4691.545,4693.098,19800,0.0
20260423 23:03:00.000,4693.158,4694.398,4693.158,4694.325,19200,0.0
20260423 23:04:00.000,4694.285,4694.378,4692.725,4693.445,13080,0.0
20260423 23:05:00.000,4693.458,4694.015,4693.205,4693.205,8159,0.0
20260423 23:06:00.000,4692.948,4692.948,4691.855,4691.855,9270,0.0
20260423 23:07:00.000,4691.815,4691.915,4691.095,4691.105,7440,0.0
20260423 23:08:00.000,4691.135,4691.185,4690.478,4691.075,7860,0.0
20260423 23:09:00.000,4691.105,4691.785,4689.895,4689.895,11880,0.0
20260423 23:10:00.000,4689.925,4690.415,4689.818,4690.335,10590,0.0
20260423 23:11:00.000,4690.355,4690.535,4689.985,4690.535,4560,0.0
20260423 23:12:00.000,4690.635,4691.715,4690.325,4691.455,8520,0.0
20260423 23:13:00.000,4691.395,4692.285,4691.145,4692.135,9720,0.0
20260423 23:14:00.000,4692.095,4692.135,4689.455,4689.455,7380,0.0
20260423 23:15:00.000,4689.485,4689.885,4689.015,4689.645,13650,0.0
20260423 23:16:00.000,4689.665,4690.135,4688.625,4689.405,15180,0.0
20260423 23:17:00.000,4689.406,4689.406,4686.625,4687.645,15990,0.0
20260423 23:18:00.000,4687.665,4688.435,4686.875,4688.038,16319,0.0
20260423 23:19:00.000,4688.125,4688.465,4687.375,4688.125,11010,0.0
20260423 23:20:00.000,4688.155,4688.918,4688.095,4688.745,11700,0.0
20260423 23:21:00.000,4688.678,4690.495,4688.525,4690.375,12600,0.0
20260423 23:22:00.000,4690.415,4691.505,4690.075,4690.605,10290,0.0
20260423 23:23:00.000,4690.635,4690.635,4689.595,4690.495,12570,0.0
20260423 23:24:00.000,4690.515,4690.575,4688.255,4688.585,13050,0.0
20260423 23:25:00.000,4688.595,4690.895,4688.435,4690.365,11820,0.0
20260423 23:26:00.000,4690.525,4693.285,4690.525,4692.725,12780,0.0
20260423 23:27:00.000,4692.745,4693.805,4692.575,4693.705,13200,0.0
20260423 23:28:00.000,4693.755,4693.785,4693.155,4693.345,10500,0.0
20260423 23:29:00.000,4693.395,4694.375,4693.315,4694.175,10680,0.0
20260423 23:30:00.000,4694.295,4695.615,4693.985,4694.825,19500,0.0
20260423 23:31:00.000,4694.885,4695.925,4693.285,4693.495,20040,0.0
20260423 23:32:00.000,4693.375,4694.265,4693.315,4694.185,13680,0.0
20260423 23:33:00.000,4694.295,4694.825,4693.925,4694.295,15900,0.0
20260423 23:34:00.000,4694.225,4699.125,4694.155,4698.955,28170,0.0
20260423 23:35:00.000,4699.025,4699.965,4698.335,4698.415,18300,0.0
20260423 23:36:00.000,4698.395,4700.515,4697.845,4699.735,16620,0.0
20260423 23:37:00.000,4699.695,4699.795,4698.635,4698.635,10680,0.0
20260423 23:38:00.000,4698.435,4699.125,4698.415,4698.925,9960,0.0
20260423 23:39:00.000,4699.095,4699.095,4696.535,4696.535,16380,0.0
20260423 23:40:00.000,4696.555,4698.155,4696.555,4697.815,11040,0.0
20260423 23:41:00.000,4697.835,4698.265,4697.805,4697.865,7080,0.0
20260423 23:42:00.000,4697.835,4697.925,4696.575,4696.935,6540,0.0
20260423 23:43:00.000,4697.015,4697.145,4696.495,4696.685,8280,0.0
20260423 23:44:00.000,4696.685,4697.215,4696.525,4697.105,8400,0.0
20260423 23:45:00.000,4697.145,4697.255,4695.885,4696.385,17640,0.0
20260423 23:46:00.000,4696.455,4699.415,4696.335,4698.175,18150,0.0
20260423 23:47:00.000,4698.145,4699.165,4696.275,4698.785,19380,0.0
20260423 23:48:00.000,4698.815,4698.815,4697.435,4697.495,13920,0.0
20260423 23:49:00.000,4697.145,4697.255,4696.325,4696.545,13020,0.0
20260423 23:50:00.000,4696.505,4696.815,4696.215,4696.265,12420,0.0
20260423 23:51:00.000,4696.235,4696.235,4695.145,4695.605,16380,0.0
20260423 23:52:00.000,4695.555,4696.505,4695.275,4695.795,16319,0.0
20260423 23:53:00.000,4695.755,4696.005,4695.425,4695.995,11400,0.0
20260423 23:54:00.000,4696.185,4697.275,4696.175,4697.115,17760,0.0
20260423 23:55:00.000,4697.275,4697.415,4696.485,4696.645,10620,0.0
20260423 23:56:00.000,4696.805,4696.815,4694.045,4694.075,14250,0.0
20260423 23:57:00.000,4694.055,4694.055,4692.725,4692.875,13800,0.0
20260423 23:58:00.000,4692.935,4693.205,4691.905,4692.535,16230,0.0
20260423 23:59:00.000,4692.565,4695.065,4692.555,4695.025,21330,0.0
20260424 00:00:00.000,4695.025,4698.985,4695.025,4698.625,42210,0.0
20260424 00:01:00.000,4698.665,4699.875,4697.095,4697.305,46830,0.0
20260424 00:02:00.000,4697.275,4697.555,4694.605,4695.575,39630,0.0
20260424 00:03:00.000,4695.495,4696.215,4690.985,4691.045,40980,0.0
20260424 00:04:00.000,4691.015,4692.115,4690.495,4691.365,34020,0.0
20260424 00:05:00.000,4691.515,4695.265,4691.515,4694.275,30960,0.0
20260424 00:06:00.000,4694.245,4696.025,4692.485,4695.905,28020,0.0
20260424 00:07:00.000,4695.895,4697.745,4695.805,4696.515,27720,0.0
20260424 00:08:00.000,4696.565,4696.975,4694.985,4695.975,27300,0.0
20260424 00:09:00.000,4695.935,4696.935,4694.145,4696.055,25080,0.0
20260424 00:10:00.000,4696.035,4696.385,4693.405,4695.305,32130,0.0
20260424 00:11:00.000,4695.345,4697.265,4694.925,4694.925,24330,0.0
20260424 00:12:00.000,4694.955,4696.455,4693.525,4696.395,28200,0.0
20260424 00:13:00.000,4696.395,4697.205,4695.345,4696.705,25170,0.0
20260424 00:14:00.000,4696.675,4698.405,4695.415,4697.865,26550,0.0
20260424 00:15:00.000,4697.995,4700.265,4697.875,4698.125,35940,0.0
20260424 00:16:00.000,4698.085,4699.275,4697.135,4697.875,28950,0.0
20260424 00:17:00.000,4697.905,4698.115,4697.015,4698.065,21660,0.0
20260424 00:18:00.000,4698.015,4699.055,4697.695,4698.595,18240,0.0
20260424 00:19:00.000,4698.645,4699.815,4696.695,4696.805,26040,0.0
20260424 00:20:00.000,4696.775,4700.085,4696.285,4697.505,31980,0.0
20260424 00:21:00.000,4697.525,4698.815,4696.345,4698.755,31140,0.0
20260424 00:22:00.000,4698.775,4699.625,4698.345,4698.975,23250,0.0
20260424 00:23:00.000,4698.955,4700.415,4698.495,4700.255,20520,0.0
20260424 00:24:00.000,4700.615,4700.985,4699.815,4700.585,22110,0.0
20260424 00:25:00.000,4700.545,4701.525,4699.335,4699.915,30540,0.0
20260424 00:26:00.000,4699.955,4701.485,4699.795,4700.955,16770,0.0
20260424 00:27:00.000,4700.985,4704.655,4700.925,4704.435,25260,0.0
20260424 00:28:00.000,4704.465,4705.185,4703.705,4704.645,24210,0.0
20260424 00:29:00.000,4704.675,4705.485,4703.865,4705.275,22710,0.0
20260424 00:30:00.000,4705.255,4707.775,4705.205,4705.815,30420,0.0
20260424 00:31:00.000,4705.805,4706.305,4703.655,4703.655,24000,0.0
20260424 00:32:00.000,4703.705,4705.305,4702.695,4704.675,29700,0.0
20260424 00:33:00.000,4704.935,4705.495,4702.775,4703.525,21570,0.0
20260424 00:34:00.000,4703.575,4704.175,4702.655,4704.175,18060,0.0
20260424 00:35:00.000,4704.145,4705.735,4703.535,4705.245,19890,0.0
20260424 00:36:00.000,4705.285,4706.955,4704.525,4705.645,22350,0.0
20260424 00:37:00.000,4705.725,4707.235,4705.475,4707.185,20250,0.0
20260424 00:38:00.000,4707.155,4707.205,4706.265,4706.565,14880,0.0
20260424 00:39:00.000,4706.545,4706.545,4703.285,4703.805,26310,0.0
20260424 00:40:00.000,4703.835,4703.935,4702.215,4702.515,20970,0.0
20260424 00:41:00.000,4702.495,4704.185,4702.395,4703.165,24450,0.0
20260424 00:42:00.000,4703.205,4703.205,4701.498,4702.185,32159,0.0
20260424 00:43:00.000,4702.165,4703.215,4701.905,4702.735,19020,0.0
20260424 00:44:00.000,4702.795,4702.835,4701.035,4701.385,27870,0.0
20260424 00:45:00.000,4701.425,4702.765,4701.405,4702.315,28680,0.0
20260424 00:46:00.000,4702.285,4703.085,4699.795,4699.955,30090,0.0
20260424 00:47:00.000,4699.925,4699.965,4697.625,4698.195,33300,0.0
20260424 00:48:00.000,4698.095,4699.115,4697.115,4699.075,27720,0.0
20260424 00:49:00.000,4699.075,4699.525,4697.265,4699.125,23880,0.0
20260424 00:50:00.000,4699.105,4699.575,4697.625,4698.165,20640,0.0
20260424 00:51:00.000,4698.195,4701.165,4698.105,4699.145,28350,0.0
20260424 00:52:00.000,4699.185,4699.705,4698.815,4699.635,23310,0.0
20260424 00:53:00.000,4699.615,4700.955,4697.535,4700.935,26880,0.0
20260424 00:54:00.000,4700.935,4703.125,4700.935,4702.975,30120,0.0
20260424 00:55:00.000,4703.155,4704.035,4700.505,4700.695,32790,0.0
20260424 00:56:00.000,4700.665,4702.295,4700.445,4701.875,23370,0.0
20260424 00:57:00.000,4701.875,4703.895,4701.435,4703.645,34140,0.0
20260424 00:58:00.000,4703.755,4704.555,4703.355,4704.255,26880,0.0
20260424 00:59:00.000,4704.235,4705.665,4703.725,4704.365,30300,0.0
20260424 01:00:00.000,4704.345,4707.665,4703.285,4704.105,62280,0.0
20260424 01:01:00.000,4703.955,4704.675,4699.705,4700.355,47460,0.0
20260424 01:02:00.000,4700.385,4701.305,4697.745,4699.215,51600,0.0
20260424 01:03:00.000,4699.165,4701.765,4697.755,4700.985,41850,0.0
20260424 01:04:00.000,4700.995,4701.515,4697.405,4698.635,38520,0.0
20260424 01:05:00.000,4698.575,4699.475,4695.535,4699.475,49710,0.0
20260424 01:06:00.000,4699.705,4702.535,4699.125,4699.675,46710,0.0
20260424 01:07:00.000,4699.695,4703.165,4699.645,4701.685,37320,0.0
20260424 01:08:00.000,4701.715,4702.175,4699.965,4702.175,48060,0.0
20260424 01:09:00.000,4702.135,4704.195,4701.555,4703.845,42930,0.0
20260424 01:10:00.000,4703.825,4705.975,4702.985,4705.945,34260,0.0
20260424 01:11:00.000,4706.055,4708.735,4705.205,4708.285,45840,0.0
20260424 01:12:00.000,4708.195,4709.025,4707.185,4708.025,34500,0.0
20260424 01:13:00.000,4708.378,4709.765,4707.715,4709.205,34680,0.0
20260424 01:14:00.000,4709.245,4709.735,4707.635,4709.155,31950,0.0
20260424 01:15:00.000,4709.125,4710.935,4708.885,4710.225,37350,0.0
20260424 01:16:00.000,4710.225,4710.225,4706.505,4709.475,39360,0.0
20260424 01:17:00.000,4709.305,4709.695,4705.715,4706.695,34350,0.0
20260424 01:18:00.000,4706.675,4707.558,4705.585,4705.835,25440,0.0
20260424 01:19:00.000,4705.795,4706.838,4704.665,4705.065,37710,0.0
20260424 01:20:00.000,4705.095,4705.185,4701.338,4702.645,37770,0.0
20260424 01:21:00.000,4702.655,4704.115,4702.095,4704.045,26640,0.0
20260424 01:22:00.000,4704.005,4704.785,4702.085,4702.505,32430,0.0
20260424 01:23:00.000,4702.585,4702.785,4701.435,4702.235,33600,0.0
20260424 01:24:00.000,4702.265,4704.215,4702.005,4703.945,33390,0.0
20260424 01:25:00.000,4704.125,4704.125,4699.995,4701.395,44250,0.0
20260424 01:26:00.000,4701.425,4702.475,4700.775,4702.425,23730,0.0
20260424 01:27:00.000,4702.465,4702.675,4700.325,4701.445,33720,0.0
20260424 01:28:00.000,4701.415,4701.415,4699.865,4700.275,27600,0.0
20260424 01:29:00.000,4700.295,4701.125,4698.055,4698.125,31319,0.0
20260424 01:30:00.000,4698.185,4702.015,4698.085,4700.335,40260,0.0
20260424 01:31:00.000,4700.315,4700.315,4695.755,4695.995,34560,0.0
20260424 01:32:00.000,4696.025,4696.025,4690.415,4694.575,55500,0.0
20260424 01:33:00.000,4694.535,4696.285,4693.475,4695.305,51570,0.0
20260424 01:34:00.000,4695.395,4695.775,4692.995,4693.455,44880,0.0
20260424 01:35:00.000,4693.475,4696.085,4692.625,4695.815,52740,0.0
20260424 01:36:00.000,4695.845,4696.685,4692.465,4694.215,48330,0.0
20260424 01:37:00.000,4694.215,4695.125,4692.955,4694.655,39060,0.0
20260424 01:38:00.000,4694.685,4696.785,4694.685,4696.085,34920,0.0
20260424 01:39:00.000,4696.045,4697.525,4695.185,4695.735,28650,0.0
20260424 01:40:00.000,4695.615,4697.525,4693.515,4696.925,37170,0.0
20260424 01:41:00.000,4696.955,4697.045,4694.645,4695.355,31410,0.0
20260424 01:42:00.000,4695.685,4697.185,4694.645,4695.185,33000,0.0
20260424 01:43:00.000,4695.235,4695.435,4691.595,4691.825,37170,0.0
20260424 01:44:00.000,4691.845,4691.935,4690.085,4690.565,37110,0.0
20260424 01:45:00.000,4690.595,4692.575,4690.025,4692.065,37680,0.0
20260424 01:46:00.000,4691.965,4692.625,4691.085,4692.218,44940,0.0
20260424 01:47:00.000,4692.298,4692.755,4690.565,4692.555,34920,0.0
20260424 01:48:00.000,4692.575,4694.735,4692.465,4694.235,43950,0.0
20260424 01:49:00.000,4694.205,4696.875,4693.945,4696.765,31920,0.0
20260424 01:50:00.000,4696.705,4696.755,4695.418,4695.905,29340,0.0
20260424 01:51:00.000,4695.875,4696.235,4694.025,4694.305,27600,0.0
20260424 01:52:00.000,4694.365,4694.945,4693.975,4694.338,38490,0.0
20260424 01:53:00.000,4694.278,4696.005,4692.978,4695.775,31350,0.0
20260424 01:54:00.000,4695.805,4696.175,4694.675,4695.265,26040,0.0
20260424 01:55:00.000,4695.225,4695.835,4694.055,4694.185,26040,0.0
20260424 01:56:00.000,4694.155,4695.705,4693.415,4695.455,27600,0.0
20260424 01:57:00.000,4695.485,4696.815,4695.375,4696.375,23760,0.0
20260424 01:58:00.000,4696.345,4698.385,4696.315,4698.385,29850,0.0
20260424 01:59:00.000,4698.385,4700.315,4698.245,4699.225,39060,0.0
20260424 02:00:00.000,4699.195,4700.335,4697.265,4698.485,39780,0.0
20260424 02:01:00.000,4698.205,4698.325,4696.595,4697.515,28680,0.0
20260424 02:02:00.000,4697.395,4698.475,4694.905,4695.725,43680,0.0
20260424 02:03:00.000,4695.695,4697.765,4694.705,4697.645,40110,0.0
20260424 02:04:00.000,4697.685,4698.545,4695.935,4696.725,29610,0.0
20260424 02:05:00.000,4696.645,4698.535,4696.535,4696.925,28920,0.0
20260424 02:06:00.000,4696.955,4698.755,4696.735,4697.775,33960,0.0
20260424 02:07:00.000,4697.795,4698.455,4697.315,4697.655,25560,0.0
20260424 02:08:00.000,4697.855,4697.895,4695.935,4696.365,30810,0.0
20260424 02:09:00.000,4696.545,4696.575,4694.545,4694.545,27240,0.0
20260424 02:10:00.000,4694.295,4694.365,4691.795,4692.605,42280,0.0
20260424 02:11:00.000,4692.575,4692.805,4690.785,4691.895,34200,0.0
20260424 02:12:00.000,4691.925,4691.925,4689.895,4690.445,29970,0.0
20260424 02:13:00.000,4690.325,4692.195,4690.205,4691.565,33270,0.0
20260424 02:14:00.000,4691.605,4693.705,4691.605,4692.945,26820,0.0
20260424 02:15:00.000,4692.965,4694.165,4692.615,4693.295,25200,0.0
20260424 02:16:00.000,4693.275,4694.345,4693.125,4693.945,21330,0.0
20260424 02:17:00.000,4693.975,4696.065,4693.975,4695.585,18750,0.0
20260424 02:18:00.000,4695.845,4695.885,4690.835,4691.695,30390,0.0
20260424 02:19:00.000,4691.785,4691.785,4689.985,4691.685,30510,0.0
20260424 02:20:00.000,4691.665,4692.345,4690.415,4690.705,22650,0.0
20260424 02:21:00.000,4690.665,4691.555,4689.805,4690.085,24390,0.0
20260424 02:22:00.000,4690.115,4690.755,4687.395,4689.505,33840,0.0
20260424 02:23:00.000,4689.535,4690.265,4687.945,4689.345,23580,0.0
20260424 02:24:00.000,4689.345,4689.345,4684.745,4684.855,34620,0.0
20260424 02:25:00.000,4684.905,4686.475,4683.605,4685.985,35070,0.0
20260424 02:26:00.000,4686.015,4686.775,4682.935,4683.715,42090,0.0
20260424 02:27:00.000,4683.645,4684.635,4683.295,4683.935,27960,0.0
20260424 02:28:00.000,4683.905,4684.325,4681.845,4683.355,31769,0.0
20260424 02:29:00.000,4683.375,4684.345,4682.325,4683.405,26400,0.0
20260424 02:30:00.000,4683.365,4687.038,4683.365,4686.825,47250,0.0
20260424 02:31:00.000,4686.785,4689.355,4686.575,4688.995,44190,0.0
20260424 02:32:00.000,4689.025,4689.405,4686.905,4687.138,38490,0.0
20260424 02:33:00.000,4687.125,4689.055,4686.745,4689.045,35790,0.0
20260424 02:34:00.000,4689.315,4690.865,4688.565,4688.995,39630,0.0
20260424 02:35:00.000,4688.955,4689.245,4687.815,4687.955,32760,0.0
20260424 02:36:00.000,4688.058,4688.485,4684.085,4685.205,41280,0.0
20260424 02:37:00.000,4685.245,4685.245,4683.155,4684.445,34260,0.0
20260424 02:38:00.000,4684.405,4685.425,4684.005,4684.615,38310,0.0
20260424 02:39:00.000,4684.615,4685.615,4682.695,4683.315,34200,0.0
20260424 02:40:00.000,4683.345,4683.465,4681.925,4682.665,27300,0.0
20260424 02:41:00.000,4682.565,4683.425,4680.125,4680.325,34650,0.0
20260424 02:42:00.000,4680.335,4683.605,4680.005,4682.695,40800,0.0
20260424 02:43:00.000,4682.655,4683.315,4681.125,4682.575,33630,0.0
20260424 02:44:00.000,4682.595,4683.385,4681.985,4683.205,29370,0.0
20260424 02:45:00.000,4683.235,4683.795,4681.455,4681.665,30240,0.0
20260424 02:46:00.000,4681.705,4683.895,4680.515,4680.745,31830,0.0
20260424 02:47:00.000,4680.775,4681.605,4679.935,4681.435,26190,0.0
20260424 02:48:00.000,4681.395,4681.415,4677.495,4678.075,40590,0.0
20260424 02:49:00.000,4678.165,4678.375,4674.985,4675.795,37410,0.0
20260424 02:50:00.000,4675.825,4676.325,4674.915,4675.965,28890,0.0
20260424 02:51:00.000,4675.935,4677.305,4675.235,4675.275,33810,0.0
20260424 02:52:00.000,4675.325,4677.265,4675.325,4676.175,27480,0.0
20260424 02:53:00.000,4676.035,4676.125,4675.055,4675.795,23760,0.0
20260424 02:54:00.000,4675.835,4678.695,4675.245,4678.175,38310,0.0
20260424 02:55:00.000,4678.195,4678.865,4673.915,4674.255,42780,0.0
20260424 02:56:00.000,4674.235,4676.525,4674.225,4675.585,28920,0.0
20260424 02:57:00.000,4675.545,4675.555,4672.965,4674.465,34710,0.0
20260424 02:58:00.000,4674.435,4676.755,4674.115,4676.505,34890,0.0
20260424 02:59:00.000,4676.545,4677.375,4676.045,4676.445,29430,0.0
20260424 03:00:00.000,4676.415,4677.815,4675.525,4675.778,38070,0.0
20260424 03:01:00.000,4675.778,4678.035,4675.345,4676.605,31650,0.0
20260424 03:02:00.000,4676.825,4677.355,4673.975,4674.695,33960,0.0
20260424 03:03:00.000,4674.925,4674.935,4671.665,4671.665,40890,0.0
20260424 03:04:00.000,4671.635,4672.855,4671.175,4672.405,34110,0.0
20260424 03:05:00.000,4672.545,4674.605,4671.955,4672.815,25350,0.0
20260424 03:06:00.000,4672.735,4672.985,4670.095,4671.155,33210,0.0
20260424 03:07:00.000,4671.215,4671.935,4669.425,4669.955,36120,0.0
20260424 03:08:00.000,4669.875,4672.715,4669.875,4670.675,36350,0.0
20260424 03:09:00.000,4670.705,4671.195,4669.515,4670.065,29760,0.0
20260424 03:10:00.000,4670.015,4671.565,4668.305,4671.095,31650,0.0
20260424 03:11:00.000,4671.125,4671.185,4669.665,4670.115,25230,0.0
20260424 03:12:00.000,4669.945,4670.125,4668.485,4669.365,38400,0.0
20260424 03:13:00.000,4669.425,4671.595,4669.425,4670.065,26400,0.0
20260424 03:14:00.000,4670.025,4670.385,4668.665,4670.215,29910,0.0
20260424 03:15:00.000,4670.445,4671.805,4670.045,4671.215,31470,0.0
20260424 03:16:00.000,4671.345,4672.585,4671.345,4672.235,29100,0.0
20260424 03:17:00.000,4672.215,4672.915,4671.995,4672.425,20130,0.0
20260424 03:18:00.000,4672.515,4673.945,4672.255,4673.945,29430,0.0
20260424 03:19:00.000,4673.835,4674.315,4673.025,4673.475,29220,0.0
20260424 03:20:00.000,4673.505,4675.125,4673.345,4674.815,22530,0.0
20260424 03:21:00.000,4674.915,4675.265,4674.275,4675.055,32010,0.0
20260424 03:22:00.000,4675.005,4676.415,4674.705,4676.415,26640,0.0
20260424 03:23:00.000,4676.395,4677.285,4675.355,4675.835,32340,0.0
20260424 03:24:00.000,4675.835,4675.845,4673.905,4674.425,22620,0.0
20260424 03:25:00.000,4674.355,4677.555,4673.945,4677.385,28110,0.0
20260424 03:26:00.000,4677.315,4677.925,4677.125,4677.145,24630,0.0
20260424 03:27:00.000,4677.075,4677.435,4674.545,4674.845,24090,0.0
20260424 03:28:00.000,4674.825,4676.055,4674.705,4675.585,29520,0.0
20260424 03:29:00.000,4675.505,4675.775,4673.085,4674.305,30300,0.0
20260424 03:30:00.000,4674.335,4674.735,4672.775,4673.255,29580,0.0
20260424 03:31:00.000,4673.385,4675.245,4673.035,4674.665,31500,0.0
20260424 03:32:00.000,4674.695,4674.795,4672.645,4673.505,27120,0.0
20260424 03:33:00.000,4673.505,4676.545,4673.465,4676.275,28260,0.0
20260424 03:34:00.000,4676.405,4676.975,4675.975,4676.315,29250,0.0
20260424 03:35:00.000,4676.265,4677.185,4675.385,4675.495,28350,0.0
20260424 03:36:00.000,4675.545,4676.315,4674.205,4674.225,17700,0.0
20260424 03:37:00.000,4674.205,4676.395,4674.095,4675.565,20640,0.0
20260424 03:38:00.000,4675.495,4677.295,4675.205,4677.265,19830,0.0
20260424 03:39:00.000,4677.395,4677.425,4676.625,4676.735,16860,0.0
20260424 03:40:00.000,4676.665,4677.205,4675.845,4677.045,16680,0.0
20260424 03:41:00.000,4677.075,4677.585,4676.735,4677.065,14580,0.0
20260424 03:42:00.000,4677.095,4678.065,4676.805,4677.395,21360,0.0
20260424 03:43:00.000,4677.425,4677.425,4676.545,4676.745,12600,0.0
20260424 03:44:00.000,4676.705,4676.705,4674.845,4674.965,17400,0.0
20260424 03:45:00.000,4674.915,4676.775,4674.915,4675.955,18120,0.0
20260424 03:46:00.000,4675.935,4676.055,4674.835,4675.295,14850,0.0
20260424 03:47:00.000,4675.205,4675.345,4673.765,4674.845,15810,0.0
20260424 03:48:00.000,4674.865,4676.215,4674.865,4675.995,16470,0.0
20260424 03:49:00.000,4675.975,4676.405,4674.825,4675.085,16590,0.0
20260424 03:50:00.000,4675.075,4675.715,4674.075,4674.165,15659,0.0
20260424 03:51:00.000,4674.215,4675.105,4673.645,4675.075,17610,0.0
20260424 03:52:00.000,4675.165,4675.795,4675.005,4675.655,22650,0.0
20260424 03:53:00.000,4675.695,4675.695,4674.605,4674.995,21210,0.0
20260424 03:54:00.000,4674.955,4675.605,4673.665,4673.665,16109,0.0
20260424 03:55:00.000,4673.485,4673.575,4672.025,4672.365,21690,0.0
20260424 03:56:00.000,4672.395,4673.055,4672.195,4673.015,16680,0.0
20260424 03:57:00.000,4672.995,4673.835,4672.305,4672.845,15780,0.0
20260424 03:58:00.000,4672.955,4673.025,4672.105,4672.135,14970,0.0
20260424 03:59:00.000,4672.125,4672.445,4671.095,4671.975,20460,0.0
20260424 04:00:00.000,4671.665,4671.825,4667.255,4669.945,38190,0.0
20260424 04:01:00.000,4669.845,4670.975,4669.155,4670.075,28050,0.0
20260424 04:02:00.000,4670.035,4670.995,4669.495,4669.575,19500,0.0
20260424 04:03:00.000,4669.665,4670.865,4669.265,4669.765,22380,0.0
20260424 04:04:00.000,4669.855,4671.545,4669.855,4670.495,20400,0.0
20260424 04:05:00.000,4670.565,4671.375,4670.475,4670.505,17430,0.0
20260424 04:06:00.000,4670.445,4670.455,4669.055,4669.985,14640,0.0
20260424 04:07:00.000,4669.965,4671.575,4669.855,4671.345,18300,0.0
20260424 04:08:00.000,4671.285,4672.495,4670.905,4672.405,14280,0.0
20260424 04:09:00.000,4672.465,4674.285,4672.465,4673.965,18330,0.0
20260424 04:10:00.000,4673.915,4674.355,4673.305,4673.465,16079,0.0
20260424 04:11:00.000,4673.455,4673.455,4670.365,4670.635,22050,0.0
20260424 04:12:00.000,4670.595,4672.145,4670.595,4671.275,17160,0.0
20260424 04:13:00.000,4671.245,4671.595,4669.995,4670.965,17400,0.0
20260424 04:14:00.000,4670.985,4670.985,4669.645,4669.715,12420,0.0
20260424 04:15:00.000,4669.745,4670.365,4669.075,4670.155,23010,0.0
20260424 04:16:00.000,4670.235,4670.505,4667.755,4669.505,28050,0.0
20260424 04:17:00.000,4669.485,4670.325,4668.385,4668.755,15450,0.0
20260424 04:18:00.000,4669.035,4669.505,4668.705,4669.155,14850,0.0
20260424 04:19:00.000,4669.135,4669.775,4668.535,4668.965,14550,0.0
20260424 04:20:00.000,4668.765,4668.825,4667.465,4667.855,20760,0.0
20260424 04:21:00.000,4667.835,4668.655,4667.385,4667.575,21060,0.0
20260424 04:22:00.000,4667.535,4667.535,4662.235,4662.425,41160,0.0
20260424 04:23:00.000,4662.485,4662.775,4661.298,4661.398,47130,0.0
20260424 04:24:00.000,4661.398,4662.845,4661.048,4661.248,32850,0.0
20260424 04:25:00.000,4661.248,4662.385,4658.545,4662.225,35580,0.0
20260424 04:26:00.000,4662.255,4662.285,4660.495,4661.025,24480,0.0
20260424 04:27:00.000,4660.995,4662.105,4659.405,4659.405,22890,0.0
20260424 04:28:00.000,4659.505,4660.595,4659.505,4659.905,24090,0.0
20260424 04:29:00.000,4659.905,4660.385,4659.255,4659.335,22770,0.0
20260424 04:30:00.000,4659.275,4661.205,4658.105,4659.015,32820,0.0
20260424 04:31:00.000,4659.035,4659.258,4657.485,4658.335,23250,0.0
20260424 04:32:00.000,4658.385,4660.795,4658.385,4659.155,25860,0.0
20260424 04:33:00.000,4659.135,4660.205,4658.875,4659.385,21600,0.0
20260424 04:34:00.000,4659.335,4661.445,4659.165,4661.415,20850,0.0
20260424 04:35:00.000,4661.395,4663.745,4660.415,4663.115,28620,0.0
20260424 04:36:00.000,4663.065,4664.785,4663.055,4664.335,30180,0.0
20260424 04:37:00.000,4664.195,4665.575,4663.985,4664.885,35280,0.0
20260424 04:38:00.000,4664.855,4665.355,4664.425,4665.195,15150,0.0
20260424 04:39:00.000,4665.235,4666.065,4664.935,4665.885,25350,0.0
20260424 04:40:00.000,4666.005,4666.705,4665.505,4666.295,33000,0.0
20260424 04:41:00.000,4666.295,4666.565,4665.305,4665.515,25080,0.0
20260424 04:42:00.000,4665.655,4666.105,4665.115,4665.115,16710,0.0
20260424 04:43:00.000,4665.135,4666.825,4664.695,4666.315,30060,0.0
20260424 04:44:00.000,4666.295,4668.395,4666.295,4667.975,32460,0.0
20260424 04:45:00.000,4668.075,4669.045,4667.945,4668.655,25860,0.0
20260424 04:46:00.000,4668.695,4671.945,4668.415,4671.295,40200,0.0
20260424 04:47:00.000,4671.365,4675.435,4671.295,4674.705,43170,0.0
20260424 04:48:00.000,4674.675,4675.785,4674.445,4674.995,32460,0.0
20260424 04:49:00.000,4675.025,4676.795,4674.765,4675.855,28260,0.0
20260424 04:50:00.000,4675.855,4675.895,4673.595,4674.675,27630,0.0
20260424 04:51:00.000,4674.315,4674.625,4673.545,4673.615,21090,0.0
20260424 04:52:00.000,4673.645,4674.645,4673.475,4673.865,16140,0.0
20260424 04:53:00.000,4673.835,4674.345,4673.365,4673.655,18510,0.0
20260424 04:54:00.000,4673.645,4674.135,4673.185,4673.835,15030,0.0
20260424 04:55:00.000,4673.845,4675.055,4673.835,4674.985,19110,0.0
20260424 04:56:00.000,4675.095,4675.485,4674.785,4675.155,18180,0.0
20260424 04:57:00.000,4675.065,4675.275,4673.215,4673.375,18810,0.0
20260424 04:58:00.000,4673.415,4674.055,4673.335,4674.015,12480,0.0
20260424 04:59:00.000,4673.845,4674.205,4673.485,4674.205,11970,0.0
20260424 05:00:00.000,4674.275,4676.635,4674.115,4675.735,35400,0.0
20260424 05:01:00.000,4675.655,4676.435,4673.595,4673.775,21180,0.0
20260424 05:02:00.000,4673.725,4674.335,4673.725,4674.235,15420,0.0
20260424 05:03:00.000,4674.295,4674.585,4673.295,4673.665,15450,0.0
20260424 05:04:00.000,4673.725,4674.045,4673.075,4673.405,15420,0.0
20260424 05:05:00.000,4673.335,4673.985,4672.835,4673.065,13200,0.0
20260424 05:06:00.000,4673.025,4673.295,4671.865,4673.205,27930,0.0
20260424 05:07:00.000,4673.305,4673.915,4672.145,4672.865,17490,0.0
20260424 05:08:00.000,4672.845,4672.975,4670.785,4670.785,17250,0.0
20260424 05:09:00.000,4670.895,4671.235,4669.985,4670.425,24210,0.0
20260424 05:10:00.000,4670.445,4671.615,4670.055,4671.475,19200,0.0
20260424 05:11:00.000,4671.515,4671.555,4670.335,4670.905,19290,0.0
20260424 05:12:00.000,4670.935,4670.935,4669.335,4670.425,20850,0.0
20260424 05:13:00.000,4670.465,4673.525,4670.465,4673.065,24120,0.0
20260424 05:14:00.000,4673.145,4673.725,4672.995,4673.405,12060,0.0
20260424 05:15:00.000,4673.385,4675.575,4673.145,4675.395,22710,0.0
20260424 05:16:00.000,4675.425,4675.525,4673.155,4673.235,19140,0.0
20260424 05:17:00.000,4673.215,4673.265,4672.005,4672.445,21540,0.0
20260424 05:18:00.000,4672.105,4672.575,4671.765,4672.045,20100,0.0
20260424 05:19:00.000,4672.035,4674.575,4671.745,4674.575,27720,0.0
20260424 05:20:00.000,4674.525,4674.745,4673.155,4673.455,18480,0.0
20260424 05:21:00.000,4673.485,4675.325,4673.485,4675.225,19890,0.0
20260424 05:22:00.000,4675.195,4675.195,4673.555,4673.845,20220,0.0
20260424 05:23:00.000,4673.825,4674.595,4673.605,4674.325,16920,0.0
20260424 05:24:00.000,4674.305,4676.195,4674.175,4676.005,26670,0.0
20260424 05:25:00.000,4676.035,4676.615,4675.865,4676.505,19680,0.0
20260424 05:26:00.000,4676.585,4677.125,4676.365,4677.125,14640,0.0
20260424 05:27:00.000,4677.145,4678.395,4677.145,4677.805,23100,0.0
20260424 05:28:00.000,4677.865,4678.295,4676.505,4676.825,17070,0.0
20260424 05:29:00.000,4676.885,4677.075,4676.145,4676.335,12900,0.0
20260424 05:30:00.000,4676.315,4679.925,4676.295,4679.085,42960,0.0
20260424 05:31:00.000,4679.225,4680.185,4679.065,4679.345,30060,0.0
20260424 05:32:00.000,4679.245,4680.385,4678.755,4680.275,26910,0.0
20260424 05:33:00.000,4680.265,4683.245,4680.045,4683.245,24780,0.0
20260424 05:34:00.000,4683.275,4684.545,4682.635,4684.375,29040,0.0
20260424 05:35:00.000,4684.395,4684.485,4681.725,4683.055,32669,0.0
20260424 05:36:00.000,4683.095,4683.755,4681.995,4683.535,36510,0.0
20260424 05:37:00.000,4683.565,4684.425,4682.775,4682.775,28290,0.0
20260424 05:38:00.000,4682.795,4683.345,4682.655,4682.955,20010,0.0
20260424 05:39:00.000,4682.975,4684.738,4682.745,4684.175,25920,0.0
20260424 05:40:00.000,4684.155,4684.965,4682.835,4684.815,24540,0.0
20260424 05:41:00.000,4684.825,4687.115,4684.095,4685.765,30450,0.0
20260424 05:42:00.000,4685.795,4686.165,4685.085,4685.855,22530,0.0
20260424 05:43:00.000,4685.905,4686.295,4684.085,4684.195,24090,0.0
20260424 05:44:00.000,4684.065,4684.315,4681.148,4682.445,30600,0.0
20260424 05:45:00.000,4682.455,4683.975,4681.345,4683.285,30450,0.0
20260424 05:46:00.000,4683.245,4684.025,4680.995,4681.035,36960,0.0
20260424 05:47:00.000,4681.085,4681.655,4680.495,4681.385,30810,0.0
20260424 05:48:00.000,4681.415,4683.215,4681.175,4681.175,30840,0.0
20260424 05:49:00.000,4681.255,4681.545,4680.025,4680.505,27570,0.0
20260424 05:50:00.000,4680.535,4681.585,4680.095,4681.255,21990,0.0
20260424 05:51:00.000,4681.275,4682.085,4680.858,4681.398,35160,0.0
20260424 05:52:00.000,4681.418,4682.618,4681.178,4681.338,38400,0.0
20260424 05:53:00.000,4681.378,4683.125,4681.065,4682.825,24600,0.0
20260424 05:54:00.000,4682.875,4684.345,4682.875,4684.105,25050,0.0
20260424 05:55:00.000,4684.055,4684.535,4683.615,4684.245,23400,0.0
20260424 05:56:00.000,4684.285,4684.315,4682.845,4683.075,23430,0.0
20260424 05:57:00.000,4683.055,4686.425,4682.725,4685.955,28800,0.0
20260424 05:58:00.000,4685.825,4686.315,4685.305,4685.835,22200,0.0
20260424 05:59:00.000,4685.798,4686.745,4685.325,4686.345,19710,0.0
20260424 06:00:00.000,4686.375,4688.035,4683.215,4684.555,35760,0.0
20260424 06:01:00.000,4684.595,4686.435,4683.625,4685.265,39510,0.0
20260424 06:02:00.000,4685.285,4685.585,4684.525,4684.775,31440,0.0
20260424 06:03:00.000,4684.775,4685.005,4682.965,4683.255,38730,0.0
20260424 06:04:00.000,4683.235,4684.805,4683.215,4683.305,26640,0.0
20260424 06:05:00.000,4683.285,4683.995,4682.665,4683.755,23490,0.0
20260424 06:06:00.000,4683.635,4684.665,4683.005,4683.005,25080,0.0
20260424 06:07:00.000,4683.005,4683.225,4682.065,4683.165,26310,0.0
20260424 06:08:00.000,4683.185,4684.985,4683.155,4684.775,28110,0.0
20260424 06:09:00.000,4684.775,4685.015,4682.565,4683.055,33810,0.0
20260424 06:10:00.000,4683.075,4683.865,4680.928,4680.928,30360,0.0
20260424 06:11:00.000,4680.928,4682.775,4680.928,4682.725,29820,0.0
20260424 06:12:00.000,4682.695,4683.255,4681.595,4682.985,28530,0.0
20260424 06:13:00.000,4682.905,4683.145,4681.775,4682.085,25290,0.0
20260424 06:14:00.000,4682.118,4682.485,4680.928,4681.645,22890,0.0
20260424 06:15:00.000,4681.645,4681.778,4679.645,4679.825,22770,0.0
20260424 06:16:00.000,4679.855,4680.395,4679.325,4679.885,24780,0.0
20260424 06:17:00.000,4679.815,4679.935,4678.505,4678.615,27480,0.0
20260424 06:18:00.000,4678.645,4679.215,4676.675,4677.395,33990,0.0
20260424 06:19:00.000,4677.435,4678.105,4676.385,4678.095,26730,0.0
20260424 06:20:00.000,4678.065,4678.155,4674.825,4674.915,31830,0.0
20260424 06:21:00.000,4674.995,4676.725,4674.435,4675.865,30540,0.0
20260424 06:22:00.000,4675.845,4676.265,4673.785,4673.845,46290,0.0
20260424 06:23:00.000,4673.865,4674.105,4673.355,4674.085,33330,0.0
20260424 06:24:00.000,4674.145,4675.305,4673.415,4673.615,29100,0.0
20260424 06:25:00.000,4673.635,4674.155,4671.465,4671.525,38790,0.0
20260424 06:26:00.000,4671.505,4673.185,4671.055,4672.545,28300,0.0
20260424 06:27:00.000,4672.565,4672.565,4670.665,4670.935,33510,0.0
20260424 06:28:00.000,4671.115,4672.035,4670.975,4671.645,32260,0.0
20260424 06:29:00.000,4671.575,4671.725,4669.895,4671.375,33710,0.0
20260424 06:30:00.000,4671.345,4674.915,4671.345,4674.735,42720,0.0
20260424 06:31:00.000,4674.735,4674.915,4672.485,4672.485,32159,0.0
20260424 06:32:00.000,4672.265,4673.345,4671.635,4672.935,34740,0.0
20260424 06:33:00.000,4672.955,4675.525,4672.925,4673.645,44850,0.0
20260424 06:34:00.000,4673.645,4673.645,4671.495,4671.975,41790,0.0
20260424 06:35:00.000,4672.005,4673.865,4671.845,4673.375,36360,0.0
20260424 06:36:00.000,4673.395,4673.815,4672.195,4673.815,34830,0.0
20260424 06:37:00.000,4673.855,4674.465,4673.055,4674.065,38190,0.0
20260424 06:38:00.000,4674.085,4674.405,4671.895,4674.025,41510,0.0
20260424 06:39:00.000,4673.925,4674.955,4673.758,4674.935,33090,0.0
20260424 06:40:00.000,4674.955,4676.005,4674.415,4675.375,28930,0.0
20260424 06:41:00.000,4675.495,4675.715,4672.338,4672.495,30300,0.0
20260424 06:42:00.000,4672.515,4673.905,4669.528,4673.235,42840,0.0
20260424 06:43:00.000,4673.165,4675.375,4672.375,4674.365,29670,0.0
20260424 06:44:00.000,4674.385,4674.555,4673.075,4673.605,27210,0.0
20260424 06:45:00.000,4673.605,4673.845,4670.875,4670.875,45930,0.0
20260424 06:46:00.000,4670.895,4670.895,4668.615,4669.215,52920,0.0
20260424 06:47:00.000,4669.225,4670.415,4668.725,4669.565,38850,0.0
20260424 06:48:00.000,4669.615,4670.885,4669.295,4670.575,35130,0.0
20260424 06:49:00.000,4670.595,4671.085,4668.985,4669.475,29540,0.0
20260424 06:50:00.000,4669.455,4670.365,4669.045,4669.745,31459,0.0
20260424 06:51:00.000,4669.775,4669.815,4666.515,4667.525,40360,0.0
20260424 06:52:00.000,4667.545,4670.645,4666.975,4670.575,33460,0.0
20260424 06:53:00.000,4670.595,4673.125,4670.595,4672.845,27460,0.0
20260424 06:54:00.000,4672.865,4675.045,4672.775,4674.885,26640,0.0
20260424 06:55:00.000,4674.865,4676.465,4674.418,4676.175,29160,0.0
20260424 06:56:00.000,4676.125,4676.195,4674.355,4674.415,24780,0.0
20260424 06:57:00.000,4674.455,4674.725,4672.645,4673.015,32370,0.0
20260424 06:58:00.000,4673.025,4673.975,4672.535,4672.655,26340,0.0
20260424 06:59:00.000,4672.675,4672.765,4671.335,4671.685,32520,0.0
20260424 07:00:00.000,4671.605,4672.725,4670.735,4672.425,34850,0.0
20260424 07:01:00.000,4672.455,4674.655,4672.315,4673.545,21200,0.0
20260424 07:02:00.000,4673.245,4674.895,4672.925,4674.825,21720,0.0
20260424 07:03:00.000,4674.845,4676.505,4673.995,4675.525,29560,0.0
20260424 07:04:00.000,4675.505,4675.505,4673.725,4674.235,24060,0.0
20260424 07:05:00.000,4674.235,4677.125,4673.945,4676.895,21840,0.0
20260424 07:06:00.000,4676.935,4678.405,4676.315,4677.925,29630,0.0
20260424 07:07:00.000,4677.915,4678.015,4676.815,4676.895,18700,0.0
20260424 07:08:00.000,4676.925,4677.855,4675.545,4677.785,18750,0.0
20260424 07:09:00.000,4677.835,4678.125,4676.735,4677.285,19840,0.0
20260424 07:10:00.000,4677.155,4678.865,4676.645,4678.585,24120,0.0
20260424 07:11:00.000,4678.555,4680.155,4678.395,4679.925,23640,0.0
20260424 07:12:00.000,4680.005,4680.095,4679.335,4680.025,21720,0.0
20260424 07:13:00.000,4680.025,4680.655,4679.965,4680.595,21540,0.0
20260424 07:14:00.000,4680.575,4681.255,4679.915,4680.405,25350,0.0
20260424 07:15:00.000,4680.365,4680.395,4678.725,4679.415,32040,0.0
20260424 07:16:00.000,4679.135,4679.808,4678.045,4679.675,35550,0.0
20260424 07:17:00.000,4679.805,4681.925,4679.635,4681.715,28320,0.0
20260424 07:18:00.000,4681.745,4682.055,4680.595,4681.205,25260,0.0
20260424 07:19:00.000,4681.165,4681.585,4680.105,4681.295,29640,0.0
20260424 07:20:00.000,4681.275,4683.025,4679.775,4681.815,37680,0.0
20260424 07:21:00.000,4681.915,4683.365,4681.295,4683.205,31080,0.0
20260424 07:22:00.000,4683.185,4683.955,4682.805,4683.765,24120,0.0
20260424 07:23:00.000,4683.795,4684.145,4683.075,4683.105,24840,0.0
20260424 07:24:00.000,4683.135,4683.185,4681.225,4681.645,32880,0.0
20260424 07:25:00.000,4681.655,4682.725,4681.655,4681.945,26460,0.0
20260424 07:26:00.000,4681.925,4684.595,4681.855,4684.205,23580,0.0
20260424 07:27:00.000,4684.175,4684.685,4683.395,4683.445,25200,0.0
20260424 07:28:00.000,4683.445,4683.915,4682.765,4683.295,20220,0.0
20260424 07:29:00.000,4683.585,4684.635,4683.585,4684.245,15480,0.0
20260424 07:30:00.000,4684.185,4684.185,4682.765,4682.855,32820,0.0
20260424 07:31:00.000,4682.855,4683.815,4682.485,4683.575,24420,0.0
20260424 07:32:00.000,4683.675,4683.945,4682.155,4682.825,27900,0.0
20260424 07:33:00.000,4682.795,4683.205,4682.235,4682.485,20880,0.0
20260424 07:34:00.000,4682.475,4683.985,4682.335,4683.925,20640,0.0
20260424 07:35:00.000,4683.925,4685.475,4683.165,4685.305,27180,0.0
20260424 07:36:00.000,4685.305,4685.635,4684.435,4684.855,28920,0.0
20260424 07:37:00.000,4684.815,4685.045,4684.385,4684.655,27660,0.0
20260424 07:38:00.000,4684.795,4685.005,4684.045,4684.735,16740,0.0
20260424 07:39:00.000,4684.865,4685.125,4683.295,4683.295,20040,0.0
20260424 07:40:00.000,4683.245,4684.275,4682.765,4684.275,26700,0.0
20260424 07:41:00.000,4684.515,4685.235,4683.765,4683.815,27000,0.0
20260424 07:42:00.000,4683.805,4684.655,4683.805,4684.325,20340,0.0
20260424 07:43:00.000,4684.315,4685.195,4684.135,4685.125,26430,0.0
20260424 07:44:00.000,4685.125,4686.065,4685.005,4685.435,24240,0.0
20260424 07:45:00.000,4685.415,4688.675,4685.135,4688.375,38490,0.0
20260424 07:46:00.000,4688.395,4690.675,4688.355,4689.415,45840,0.0
20260424 07:47:00.000,4689.415,4690.295,4688.945,4689.435,30920,0.0
20260424 07:48:00.000,4689.415,4690.105,4689.295,4690.105,27190,0.0
20260424 07:49:00.000,4690.095,4691.805,4689.565,4690.745,33990,0.0
20260424 07:50:00.000,4690.745,4692.395,4690.225,4691.615,27720,0.0
20260424 07:51:00.000,4691.735,4692.275,4690.505,4692.255,30360,0.0
20260424 07:52:00.000,4692.255,4692.605,4691.555,4691.905,28770,0.0
20260424 07:53:00.000,4691.925,4691.925,4690.475,4691.065,23730,0.0
20260424 07:54:00.000,4691.065,4691.175,4690.505,4690.535,21030,0.0
20260424 07:55:00.000,4690.535,4690.895,4689.875,4690.815,26850,0.0
20260424 07:56:00.000,4690.795,4691.455,4690.035,4690.035,25020,0.0
20260424 07:57:00.000,4690.115,4691.175,4689.905,4690.905,26910,0.0
20260424 07:58:00.000,4690.875,4694.685,4690.845,4694.495,32219,0.0
20260424 07:59:00.000,4694.455,4694.995,4694.005,4694.285,24960,0.0
20260424 08:00:00.000,4694.245,4694.415,4689.715,4690.425,38880,0.0
20260424 08:01:00.000,4690.345,4690.665,4687.038,4687.745,42300,0.0
20260424 08:02:00.000,4687.765,4689.235,4687.765,4688.385,36360,0.0
20260424 08:03:00.000,4688.425,4690.345,4688.095,4688.125,39060,0.0
20260424 08:04:00.000,4688.135,4688.355,4686.335,4688.265,49140,0.0
20260424 08:05:00.000,4688.265,4689.805,4687.715,4688.415,33120,0.0
20260424 08:06:00.000,4688.575,4688.605,4686.265,4688.385,44310,0.0
20260424 08:07:00.000,4688.365,4688.705,4687.005,4688.375,34440,0.0
20260424 08:08:00.000,4688.345,4688.955,4687.405,4687.725,44820,0.0
20260424 08:09:00.000,4687.805,4688.115,4687.105,4687.985,31140,0.0
20260424 08:10:00.000,4687.955,4689.565,4687.355,4689.545,34740,0.0
20260424 08:11:00.000,4689.325,4689.895,4688.165,4688.385,37980,0.0
20260424 08:12:00.000,4688.405,4689.075,4687.605,4687.825,40290,0.0
20260424 08:13:00.000,4687.835,4687.975,4686.605,4687.135,27840,0.0
20260424 08:14:00.000,4687.085,4687.635,4686.935,4687.275,25200,0.0
20260424 08:15:00.000,4687.375,4690.725,4687.335,4690.325,54270,0.0
20260424 08:16:00.000,4690.325,4692.285,4689.635,4689.635,46230,0.0
20260424 08:17:00.000,4689.695,4691.685,4689.255,4690.755,39540,0.0
20260424 08:18:00.000,4690.815,4692.735,4690.085,4692.465,43170,0.0
20260424 08:19:00.000,4692.485,4694.105,4692.375,4693.005,43650,0.0
20260424 08:20:00.000,4692.985,4695.315,4692.365,4695.215,38700,0.0
20260424 08:21:00.000,4695.225,4697.315,4694.025,4694.125,48300,0.0
20260424 08:22:00.000,4694.095,4694.415,4691.685,4691.855,36840,0.0
20260424 08:23:00.000,4691.825,4692.805,4691.775,4692.665,31860,0.0
20260424 08:24:00.000,4692.665,4693.695,4691.985,4692.015,31259,0.0
20260424 08:25:00.000,4691.995,4692.025,4690.465,4690.665,33420,0.0
20260424 08:26:00.000,4690.665,4691.435,4690.215,4691.035,27840,0.0
20260424 08:27:00.000,4690.975,4690.975,4689.305,4689.455,29160,0.0
20260424 08:28:00.000,4689.455,4689.505,4686.525,4686.965,46200,0.0
20260424 08:29:00.000,4687.085,4688.325,4687.015,4687.715,40290,0.0
20260424 08:30:00.000,4687.715,4687.715,4686.695,4687.325,28560,0.0
20260424 08:31:00.000,4687.425,4687.425,4685.645,4686.445,31440,0.0
20260424 08:32:00.000,4686.465,4687.395,4686.115,4687.195,25200,0.0
20260424 08:33:00.000,4687.225,4688.365,4686.025,4686.835,36420,0.0
20260424 08:34:00.000,4686.835,4687.175,4685.765,4685.975,27540,0.0
20260424 08:35:00.000,4686.005,4686.615,4685.465,4685.745,24180,0.0
20260424 08:36:00.000,4685.715,4686.205,4684.925,4685.605,32219,0.0
20260424 08:37:00.000,4685.605,4687.425,4685.285,4687.345,26940,0.0
20260424 08:38:00.000,4687.325,4688.785,4687.065,4688.735,35940,0.0
20260424 08:39:00.000,4688.635,4689.005,4687.695,4688.145,31259,0.0
20260424 08:40:00.000,4688.175,4689.795,4688.175,4689.275,25860,0.0
20260424 08:41:00.000,4689.275,4690.015,4688.965,4689.615,24900,0.0
20260424 08:42:00.000,4689.625,4689.625,4687.825,4688.935,27660,0.0
20260424 08:43:00.000,4689.205,4689.205,4687.655,4688.065,25320,0.0
20260424 08:44:00.000,4688.065,4688.245,4687.285,4687.955,24720,0.0
20260424 08:45:00.000,4687.905,4690.395,4687.575,4690.395,27060,0.0
20260424 08:46:00.000,4690.385,4691.225,4689.645,4689.925,31140,0.0
20260424 08:47:00.000,4689.885,4690.935,4689.175,4690.565,24360,0.0
20260424 08:48:00.000,4690.575,4692.775,4689.955,4691.625,34740,0.0
20260424 08:49:00.000,4691.625,4692.375,4691.295,4691.745,34740,0.0
20260424 08:50:00.000,4691.805,4691.805,4690.715,4690.805,28860,0.0
20260424 08:51:00.000,4690.855,4691.695,4690.855,4691.135,19740,0.0
20260424 08:52:00.000,4691.135,4691.135,4689.425,4689.605,23700,0.0
20260424 08:53:00.000,4689.625,4690.435,4689.415,4690.245,23280,0.0
20260424 08:54:00.000,4690.245,4690.735,4689.575,4690.185,19980,0.0
20260424 08:55:00.000,4690.095,4690.135,4689.045,4689.385,21120,0.0
20260424 08:56:00.000,4689.385,4690.285,4689.025,4689.515,22200,0.0
20260424 08:57:00.000,4689.545,4689.545,4688.625,4688.935,22440,0.0
20260424 08:58:00.000,4688.935,4690.385,4688.925,4689.795,20220,0.0
20260424 08:59:00.000,4689.775,4691.025,4689.365,4690.615,26760,0.0
20260424 09:00:00.000,4690.635,4692.905,4690.625,4692.085,35820,0.0
20260424 09:01:00.000,4692.015,4692.285,4690.015,4690.435,33600,0.0
20260424 09:02:00.000,4690.425,4691.715,4689.455,4690.675,43560,0.0
20260424 09:03:00.000,4690.715,4692.715,4689.425,4692.425,33000,0.0
20260424 09:04:00.000,4692.425,4692.575,4690.565,4691.515,31200,0.0
20260424 09:05:00.000,4691.505,4692.495,4690.625,4692.385,26160,0.0
20260424 09:06:00.000,4692.405,4694.005,4692.315,4693.645,27600,0.0
20260424 09:07:00.000,4693.625,4693.685,4691.155,4691.385,29940,0.0
20260424 09:08:00.000,4691.355,4692.105,4690.285,4690.595,27960,0.0
20260424 09:09:00.000,4690.625,4691.498,4690.625,4691.085,23610,0.0
20260424 09:10:00.000,4691.085,4691.965,4690.765,4691.605,26790,0.0
20260424 09:11:00.000,4691.765,4692.695,4691.555,4692.205,24420,0.0
20260424 09:12:00.000,4692.175,4693.685,4691.575,4693.405,31020,0.0
20260424 09:13:00.000,4693.405,4695.235,4692.745,4694.695,29280,0.0
20260424 09:14:00.000,4694.695,4695.135,4694.325,4695.135,25740,0.0
20260424 09:15:00.000,4695.065,4696.535,4694.865,4696.535,35160,0.0
20260424 09:16:00.000,4696.515,4696.525,4694.655,4694.735,32400,0.0
20260424 09:17:00.000,4694.725,4695.995,4694.535,4695.155,33120,0.0
20260424 09:18:00.000,4695.155,4695.285,4692.625,4693.295,37380,0.0
20260424 09:19:00.000,4693.465,4694.845,4693.055,4694.475,30840,0.0
20260424 09:20:00.000,4694.525,4694.665,4692.335,4692.645,31080,0.0
20260424 09:21:00.000,4692.705,4693.005,4691.315,4691.505,27420,0.0
20260424 09:22:00.000,4691.415,4691.435,4688.115,4690.885,46630,0.0
20260424 09:23:00.000,4690.905,4693.155,4688.375,4688.685,57390,0.0
20260424 09:24:00.000,4688.685,4688.808,4685.995,4686.255,24330,0.0
20260424 09:25:00.000,4686.175,4686.375,4682.015,4684.905,51030,0.0
20260424 09:26:00.000,4684.905,4687.485,4684.785,4685.425,46920,0.0
20260424 09:27:00.000,4685.405,4685.645,4684.018,4685.375,34800,0.0
20260424 09:28:00.000,4685.375,4685.375,4683.015,4684.015,41850,0.0
20260424 09:29:00.000,4684.015,4684.305,4682.215,4683.095,34220,0.0
20260424 09:30:00.000,4683.105,4684.505,4681.505,4681.835,36900,0.0
20260424 09:31:00.000,4681.835,4682.085,4680.345,4680.385,27660,0.0
20260424 09:32:00.000,4680.375,4681.875,4680.085,4681.325,43080,0.0
20260424 09:33:00.000,4681.355,4681.475,4679.235,4679.965,35520,0.0
20260424 09:34:00.000,4680.065,4683.555,4679.885,4682.705,32400,0.0
20260424 09:35:00.000,4682.695,4683.075,4681.825,4681.905,29880,0.0
20260424 09:36:00.000,4681.885,4682.225,4680.845,4681.755,29280,0.0
20260424 09:37:00.000,4681.615,4683.405,4681.205,4683.205,32219,0.0
20260424 09:38:00.000,4683.295,4683.905,4683.075,4683.505,26400,0.0
20260424 09:39:00.000,4683.405,4683.665,4682.425,4682.695,22860,0.0
20260424 09:40:00.000,4682.645,4682.785,4682.135,4682.555,26940,0.0
20260424 09:41:00.000,4682.545,4683.705,4682.075,4683.605,37020,0.0
20260424 09:42:00.000,4683.685,4688.265,4683.435,4688.265,36120,0.0
20260424 09:43:00.000,4688.285,4688.395,4684.925,4685.665,38460,0.0
20260424 09:44:00.000,4685.665,4685.815,4684.305,4685.785,28200,0.0
20260424 09:45:00.000,4685.815,4686.675,4685.505,4685.775,20820,0.0
20260424 09:46:00.000,4685.865,4686.095,4684.285,4685.315,24180,0.0
20260424 09:47:00.000,4685.265,4685.565,4684.885,4685.025,15000,0.0
20260424 09:48:00.000,4684.995,4684.995,4684.355,4684.645,20520,0.0
20260424 09:49:00.000,4684.645,4685.225,4684.585,4684.945,19980,0.0
20260424 09:50:00.000,4684.985,4685.005,4681.765,4683.165,42390,0.0
20260424 09:51:00.000,4683.205,4684.495,4683.085,4683.615,28560,0.0
20260424 09:52:00.000,4683.605,4684.425,4682.285,4682.395,23400,0.0
20260424 09:53:00.000,4682.375,4682.375,4680.245,4680.245,28740,0.0
20260424 09:54:00.000,4680.325,4682.285,4679.115,4682.005,34050,0.0
20260424 09:55:00.000,4681.975,4684.115,4681.395,4683.685,25680,0.0
20260424 09:56:00.000,4683.665,4684.005,4681.915,4683.055,26730,0.0
20260424 09:57:00.000,4683.155,4683.325,4680.005,4680.005,36240,0.0
20260424 09:58:00.000,4680.035,4680.945,4679.775,4680.795,30000,0.0
20260424 09:59:00.000,4680.765,4682.665,4680.735,4681.815,27990,0.0
20260424 10:00:00.000,4681.805,4684.505,4681.355,4683.815,38370,0.0
20260424 10:01:00.000,4683.765,4684.095,4682.515,4682.595,32699,0.0
20260424 10:02:00.000,4682.575,4682.745,4681.885,4682.605,26280,0.0
20260424 10:03:00.000,4682.615,4684.145,4682.515,4683.565,25800,0.0
20260424 10:04:00.000,4683.605,4684.255,4683.035,4683.675,25560,0.0
20260424 10:05:00.000,4683.635,4684.035,4680.695,4681.465,37440,0.0
20260424 10:06:00.000,4681.495,4684.055,4681.475,4683.985,23460,0.0
20260424 10:07:00.000,4683.985,4684.565,4683.495,4684.225,25560,0.0
20260424 10:08:00.000,4684.195,4684.255,4683.055,4683.095,20160,0.0
20260424 10:09:00.000,4683.125,4683.835,4683.035,4683.385,13800,0.0
20260424 10:10:00.000,4683.405,4683.495,4682.505,4682.845,20400,0.0
20260424 10:11:00.000,4682.655,4683.045,4682.415,4682.845,16860,0.0
20260424 10:12:00.000,4682.885,4683.095,4681.865,4682.015,26460,0.0
20260424 10:13:00.000,4682.015,4682.655,4681.055,4681.255,21360,0.0
20260424 10:14:00.000,4681.125,4682.325,4681.075,4682.185,24480,0.0
20260424 10:15:00.000,4682.125,4683.025,4681.315,4682.265,24300,0.0
20260424 10:16:00.000,4682.215,4682.495,4681.995,4682.225,21540,0.0
20260424 10:17:00.000,4682.245,4682.685,4681.555,4681.995,25380,0.0
20260424 10:18:00.000,4681.975,4683.575,4681.975,4682.725,25800,0.0
20260424 10:19:00.000,4682.565,4682.915,4682.325,4682.885,13800,0.0
20260424 10:20:00.000,4682.865,4683.905,4682.505,4683.565,21120,0.0
20260424 10:21:00.000,4683.595,4684.385,4683.235,4683.285,25680,0.0
20260424 10:22:00.000,4683.335,4683.335,4680.745,4681.945,31259,0.0
20260424 10:23:00.000,4681.915,4681.955,4680.255,4680.755,28680,0.0
20260424 10:24:00.000,4680.785,4684.065,4680.215,4683.515,29580,0.0
20260424 10:25:00.000,4683.475,4685.935,4682.985,4685.015,21960,0.0
20260424 10:26:00.000,4685.015,4685.775,4684.515,4684.735,27240,0.0
20260424 10:27:00.000,4684.765,4686.075,4684.565,4685.155,27660,0.0
20260424 10:28:00.000,4685.155,4685.765,4684.355,4685.035,29340,0.0
20260424 10:29:00.000,4685.025,4685.055,4682.085,4682.085,31680,0.0
20260424 10:30:00.000,4682.085,4682.255,4680.065,4680.495,30180,0.0
20260424 10:31:00.000,4680.455,4681.005,4677.955,4677.965,38520,0.0
20260424 10:32:00.000,4677.965,4678.535,4676.335,4676.735,36900,0.0
20260424 10:33:00.000,4676.735,4677.125,4675.485,4676.025,34200,0.0
20260424 10:34:00.000,4676.025,4676.825,4675.055,4675.195,30240,0.0
20260424 10:35:00.000,4675.165,4676.805,4674.455,4676.455,33840,0.0
20260424 10:36:00.000,4676.575,4678.535,4676.065,4676.775,31140,0.0
20260424 10:37:00.000,4676.815,4678.155,4676.815,4677.975,27660,0.0
20260424 10:38:00.000,4677.975,4678.695,4677.565,4677.695,20040,0.0
20260424 10:39:00.000,4677.665,4677.875,4676.635,4677.205,22440,0.0
20260424 10:40:00.000,4677.235,4679.075,4676.915,4678.395,24510,0.0
20260424 10:41:00.000,4678.695,4679.165,4678.225,4678.905,23760,0.0
20260424 10:42:00.000,4678.875,4680.815,4678.605,4680.775,24540,0.0
20260424 10:43:00.000,4680.775,4680.815,4679.815,4680.015,23640,0.0
20260424 10:44:00.000,4679.915,4680.065,4678.855,4678.855,23040,0.0
20260424 10:45:00.000,4678.975,4679.135,4677.535,4678.155,26610,0.0
20260424 10:46:00.000,4678.225,4679.665,4678.115,4678.845,28200,0.0
20260424 10:47:00.000,4678.825,4679.315,4677.655,4677.845,19320,0.0
20260424 10:48:00.000,4677.825,4678.815,4677.545,4678.735,19080,0.0
20260424 10:49:00.000,4678.755,4679.525,4678.455,4679.435,16620,0.0
20260424 10:50:00.000,4679.415,4680.535,4679.415,4680.215,23820,0.0
20260424 10:51:00.000,4680.255,4680.305,4679.105,4679.265,17820,0.0
20260424 10:52:00.000,4679.225,4679.335,4678.785,4678.845,20580,0.0
20260424 10:53:00.000,4678.845,4678.845,4677.105,4677.105,20940,0.0
20260424 10:54:00.000,4677.085,4677.205,4676.435,4677.065,18900,0.0
20260424 10:55:00.000,4677.065,4677.655,4676.665,4677.045,26340,0.0
20260424 10:56:00.000,4677.025,4678.485,4676.815,4678.375,25980,0.0
20260424 10:57:00.000,4678.395,4680.185,4678.355,4679.015,24120,0.0
20260424 10:58:00.000,4678.965,4679.515,4678.715,4679.495,21480,0.0
20260424 10:59:00.000,4679.535,4679.555,4677.265,4677.625,25620,0.0
20260424 11:00:00.000,4677.565,4681.505,4677.565,4681.385,49440,0.0
20260424 11:01:00.000,4681.485,4683.905,4680.175,4683.615,48000,0.0
20260424 11:02:00.000,4683.615,4684.045,4681.545,4681.655,41340,0.0
20260424 11:03:00.000,4681.735,4682.785,4681.085,4682.475,29400,0.0
20260424 11:04:00.000,4682.515,4690.725,4681.595,4689.325,42000,0.0
20260424 11:05:00.000,4689.355,4696.035,4687.355,4687.645,87960,0.0
20260424 11:06:00.000,4687.645,4692.435,4687.075,4691.205,77370,0.0
20260424 11:07:00.000,4691.245,4702.795,4689.875,4702.025,86070,0.0
20260424 11:08:00.000,4702.535,4703.075,4694.175,4694.625,80670,0.0
20260424 11:09:00.000,4694.495,4700.525,4692.735,4695.805,78060,0.0
20260424 11:10:00.000,4695.855,4699.045,4695.305,4698.655,71250,0.0
20260424 11:11:00.000,4698.745,4701.415,4696.735,4698.405,72060,0.0
20260424 11:12:00.000,4698.685,4701.745,4697.565,4697.565,73140,0.0
20260424 11:13:00.000,4697.635,4698.805,4695.685,4696.765,63960,0.0
20260424 11:14:00.000,4696.815,4698.975,4696.245,4696.965,50940,0.0
20260424 11:15:00.000,4696.965,4700.295,4695.715,4699.125,68740,0.0
20260424 11:16:00.000,4699.065,4700.305,4695.005,4695.715,63390,0.0
20260424 11:17:00.000,4695.685,4698.595,4694.355,4694.675,53800,0.0
20260424 11:18:00.000,4694.625,4694.625,4692.265,4694.045,44350,0.0
20260424 11:19:00.000,4694.065,4695.825,4693.095,4695.025,43710,0.0
20260424 11:20:00.000,4694.935,4695.815,4693.165,4693.405,43830,0.0
20260424 11:21:00.000,4693.445,4702.435,4692.455,4699.595,61230,0.0
20260424 11:22:00.000,4699.555,4706.165,4697.535,4704.415,82890,0.0
20260424 11:23:00.000,4703.878,4708.488,4703.085,4707.375,77040,0.0
20260424 11:24:00.000,4707.375,4711.565,4705.755,4709.045,76020,0.0
20260424 11:25:00.000,4709.435,4712.385,4706.425,4707.345,74880,0.0
20260424 11:26:00.000,4707.215,4712.905,4706.715,4712.825,74240,0.0
20260424 11:27:00.000,4712.845,4715.085,4711.925,4715.025,71440,0.0
20260424 11:28:00.000,4715.045,4716.945,4713.565,4713.845,52950,0.0
20260424 11:29:00.000,4713.665,4715.265,4711.035,4715.205,78580,0.0
20260424 11:30:00.000,4715.225,4716.835,4710.535,4710.665,69710,0.0
20260424 11:31:00.000,4710.685,4715.865,4710.025,4715.395,70590,0.0
20260424 11:32:00.000,4715.435,4717.195,4712.255,4712.255,64350,0.0
20260424 11:33:00.000,4712.285,4712.975,4711.245,4712.515,51930,0.0
20260424 11:34:00.000,4712.515,4715.545,4711.295,4712.935,59700,0.0
20260424 11:35:00.000,4712.735,4713.065,4708.445,4710.325,51060,0.0
20260424 11:36:00.000,4710.215,4710.805,4707.915,4707.915,54720,0.0
20260424 11:37:00.000,4707.955,4708.975,4705.935,4707.435,54480,0.0
20260424 11:38:00.000,4707.415,4707.665,4706.205,4706.925,42540,0.0
20260424 11:39:00.000,4706.925,4708.265,4706.675,4706.965,43110,0.0
20260424 11:40:00.000,4706.985,4708.475,4706.035,4707.975,51390,0.0
20260424 11:41:00.000,4707.985,4709.575,4706.585,4708.315,48570,0.0
20260424 11:42:00.000,4708.375,4708.565,4706.925,4707.115,32760,0.0
20260424 11:43:00.000,4707.065,4708.045,4706.675,4707.625,31080,0.0
20260424 11:44:00.000,4707.605,4707.655,4704.975,4705.255,36360,0.0
20260424 11:45:00.000,4705.135,4705.525,4703.945,4704.155,46740,0.0
20260424 11:46:00.000,4704.125,4704.875,4703.665,4704.245,47160,0.0
20260424 11:47:00.000,4704.145,4704.505,4702.725,4703.445,38520,0.0
20260424 11:48:00.000,4703.465,4705.705,4703.465,4704.255,38040,0.0
20260424 11:49:00.000,4704.235,4704.785,4703.385,4704.215,34140,0.0
20260424 11:50:00.000,4704.255,4706.085,4703.005,4705.505,31680,0.0
20260424 11:51:00.000,4705.505,4707.025,4704.925,4706.505,38910,0.0
20260424 11:52:00.000,4706.385,4707.115,4705.485,4705.605,28380,0.0
20260424 11:53:00.000,4705.615,4706.885,4703.885,4706.305,34860,0.0
20260424 11:54:00.000,4706.325,4706.965,4705.905,4706.295,30300,0.0
20260424 11:55:00.000,4706.255,4706.255,4704.995,4705.505,33900,0.0
20260424 11:56:00.000,4705.565,4706.435,4705.545,4706.215,26100,0.0
20260424 11:57:00.000,4706.225,4707.135,4705.435,4706.755,40800,0.0
20260424 11:58:00.000,4706.775,4708.085,4706.578,4707.735,40560,0.0
20260424 11:59:00.000,4707.755,4707.835,4706.045,4706.685,29520,0.0
20260424 12:00:00.000,4706.705,4709.785,4706.545,4708.175,65640,0.0
20260424 12:01:00.000,4708.185,4708.225,4704.865,4706.875,64560,0.0
20260424 12:02:00.000,4706.945,4707.985,4705.475,4707.785,46740,0.0
20260424 12:03:00.000,4707.815,4708.715,4706.185,4707.995,46140,0.0
20260424 12:04:00.000,4707.865,4709.115,4705.085,4707.075,56950,0.0
20260424 12:05:00.000,4707.075,4707.695,4705.715,4705.925,46740,0.0
20260424 12:06:00.000,4706.125,4706.435,4703.195,4703.715,44340,0.0
20260424 12:07:00.000,4703.705,4704.785,4703.335,4704.485,48420,0.0
20260424 12:08:00.000,4704.565,4706.675,4704.345,4705.015,48720,0.0
20260424 12:09:00.000,4705.035,4705.795,4704.415,4705.325,39540,0.0
20260424 12:10:00.000,4705.395,4708.455,4705.155,4707.805,40620,0.0
20260424 12:11:00.000,4707.845,4708.155,4706.185,4706.865,35700,0.0
20260424 12:12:00.000,4706.815,4707.925,4706.415,4707.635,29340,0.0
20260424 12:13:00.000,4707.625,4710.205,4707.305,4709.205,50010,0.0
20260424 12:14:00.000,4709.175,4709.185,4708.025,4708.495,45180,0.0
20260424 12:15:00.000,4708.535,4709.745,4706.895,4709.055,45000,0.0
20260424 12:16:00.000,4709.055,4709.705,4708.735,4709.245,29280,0.0
20260424 12:17:00.000,4709.275,4711.625,4709.225,4711.245,41880,0.0
20260424 12:18:00.000,4711.165,4711.565,4708.885,4709.025,40020,0.0
20260424 12:19:00.000,4708.995,4708.995,4701.335,4705.885,76460,0.0
20260424 12:20:00.000,4706.165,4708.695,4705.845,4707.015,64920,0.0
20260424 12:21:00.000,4707.005,4707.885,4704.265,4705.745,61440,0.0
20260424 12:22:00.000,4705.795,4707.045,4703.565,4704.935,65160,0.0
20260424 12:23:00.000,4704.905,4709.415,4704.735,4708.995,42360,0.0
20260424 12:24:00.000,4708.935,4711.405,4708.115,4708.945,52860,0.0
20260424 12:25:00.000,4708.785,4709.195,4707.375,4708.555,49260,0.0
20260424 12:26:00.000,4708.585,4709.585,4707.855,4709.535,49020,0.0
20260424 12:27:00.000,4709.515,4709.515,4707.075,4707.425,34200,0.0
20260424 12:28:00.000,4707.435,4708.785,4707.145,4708.685,31620,0.0
20260424 12:29:00.000,4708.685,4710.605,4708.685,4709.995,36060,0.0
20260424 12:30:00.000,4709.975,4711.455,4708.545,4710.045,43020,0.0
20260424 12:31:00.000,4710.075,4710.735,4707.165,4707.245,39840,0.0
20260424 12:32:00.000,4707.225,4708.455,4706.785,4707.995,39900,0.0
20260424 12:33:00.000,4707.965,4709.385,4707.765,4708.315,38580,0.0
20260424 12:34:00.000,4708.255,4708.285,4705.635,4705.775,46330,0.0
20260424 12:35:00.000,4705.725,4706.745,4703.675,4706.655,50190,0.0
20260424 12:36:00.000,4706.705,4707.255,4704.255,4704.555,51060,0.0
20260424 12:37:00.000,4704.565,4706.665,4703.225,4706.265,64540,0.0
20260424 12:38:00.000,4706.275,4707.095,4705.185,4706.085,47820,0.0
20260424 12:39:00.000,4706.115,4706.585,4705.445,4705.625,44880,0.0
20260424 12:40:00.000,4705.715,4706.805,4705.015,4705.095,43200,0.0
20260424 12:41:00.000,4705.125,4705.225,4703.585,4704.125,36240,0.0
20260424 12:42:00.000,4704.075,4705.315,4701.545,4701.715,58680,0.0
20260424 12:43:00.000,4701.775,4702.055,4699.265,4699.445,48480,0.0
20260424 12:44:00.000,4699.505,4700.555,4698.495,4698.605,48720,0.0
20260424 12:45:00.000,4698.635,4698.974,4697.295,4698.055,49350,0.0
20260424 12:46:00.000,4698.055,4699.245,4696.525,4697.195,42420,0.0
20260424 12:47:00.000,4697.305,4698.175,4696.235,4696.375,38700,0.0
20260424 12:48:00.000,4696.375,4696.565,4695.035,4695.415,46560,0.0
20260424 12:49:00.000,4695.395,4695.615,4690.155,4692.135,72400,0.0
20260424 12:50:00.000,4692.125,4694.565,4690.255,4694.565,71610,0.0
20260424 12:51:00.000,4694.585,4695.225,4693.165,4694.345,54900,0.0
20260424 12:52:00.000,4694.365,4694.545,4692.225,4692.955,49990,0.0
20260424 12:53:00.000,4692.955,4693.945,4692.575,4692.605,46980,0.0
20260424 12:54:00.000,4692.575,4693.855,4691.775,4693.375,57550,0.0
20260424 12:55:00.000,4693.495,4694.945,4693.365,4693.915,55800,0.0
20260424 12:56:00.000,4693.805,4695.645,4693.365,4695.415,36360,0.0
20260424 12:57:00.000,4695.415,4698.435,4695.395,4697.955,49590,0.0
20260424 12:58:00.000,4697.975,4700.735,4697.955,4700.205,49080,0.0
20260424 12:59:00.000,4700.175,4700.915,4699.675,4700.555,50340,0.0
20260424 13:00:00.000,4700.765,4701.795,4698.105,4700.255,76800,0.0
20260424 13:01:00.000,4700.285,4702.945,4700.145,4701.265,64170,0.0
20260424 13:02:00.000,4701.265,4702.375,4698.845,4699.245,66900,0.0
20260424 13:03:00.000,4699.215,4699.845,4697.465,4698.375,50220,0.0
20260424 13:04:00.000,4698.635,4698.745,4696.075,4697.625,54570,0.0
20260424 13:05:00.000,4697.515,4698.965,4695.945,4698.965,58560,0.0
20260424 13:06:00.000,4698.785,4701.605,4698.705,4701.525,51480,0.0
20260424 13:07:00.000,4701.525,4701.525,4698.975,4700.005,49260,0.0
20260424 13:08:00.000,4699.975,4702.705,4699.795,4702.705,42300,0.0
20260424 13:09:00.000,4702.685,4702.705,4699.295,4700.205,58680,0.0
20260424 13:10:00.000,4700.535,4701.075,4699.075,4700.485,47940,0.0
20260424 13:11:00.000,4700.485,4705.245,4700.005,4703.485,54240,0.0
20260424 13:12:00.000,4703.465,4705.045,4702.875,4703.585,66760,0.0
20260424 13:13:00.000,4703.745,4705.485,4703.575,4704.385,52950,0.0
20260424 13:14:00.000,4704.315,4704.385,4702.145,4702.825,46980,0.0
20260424 13:15:00.000,4702.795,4703.825,4702.285,4703.565,38100,0.0
20260424 13:16:00.000,4703.645,4705.045,4703.005,4703.985,42270,0.0
20260424 13:17:00.000,4703.985,4703.985,4700.995,4701.355,43410,0.0
20260424 13:18:00.000,4701.375,4701.675,4699.535,4699.905,53490,0.0
20260424 13:19:00.000,4700.005,4703.305,4700.005,4702.105,52620,0.0
20260424 13:20:00.000,4702.145,4704.125,4702.095,4702.885,51840,0.0
20260424 13:21:00.000,4702.895,4703.035,4698.465,4698.815,51060,0.0
20260424 13:22:00.000,4698.845,4699.135,4697.035,4697.425,63180,0.0
20260424 13:23:00.000,4697.235,4699.705,4696.995,4697.465,56370,0.0
20260424 13:24:00.000,4697.545,4698.385,4695.325,4695.985,57540,0.0
20260424 13:25:00.000,4696.015,4696.455,4694.075,4696.065,60930,0.0
20260424 13:26:00.000,4695.765,4697.175,4695.515,4696.485,54090,0.0
20260424 13:27:00.000,4696.515,4697.065,4694.005,4694.195,46960,0.0
20260424 13:28:00.000,4694.195,4696.265,4693.385,4696.055,55440,0.0
20260424 13:29:00.000,4696.065,4696.955,4695.215,4696.925,46530,0.0
20260424 13:30:00.000,4696.845,4699.535,4693.835,4694.465,96800,0.0
20260424 13:31:00.000,4694.438,4694.945,4690.945,4692.335,82500,0.0
20260424 13:32:00.000,4692.325,4692.565,4689.545,4691.175,83940,0.0
20260424 13:33:00.000,4691.195,4693.545,4689.985,4693.375,80010,0.0
20260424 13:34:00.000,4693.355,4695.135,4691.995,4692.015,99370,0.0
20260424 13:35:00.000,4692.025,4693.885,4691.425,4693.795,79470,0.0
20260424 13:36:00.000,4693.795,4696.245,4693.585,4694.255,72630,0.0
20260424 13:37:00.000,4694.265,4698.125,4693.335,4695.945,63960,0.0
20260424 13:38:00.000,4695.925,4699.535,4694.955,4699.535,58320,0.0
20260424 13:39:00.000,4699.625,4704.305,4698.915,4703.705,64920,0.0
20260424 13:40:00.000,4703.725,4707.545,4702.205,4706.905,69180,0.0
20260424 13:41:00.000,4707.005,4708.475,4704.965,4705.785,77430,0.0
20260424 13:42:00.000,4705.785,4707.275,4704.765,4706.775,73750,0.0
20260424 13:43:00.000,4706.775,4709.775,4705.305,4708.735,81930,0.0
20260424 13:44:00.000,4708.705,4708.795,4706.395,4708.105,75420,0.0
20260424 13:45:00.000,4708.285,4710.035,4706.845,4709.325,80100,0.0
20260424 13:46:00.000,4709.295,4710.305,4707.885,4709.265,78690,0.0
20260424 13:47:00.000,4709.365,4709.895,4706.005,4708.445,84750,0.0
20260424 13:48:00.000,4708.425,4717.185,4708.355,4713.095,82290,0.0
20260424 13:49:00.000,4713.175,4713.835,4709.615,4711.875,79920,0.0
20260424 13:50:00.000,4711.935,4712.475,4710.035,4710.115,78120,0.0
20260424 13:51:00.000,4710.215,4710.215,4706.305,4707.555,75360,0.0
20260424 13:52:00.000,4707.545,4709.485,4707.025,4707.935,77820,0.0
20260424 13:53:00.000,4707.995,4708.245,4706.645,4707.785,70140,0.0
20260424 13:54:00.000,4708.155,4708.335,4704.855,4705.955,74070,0.0
20260424 13:55:00.000,4706.005,4706.845,4704.485,4706.785,73800,0.0
20260424 13:56:00.000,4706.805,4707.565,4705.215,4706.785,65580,0.0
20260424 13:57:00.000,4706.765,4710.805,4706.665,4710.695,63539,0.0
20260424 13:58:00.000,4710.585,4712.575,4710.555,4712.235,56100,0.0
20260424 13:59:00.000,4712.235,4712.785,4710.525,4710.665,43680,0.0
20260424 14:00:00.000,4711.475,4712.685,4708.925,4710.845,74160,0.0
20260424 14:01:00.000,4710.845,4715.443,4708.995,4712.845,80910,0.0
20260424 14:02:00.000,4712.845,4713.025,4710.845,4710.995,79500,0.0
20260424 14:03:00.000,4710.995,4713.325,4710.815,4710.975,79860,0.0
20260424 14:04:00.000,4711.055,4713.965,4706.725,4712.945,96000,0.0
20260424 14:05:00.000,4712.965,4726.505,4712.675,4723.575,93820,0.0
20260424 14:06:00.000,4723.615,4724.068,4719.495,4722.065,157560,0.0
20260424 14:07:00.000,4722.055,4722.775,4717.715,4721.265,119430,0.0
20260424 14:08:00.000,4721.305,4726.885,4720.665,4724.745,91200,0.0
20260424 14:09:00.000,4724.745,4730.945,4724.695,4727.855,88330,0.0
20260424 14:10:00.000,4727.855,4728.435,4725.565,4725.745,89060,0.0
20260424 14:11:00.000,4725.615,4732.735,4725.395,4732.485,86920,0.0
20260424 14:12:00.000,4732.485,4738.318,4732.185,4736.755,89140,0.0
20260424 14:13:00.000,4736.765,4739.995,4733.795,4733.915,87610,0.0
20260424 14:14:00.000,4733.915,4735.925,4730.645,4731.425,85190,0.0
20260424 14:15:00.000,4731.285,4731.285,4726.735,4728.245,83470,0.0
20260424 14:16:00.000,4728.255,4733.535,4728.115,4732.405,78210,0.0
20260424 14:17:00.000,4732.455,4732.605,4730.285,4730.325,77400,0.0
20260424 14:18:00.000,4730.375,4730.945,4728.975,4729.655,78150,0.0
20260424 14:19:00.000,4729.635,4732.035,4729.395,4731.315,69480,0.0
20260424 14:20:00.000,4731.195,4733.875,4730.405,4731.285,72390,0.0
20260424 14:21:00.000,4731.325,4731.925,4726.535,4728.585,83580,0.0
20260424 14:22:00.000,4728.685,4730.105,4728.245,4730.105,75330,0.0
20260424 14:23:00.000,4730.145,4730.225,4727.815,4727.815,70410,0.0
20260424 14:24:00.000,4727.815,4728.685,4726.275,4728.085,74520,0.0
20260424 14:25:00.000,4728.085,4728.335,4724.995,4725.765,77460,0.0
20260424 14:26:00.000,4725.795,4726.415,4722.195,4723.665,79200,0.0
20260424 14:27:00.000,4723.635,4724.355,4721.315,4722.445,79650,0.0
20260424 14:28:00.000,4722.465,4726.965,4721.815,4726.325,79560,0.0
20260424 14:29:00.000,4726.325,4727.185,4724.755,4725.325,73830,0.0
20260424 14:30:00.000,4725.435,4726.415,4723.495,4724.785,76200,0.0
20260424 14:31:00.000,4724.765,4726.285,4723.985,4725.245,69900,0.0
20260424 14:32:00.000,4725.245,4729.365,4724.685,4728.155,73830,0.0
20260424 14:33:00.000,4728.215,4729.655,4727.445,4729.505,66720,0.0
20260424 14:34:00.000,4729.505,4731.485,4728.455,4728.675,74340,0.0
20260424 14:35:00.000,4728.695,4729.275,4727.345,4728.385,81930,0.0
20260424 14:36:00.000,4728.405,4729.495,4727.935,4728.125,76350,0.0
20260424 14:37:00.000,4727.995,4729.785,4726.445,4726.515,69000,0.0
20260424 14:38:00.000,4726.565,4731.935,4725.885,4730.875,79070,0.0
20260424 14:39:00.000,4730.915,4731.665,4729.045,4729.605,78180,0.0
20260424 14:40:00.000,4729.605,4731.265,4729.495,4729.705,68640,0.0
20260424 14:41:00.000,4729.725,4731.695,4727.835,4728.285,74400,0.0
20260424 14:42:00.000,4728.235,4729.755,4727.465,4728.945,77220,0.0
20260424 14:43:00.000,4728.945,4732.545,4728.945,4732.075,65520,0.0
20260424 14:44:00.000,4732.075,4732.735,4730.155,4730.235,66600,0.0
20260424 14:45:00.000,4730.235,4731.035,4727.495,4727.565,61410,0.0
20260424 14:46:00.000,4727.615,4731.015,4726.675,4730.465,70380,0.0
20260424 14:47:00.000,4730.485,4730.485,4727.835,4728.555,66660,0.0
20260424 14:48:00.000,4728.535,4729.545,4726.285,4726.585,62700,0.0
20260424 14:49:00.000,4726.585,4728.275,4725.105,4727.505,56670,0.0
20260424 14:50:00.000,4727.515,4729.185,4726.385,4726.385,56700,0.0
20260424 14:51:00.000,4726.385,4728.135,4724.595,4728.135,67620,0.0
20260424 14:52:00.000,4728.135,4728.915,4726.915,4727.605,58320,0.0
20260424 14:53:00.000,4727.575,4728.235,4726.765,4726.965,53550,0.0
20260424 14:54:00.000,4727.105,4727.255,4725.435,4725.565,54180,0.0
20260424 14:55:00.000,4725.625,4727.255,4724.105,4725.465,56220,0.0
20260424 14:56:00.000,4725.455,4725.515,4724.135,4724.405,51180,0.0
20260424 14:57:00.000,4724.415,4725.515,4723.865,4724.445,56760,0.0
20260424 14:58:00.000,4724.445,4725.715,4723.815,4724.635,52200,0.0
20260424 14:59:00.000,4724.695,4726.545,4724.315,4726.225,48120,0.0
20260424 15:00:00.000,4726.275,4726.685,4724.075,4724.795,58800,0.0
20260424 15:01:00.000,4724.745,4725.395,4723.795,4724.465,54780,0.0
20260424 15:02:00.000,4724.445,4725.025,4723.515,4724.975,58320,0.0
20260424 15:03:00.000,4725.185,4727.065,4723.675,4723.815,69870,0.0
20260424 15:04:00.000,4723.885,4724.185,4721.578,4721.985,59580,0.0
20260424 15:05:00.000,4721.978,4723.455,4721.215,4721.665,54330,0.0
20260424 15:06:00.000,4721.875,4722.245,4718.995,4719.245,63539,0.0
20260424 15:07:00.000,4719.265,4720.855,4718.755,4720.095,71520,0.0
20260424 15:08:00.000,4720.135,4722.535,4720.065,4721.245,60540,0.0
20260424 15:09:00.000,4721.185,4724.515,4721.115,4724.065,52560,0.0
20260424 15:10:00.000,4724.035,4725.085,4723.478,4723.605,50760,0.0
20260424 15:11:00.000,4723.575,4723.795,4722.638,4722.805,54000,0.0
20260424 15:12:00.000,4722.845,4724.885,4722.745,4724.055,53340,0.0
20260424 15:13:00.000,4724.075,4724.675,4721.335,4721.945,55230,0.0
20260424 15:14:00.000,4721.985,4722.025,4719.835,4721.795,51360,0.0
20260424 15:15:00.000,4721.605,4722.535,4720.175,4720.315,53490,0.0
20260424 15:16:00.000,4720.285,4721.365,4719.665,4721.015,52980,0.0
20260424 15:17:00.000,4721.035,4723.145,4720.605,4722.535,54480,0.0
20260424 15:18:00.000,4722.605,4722.605,4720.975,4721.585,48540,0.0
20260424 15:19:00.000,4721.605,4722.315,4720.795,4721.365,48180,0.0
20260424 15:20:00.000,4721.465,4723.305,4720.555,4723.115,50640,0.0
20260424 15:21:00.000,4723.305,4724.165,4723.305,4723.695,45240,0.0
20260424 15:22:00.000,4723.675,4726.245,4723.445,4725.875,49020,0.0
20260424 15:23:00.000,4725.895,4725.975,4724.495,4725.285,50880,0.0
20260424 15:24:00.000,4725.285,4725.455,4721.045,4721.395,53490,0.0
20260424 15:25:00.000,4721.415,4722.515,4719.025,4720.285,58360,0.0
20260424 15:26:00.000,4720.265,4720.285,4718.555,4718.615,59100,0.0
20260424 15:27:00.000,4718.565,4720.025,4718.475,4719.555,58800,0.0
20260424 15:28:00.000,4719.545,4722.515,4719.175,4721.215,55800,0.0
20260424 15:29:00.000,4721.285,4721.865,4720.718,4721.785,58680,0.0
20260424 15:30:00.000,4721.785,4723.995,4721.155,4723.245,59160,0.0
20260424 15:31:00.000,4723.235,4724.438,4723.175,4724.275,44100,0.0
20260424 15:32:00.000,4724.305,4724.635,4720.165,4720.385,55920,0.0
20260424 15:33:00.000,4720.375,4721.635,4720.215,4721.185,43680,0.0
20260424 15:34:00.000,4721.255,4721.805,4717.995,4718.205,47340,0.0
20260424 15:35:00.000,4718.175,4719.875,4718.045,4718.665,49740,0.0
20260424 15:36:00.000,4718.665,4719.785,4717.225,4718.135,64620,0.0
20260424 15:37:00.000,4718.155,4718.615,4717.418,4718.295,56040,0.0
20260424 15:38:00.000,4718.295,4719.975,4717.455,4719.395,55990,0.0
20260424 15:39:00.000,4719.385,4720.125,4717.858,4718.745,62700,0.0
20260424 15:40:00.000,4718.735,4719.655,4717.905,4718.625,48360,0.0
20260424 15:41:00.000,4718.685,4719.235,4717.515,4718.345,46440,0.0
20260424 15:42:00.000,4718.365,4718.825,4716.765,4716.975,46260,0.0
20260424 15:43:00.000,4717.205,4718.105,4716.105,4716.345,42120,0.0
20260424 15:44:00.000,4716.345,4729.335,4714.475,4727.555,70700,0.0
20260424 15:45:00.000,4727.635,4733.155,4726.845,4728.275,98510,0.0
20260424 15:46:00.000,4728.245,4732.266,4726.765,4728.205,97210,0.0
20260424 15:47:00.000,4728.175,4731.075,4726.415,4726.415,82530,0.0
20260424 15:48:00.000,4726.505,4728.755,4724.998,4725.065,86550,0.0
20260424 15:49:00.000,4725.065,4726.875,4723.835,4723.835,84270,0.0
20260424 15:50:00.000,4723.805,4730.465,4723.805,4729.055,86220,0.0
20260424 15:51:00.000,4729.025,4729.185,4724.025,4724.388,89310,0.0
20260424 15:52:00.000,4724.245,4728.445,4723.805,4727.535,83730,0.0
20260424 15:53:00.000,4727.575,4729.985,4727.245,4728.035,72540,0.0
20260424 15:54:00.000,4728.035,4729.525,4727.825,4729.145,61710,0.0
20260424 15:55:00.000,4729.205,4729.835,4727.955,4729.035,71760,0.0
20260424 15:56:00.000,4728.975,4729.295,4726.565,4727.655,69720,0.0
20260424 15:57:00.000,4727.655,4729.475,4726.605,4727.375,68520,0.0
20260424 15:58:00.000,4727.265,4728.175,4725.405,4725.785,68880,0.0
20260424 15:59:00.000,4725.785,4727.195,4725.205,4726.935,61200,0.0
20260424 16:00:00.000,4726.935,4729.565,4726.075,4728.545,65550,0.0
20260424 16:01:00.000,4728.425,4728.805,4725.655,4725.785,66660,0.0
20260424 16:02:00.000,4725.765,4727.535,4725.745,4727.095,62160,0.0
20260424 16:03:00.000,4727.115,4727.115,4723.705,4725.165,67500,0.0
20260424 16:04:00.000,4725.165,4726.725,4725.135,4725.585,51840,0.0
20260424 16:05:00.000,4725.585,4726.405,4724.405,4724.505,47760,0.0
20260424 16:06:00.000,4724.505,4726.315,4724.505,4724.715,49560,0.0
20260424 16:07:00.000,4724.715,4724.765,4721.965,4722.595,66870,0.0
20260424 16:08:00.000,4722.565,4723.335,4720.855,4721.625,60300,0.0
20260424 16:09:00.000,4721.655,4722.175,4720.435,4721.545,61380,0.0
20260424 16:10:00.000,4721.485,4723.095,4720.978,4721.625,57330,0.0
20260424 16:11:00.000,4721.625,4723.195,4720.755,4722.345,64710,0.0
20260424 16:12:00.000,4722.325,4723.655,4721.895,4722.035,55080,0.0
20260424 16:13:00.000,4722.095,4723.165,4721.295,4722.975,53040,0.0
20260424 16:14:00.000,4722.975,4722.975,4720.165,4720.455,53640,0.0
20260424 16:15:00.000,4720.385,4720.395,4718.965,4719.145,56730,0.0
20260424 16:16:00.000,4719.175,4720.505,4719.175,4719.785,42180,0.0
20260424 16:17:00.000,4719.865,4720.895,4719.645,4720.575,37440,0.0
20260424 16:18:00.000,4720.535,4720.825,4719.735,4720.165,37740,0.0
20260424 16:19:00.000,4720.215,4720.865,4719.635,4720.425,36540,0.0
20260424 16:20:00.000,4720.455,4722.735,4720.415,4722.635,36720,0.0
20260424 16:21:00.000,4722.655,4723.035,4722.385,4722.695,27600,0.0
20260424 16:22:00.000,4722.675,4722.675,4720.795,4721.935,44340,0.0
20260424 16:23:00.000,4721.965,4723.975,4721.435,4723.305,37560,0.0
20260424 16:24:00.000,4723.305,4724.415,4723.075,4723.885,42480,0.0
20260424 16:25:00.000,4723.915,4725.715,4723.715,4724.055,46680,0.0
20260424 16:26:00.000,4724.055,4725.235,4723.125,4725.095,39000,0.0
20260424 16:27:00.000,4725.195,4725.555,4724.105,4724.175,34860,0.0
20260424 16:28:00.000,4724.175,4724.905,4724.105,4724.875,32760,0.0
20260424 16:29:00.000,4724.875,4724.875,4722.315,4723.215,52990,0.0
20260424 16:30:00.000,4723.215,4726.555,4723.215,4725.455,56660,0.0
20260424 16:31:00.000,4725.485,4726.965,4724.795,4725.265,60000,0.0
20260424 16:32:00.000,4725.235,4725.235,4723.725,4723.965,50940,0.0
20260424 16:33:00.000,4724.085,4725.665,4723.675,4725.325,47040,0.0
20260424 16:34:00.000,4725.325,4726.285,4724.155,4725.615,43500,0.0
20260424 16:35:00.000,4725.615,4725.625,4723.545,4723.925,44530,0.0
20260424 16:36:00.000,4723.935,4724.445,4723.725,4724.195,36360,0.0
20260424 16:37:00.000,4724.195,4725.525,4724.175,4725.285,40020,0.0
20260424 16:38:00.000,4725.285,4725.285,4723.825,4724.125,39720,0.0
20260424 16:39:00.000,4724.095,4724.825,4723.665,4723.985,46200,0.0
20260424 16:40:00.000,4723.985,4724.025,4722.935,4723.485,43080,0.0
20260424 16:41:00.000,4723.485,4724.215,4722.775,4722.845,46080,0.0
20260424 16:42:00.000,4722.845,4722.895,4719.885,4719.905,58560,0.0
20260424 16:43:00.000,4719.965,4721.555,4719.065,4721.215,54780,0.0
20260424 16:44:00.000,4721.195,4722.885,4720.275,4722.375,43320,0.0
20260424 16:45:00.000,4722.355,4724.305,4722.335,4724.175,45120,0.0
20260424 16:46:00.000,4724.225,4724.455,4722.505,4723.135,41460,0.0
20260424 16:47:00.000,4723.195,4723.455,4721.675,4722.215,39210,0.0
20260424 16:48:00.000,4722.245,4723.115,4721.925,4721.955,36600,0.0
20260424 16:49:00.000,4721.885,4722.115,4720.185,4721.565,44460,0.0
20260424 16:50:00.000,4721.645,4723.205,4721.615,4722.035,43500,0.0
20260424 16:51:00.000,4722.085,4723.275,4721.845,4723.225,48780,0.0
20260424 16:52:00.000,4723.225,4724.105,4722.905,4723.135,54060,0.0
20260424 16:53:00.000,4723.195,4723.925,4722.775,4723.235,44400,0.0
20260424 16:54:00.000,4723.125,4724.665,4723.125,4724.105,40620,0.0
20260424 16:55:00.000,4724.255,4725.145,4723.895,4723.955,42660,0.0
20260424 16:56:00.000,4723.955,4724.305,4723.465,4723.685,41100,0.0
20260424 16:57:00.000,4723.685,4724.595,4723.345,4724.535,33130,0.0
20260424 16:58:00.000,4724.505,4727.005,4724.505,4726.565,52170,0.0
20260424 16:59:00.000,4726.645,4727.595,4726.285,4726.655,47580,0.0
20260424 17:00:00.000,4726.655,4728.605,4726.655,4726.835,48660,0.0
20260424 17:01:00.000,4727.075,4728.705,4726.975,4728.425,48860,0.0
20260424 17:02:00.000,4728.445,4729.795,4728.275,4728.635,47790,0.0
20260424 17:03:00.000,4728.675,4729.015,4727.335,4728.055,46940,0.0
20260424 17:04:00.000,4728.055,4730.065,4726.805,4728.035,55270,0.0
20260424 17:05:00.000,4727.965,4728.905,4727.315,4727.525,50570,0.0
20260424 17:06:00.000,4727.535,4727.655,4726.015,4727.498,44580,0.0
20260424 17:07:00.000,4727.455,4727.645,4725.435,4726.765,42180,0.0
20260424 17:08:00.000,4726.735,4727.665,4726.015,4726.875,42550,0.0
20260424 17:09:00.000,4726.865,4728.445,4726.615,4727.585,52200,0.0
20260424 17:10:00.000,4727.565,4727.575,4726.015,4726.905,47460,0.0
20260424 17:11:00.000,4727.105,4727.745,4726.515,4727.375,36000,0.0
20260424 17:12:00.000,4727.315,4727.505,4726.155,4727.175,37800,0.0
20260424 17:13:00.000,4727.255,4727.375,4726.065,4726.425,37980,0.0
20260424 17:14:00.000,4726.395,4727.985,4726.175,4727.735,33240,0.0
20260424 17:15:00.000,4727.495,4727.665,4726.475,4727.225,41040,0.0
20260424 17:16:00.000,4727.185,4727.875,4725.795,4727.745,43980,0.0
20260424 17:17:00.000,4727.745,4728.235,4726.835,4727.755,35580,0.0
20260424 17:18:00.000,4727.745,4728.315,4727.135,4727.645,25770,0.0
20260424 17:19:00.000,4727.645,4729.195,4727.195,4728.655,38160,0.0
20260424 17:20:00.000,4728.635,4728.835,4726.155,4726.155,40680,0.0
20260424 17:21:00.000,4726.115,4726.735,4724.495,4724.505,40260,0.0
20260424 17:22:00.000,4724.505,4724.815,4722.965,4723.115,39660,0.0
20260424 17:23:00.000,4723.115,4724.035,4722.845,4723.065,43380,0.0
20260424 17:24:00.000,4722.975,4726.605,4722.975,4726.515,69180,0.0
20260424 17:25:00.000,4726.595,4727.245,4725.975,4727.245,46560,0.0
20260424 17:26:00.000,4727.245,4727.735,4725.885,4725.955,37080,0.0
20260424 17:27:00.000,4725.985,4726.855,4725.695,4726.535,29040,0.0
20260424 17:28:00.000,4726.535,4726.665,4725.035,4725.575,38580,0.0
20260424 17:29:00.000,4725.655,4725.825,4722.055,4722.628,67800,0.0
20260424 17:30:00.000,4722.628,4723.285,4720.265,4721.225,60940,0.0
20260424 17:31:00.000,4721.185,4721.555,4719.345,4719.595,69600,0.0
20260424 17:32:00.000,4719.745,4720.335,4719.415,4720.035,57120,0.0
20260424 17:33:00.000,4720.035,4720.405,4719.465,4719.815,48420,0.0
20260424 17:34:00.000,4719.785,4720.965,4718.785,4720.795,51180,0.0
20260424 17:35:00.000,4720.745,4723.045,4720.495,4722.595,59280,0.0
20260424 17:36:00.000,4722.615,4725.055,4721.865,4724.345,43620,0.0
20260424 17:37:00.000,4724.415,4725.385,4723.485,4723.535,36840,0.0
20260424 17:38:00.000,4723.555,4723.635,4722.345,4722.725,32880,0.0
20260424 17:39:00.000,4722.715,4722.775,4720.778,4721.575,36300,0.0
20260424 17:40:00.000,4721.545,4722.615,4721.425,4722.025,39600,0.0
20260424 17:41:00.000,4721.995,4723.095,4721.465,4722.765,39000,0.0
20260424 17:42:00.000,4722.725,4722.725,4722.095,4722.155,30720,0.0
20260424 17:43:00.000,4722.125,4723.065,4722.095,4722.195,37260,0.0
20260424 17:44:00.000,4722.185,4722.655,4721.465,4722.395,31980,0.0
20260424 17:45:00.000,4722.395,4722.905,4722.035,4722.235,29880,0.0
20260424 17:46:00.000,4722.165,4723.025,4721.815,4722.305,26520,0.0
20260424 17:47:00.000,4722.215,4722.215,4721.535,4721.925,22390,0.0
20260424 17:48:00.000,4721.888,4722.015,4721.205,4721.855,24000,0.0
20260424 17:49:00.000,4721.795,4722.385,4721.595,4721.945,25980,0.0
20260424 17:50:00.000,4721.965,4722.435,4721.355,4721.415,22860,0.0
20260424 17:51:00.000,4721.425,4721.425,4720.405,4720.675,29820,0.0
20260424 17:52:00.000,4720.635,4722.345,4720.365,4722.335,26880,0.0
20260424 17:53:00.000,4722.335,4722.535,4721.585,4722.145,24000,0.0
20260424 17:54:00.000,4722.105,4727.695,4722.105,4724.695,55540,0.0
20260424 17:55:00.000,4724.805,4726.325,4723.975,4724.435,62280,0.0
20260424 17:56:00.000,4724.485,4725.295,4724.215,4724.465,40260,0.0
20260424 17:57:00.000,4724.445,4724.685,4723.545,4723.605,39060,0.0
20260424 17:58:00.000,4723.635,4723.985,4723.235,4723.625,38040,0.0
20260424 17:59:00.000,4723.555,4723.925,4723.055,4723.245,32100,0.0
20260424 18:00:00.000,4723.245,4723.805,4722.205,4723.075,42340,0.0
20260424 18:01:00.000,4723.055,4723.945,4722.545,4723.865,38040,0.0
20260424 18:02:00.000,4723.865,4724.585,4723.595,4723.705,33000,0.0
20260424 18:03:00.000,4723.725,4723.865,4722.545,4722.865,32159,0.0
20260424 18:04:00.000,4722.865,4723.675,4722.395,4722.425,36660,0.0
20260424 18:05:00.000,4722.455,4722.455,4719.735,4720.115,42000,0.0
20260424 18:06:00.000,4720.048,4721.305,4719.855,4721.035,39180,0.0
20260424 18:07:00.000,4721.025,4721.535,4720.755,4721.405,34140,0.0
20260424 18:08:00.000,4721.405,4722.655,4721.145,4721.705,31680,0.0
20260424 18:09:00.000,4721.675,4722.365,4721.525,4722.345,32940,0.0
20260424 18:10:00.000,4722.305,4723.155,4722.275,4722.915,27480,0.0
20260424 18:11:00.000,4722.905,4723.115,4722.265,4722.725,32820,0.0
20260424 18:12:00.000,4722.725,4723.475,4722.695,4723.135,34620,0.0
20260424 18:13:00.000,4723.095,4724.715,4723.095,4723.305,28240,0.0
20260424 18:14:00.000,4723.285,4723.645,4722.745,4723.615,21360,0.0
20260424 18:15:00.000,4723.565,4724.075,4723.475,4724.045,26340,0.0
20260424 18:16:00.000,4724.055,4724.175,4720.585,4721.145,32699,0.0
20260424 18:17:00.000,4721.205,4722.145,4720.895,4721.225,34680,0.0
20260424 18:18:00.000,4721.205,4721.935,4721.015,4721.535,41580,0.0
20260424 18:19:00.000,4721.635,4721.855,4721.135,4721.165,31560,0.0
20260424 18:20:00.000,4721.195,4721.535,4720.385,4721.095,37380,0.0
20260424 18:21:00.000,4721.115,4722.475,4720.675,4721.065,41550,0.0
20260424 18:22:00.000,4721.085,4721.805,4719.895,4719.935,35820,0.0
20260424 18:23:00.000,4719.955,4720.895,4719.495,4720.845,36360,0.0
20260424 18:24:00.000,4720.875,4721.215,4720.305,4720.945,34140,0.0
20260424 18:25:00.000,4720.955,4721.005,4719.745,4720.295,29940,0.0
20260424 18:26:00.000,4720.375,4720.495,4719.725,4720.165,23490,0.0
20260424 18:27:00.000,4720.165,4720.185,4718.035,4718.765,49880,0.0
20260424 18:28:00.000,4718.765,4718.765,4717.225,4717.425,46260,0.0
20260424 18:29:00.000,4717.425,4718.365,4716.805,4716.875,41700,0.0
20260424 18:30:00.000,4716.905,4717.595,4716.605,4717.015,42660,0.0
20260424 18:31:00.000,4717.015,4718.195,4716.905,4718.015,37140,0.0
20260424 18:32:00.000,4718.035,4720.265,4717.795,4719.645,38280,0.0
20260424 18:33:00.000,4719.645,4719.665,4718.635,4719.025,22500,0.0
20260424 18:34:00.000,4718.965,4719.865,4718.905,4719.545,30000,0.0
20260424 18:35:00.000,4719.525,4720.095,4719.215,4719.295,30300,0.0
20260424 18:36:00.000,4719.265,4719.455,4718.545,4719.165,35100,0.0
20260424 18:37:00.000,4719.205,4719.295,4718.425,4719.048,20040,0.0
20260424 18:38:00.000,4719.048,4720.335,4719.048,4720.025,27900,0.0
20260424 18:39:00.000,4720.025,4720.255,4719.325,4719.775,28920,0.0
20260424 18:40:00.000,4719.775,4720.278,4719.395,4720.175,23160,0.0
20260424 18:41:00.000,4720.195,4720.345,4719.885,4719.975,21540,0.0
20260424 18:42:00.000,4719.975,4720.005,4718.805,4718.835,14160,0.0
20260424 18:43:00.000,4718.835,4718.945,4717.865,4718.135,26940,0.0
20260424 18:44:00.000,4718.135,4718.765,4717.835,4718.715,29520,0.0
20260424 18:45:00.000,4718.645,4718.705,4717.635,4717.735,28260,0.0
20260424 18:46:00.000,4717.735,4718.165,4717.588,4718.155,24840,0.0
20260424 18:47:00.000,4718.105,4719.555,4717.755,4719.305,31739,0.0
20260424 18:48:00.000,4719.275,4719.345,4718.595,4718.835,25440,0.0
20260424 18:49:00.000,4718.865,4719.335,4718.355,4718.445,17580,0.0
20260424 18:50:00.000,4718.435,4719.345,4717.925,4719.175,39240,0.0
20260424 18:51:00.000,4719.188,4719.395,4718.495,4719.045,32219,0.0
20260424 18:52:00.000,4719.025,4720.895,4719.005,4720.385,36420,0.0
20260424 18:53:00.000,4720.385,4720.985,4720.115,4720.405,23640,0.0
20260424 18:54:00.000,4720.395,4720.585,4720.015,4720.095,27720,0.0
20260424 18:55:00.000,4720.095,4720.745,4719.575,4720.745,33360,0.0
20260424 18:56:00.000,4720.745,4721.455,4720.305,4721.345,26700,0.0
20260424 18:57:00.000,4721.218,4722.015,4721.125,4722.015,19140,0.0
20260424 18:58:00.000,4721.995,4723.075,4721.945,4723.075,24960,0.0
20260424 18:59:00.000,4722.955,4723.045,4722.255,4722.585,35220,0.0
20260424 19:00:00.000,4722.625,4723.265,4721.445,4721.735,39060,0.0
20260424 19:01:00.000,4721.745,4722.765,4721.745,4722.745,28920,0.0
20260424 19:02:00.000,4722.735,4725.415,4722.735,4725.285,35310,0.0
20260424 19:03:00.000,4725.425,4725.995,4723.275,4723.275,29940,0.0
20260424 19:04:00.000,4723.345,4724.265,4723.055,4723.425,28440,0.0
20260424 19:05:00.000,4723.395,4723.845,4722.605,4722.785,33660,0.0
20260424 19:06:00.000,4722.815,4723.105,4722.575,4722.955,18900,0.0
20260424 19:07:00.000,4722.975,4723.325,4722.525,4723.195,15480,0.0
20260424 19:08:00.000,4723.175,4723.995,4722.845,4723.145,29160,0.0
20260424 19:09:00.000,4723.155,4723.365,4721.985,4722.005,21900,0.0
20260424 19:10:00.000,4722.015,4722.175,4721.095,4721.585,27240,0.0
20260424 19:11:00.000,4721.565,4721.915,4720.845,4721.565,29550,0.0
20260424 19:12:00.000,4721.465,4721.945,4720.825,4721.945,22680,0.0
20260424 19:13:00.000,4721.785,4722.645,4721.205,4722.505,29760,0.0
20260424 19:14:00.000,4722.485,4722.545,4721.985,4722.245,25140,0.0
20260424 19:15:00.000,4722.155,4723.165,4722.065,4722.665,27900,0.0
20260424 19:16:00.000,4722.635,4722.635,4721.445,4722.155,28260,0.0
20260424 19:17:00.000,4722.155,4722.155,4721.025,4721.085,19080,0.0
20260424 19:18:00.000,4721.295,4721.365,4720.005,4720.485,30660,0.0
20260424 19:19:00.000,4720.445,4721.475,4720.285,4721.075,22260,0.0
20260424 19:20:00.000,4721.055,4721.055,4720.135,4720.335,21900,0.0
20260424 19:21:00.000,4720.335,4720.495,4719.585,4719.735,27000,0.0
20260424 19:22:00.000,4719.705,4719.825,4718.995,4719.425,26940,0.0
20260424 19:23:00.000,4719.415,4719.515,4717.725,4718.045,25860,0.0
20260424 19:24:00.000,4718.055,4718.055,4717.295,4717.745,21000,0.0
20260424 19:25:00.000,4717.695,4718.745,4717.445,4717.915,29220,0.0
20260424 19:26:00.000,4717.945,4718.505,4717.498,4717.775,28260,0.0
20260424 19:27:00.000,4717.775,4718.495,4717.368,4717.755,32460,0.0
20260424 19:28:00.000,4717.755,4718.525,4717.435,4718.165,30840,0.0
20260424 19:29:00.000,4718.175,4718.955,4718.135,4718.845,23940,0.0
20260424 19:30:00.000,4718.775,4719.465,4718.595,4718.955,33840,0.0
20260424 19:31:00.000,4719.015,4720.405,4718.965,4720.115,28860,0.0
20260424 19:32:00.000,4720.135,4720.455,4719.485,4719.505,28920,0.0
20260424 19:33:00.000,4719.505,4719.925,4719.275,4719.385,30420,0.0
20260424 19:34:00.000,4719.425,4719.455,4718.185,4718.265,19860,0.0
20260424 19:35:00.000,4718.265,4718.265,4717.155,4717.745,31500,0.0
20260424 19:36:00.000,4717.695,4718.355,4717.435,4717.745,34440,0.0
20260424 19:37:00.000,4717.675,4717.995,4717.535,4717.715,26340,0.0
20260424 19:38:00.000,4717.705,4717.855,4715.865,4716.205,25980,0.0
20260424 19:39:00.000,4716.185,4717.305,4715.995,4717.215,30660,0.0
20260424 19:40:00.000,4717.215,4717.485,4716.255,4717.105,34500,0.0
20260424 19:41:00.000,4717.065,4717.755,4716.025,4716.325,31140,0.0
20260424 19:42:00.000,4716.355,4716.535,4716.005,4716.155,26700,0.0
20260424 19:43:00.000,4716.135,4716.375,4715.835,4716.195,23700,0.0
20260424 19:44:00.000,4716.215,4716.635,4716.145,4716.525,24300,0.0
20260424 19:45:00.000,4716.495,4717.585,4715.695,4717.195,43080,0.0
20260424 19:46:00.000,4717.185,4717.605,4716.785,4717.055,32280,0.0
20260424 19:47:00.000,4717.095,4718.435,4716.715,4718.075,32280,0.0
20260424 19:48:00.000,4718.105,4718.115,4716.555,4716.575,34560,0.0
20260424 19:49:00.000,4716.555,4716.685,4715.605,4716.145,30360,0.0
20260424 19:50:00.000,4716.195,4717.235,4715.975,4716.345,53760,0.0
20260424 19:51:00.000,4716.345,4716.405,4715.678,4716.175,40620,0.0
20260424 19:52:00.000,4716.195,4717.085,4715.715,4715.995,37260,0.0
20260424 19:53:00.000,4716.045,4717.425,4715.555,4716.885,39420,0.0
20260424 19:54:00.000,4716.965,4717.025,4716.205,4716.615,41880,0.0
20260424 19:55:00.000,4716.595,4716.645,4714.995,4715.135,49410,0.0
20260424 19:56:00.000,4715.155,4715.155,4713.515,4714.175,38520,0.0
20260424 19:57:00.000,4714.185,4715.485,4714.005,4714.955,43570,0.0
20260424 19:58:00.000,4714.935,4716.975,4714.765,4716.565,94130,0.0
20260424 19:59:00.000,4716.615,4717.455,4716.165,4716.265,118450,0.0
20260424 20:00:00.000,4716.115,4717.245,4715.215,4715.925,36640,0.0
20260424 20:01:00.000,4715.915,4716.325,4712.745,4713.585,20680,0.0
20260424 20:02:00.000,4713.735,4713.735,4711.405,4712.615,23160,0.0
20260424 20:03:00.000,4712.585,4712.585,4711.365,4712.475,18480,0.0
20260424 20:04:00.000,4712.645,4712.645,4710.945,4711.115,15540,0.0
20260424 20:05:00.000,4711.125,4712.055,4710.845,4712.055,11280,0.0
20260424 20:06:00.000,4712.135,4712.135,4710.835,4711.435,15659,0.0
20260424 20:07:00.000,4711.415,4711.465,4709.415,4710.675,32550,0.0
20260424 20:08:00.000,4710.735,4710.745,4709.375,4709.485,17250,0.0
20260424 20:09:00.000,4709.555,4709.555,4708.515,4708.935,15799,0.0
20260424 20:10:00.000,4708.935,4710.185,4708.645,4708.685,21010,0.0
20260424 20:11:00.000,4708.605,4708.635,4706.505,4706.925,36540,0.0
20260424 20:12:00.000,4706.925,4708.555,4706.755,4708.255,15620,0.0
20260424 20:13:00.000,4708.225,4708.225,4706.625,4706.755,14520,0.0
20260424 20:14:00.000,4706.775,4706.775,4705.165,4706.515,28240,0.0
20260424 20:15:00.000,4706.495,4707.335,4705.975,4706.005,14280,0.0
20260424 20:16:00.000,4705.765,4707.045,4705.675,4706.795,9670,0.0
20260424 20:17:00.000,4706.815,4707.205,4706.625,4707.135,9900,0.0
20260424 20:18:00.000,4707.045,4707.045,4705.625,4705.625,19220,0.0
20260424 20:19:00.000,4705.575,4705.895,4705.085,4705.755,8840,0.0
20260424 20:20:00.000,4705.725,4706.175,4705.475,4705.865,10710,0.0
20260424 20:21:00.000,4705.885,4706.715,4705.485,4706.545,43470,0.0
20260424 20:22:00.000,4706.715,4707.505,4706.665,4707.235,57850,0.0
20260424 20:23:00.000,4707.275,4707.785,4706.395,4707.645,48240,0.0
20260424 20:24:00.000,4707.775,4707.945,4706.715,4707.005,67310,0.0
20260424 20:25:00.000,4706.945,4707.665,4706.098,4707.665,73380,0.0
20260424 20:26:00.000,4707.475,4709.138,4706.945,4706.945,67530,0.0
20260424 20:27:00.000,4707.125,4708.655,4706.865,4707.715,11380,0.0
20260424 20:28:00.000,4707.845,4708.245,4707.585,4708.235,7800,0.0
20260424 20:29:00.000,4708.205,4708.565,4707.675,4707.895,11020,0.0
20260424 20:30:00.000,4707.845,4708.545,4707.165,4707.285,8159,0.0
20260424 20:31:00.000,4707.285,4707.455,4706.885,4707.245,13080,0.0
20260424 20:32:00.000,4707.245,4707.675,4707.045,4707.305,9480,0.0
20260424 20:33:00.000,4707.325,4707.735,4707.255,4707.385,6240,0.0
20260424 20:34:00.000,4707.375,4707.375,4705.285,4705.425,14350,0.0
20260424 20:35:00.000,4705.445,4706.855,4705.255,4706.635,13800,0.0
20260424 20:36:00.000,4706.625,4708.575,4706.205,4708.575,11880,0.0
20260424 20:37:00.000,4708.635,4708.675,4707.685,4708.115,7080,0.0
20260424 20:38:00.000,4708.155,4708.375,4707.295,4707.295,9720,0.0
20260424 20:39:00.000,4707.255,4708.255,4706.675,4707.015,45230,0.0
20260424 20:40:00.000,4706.985,4706.985,4706.305,4706.955,64400,0.0
20260424 20:41:00.000,4706.975,4707.275,4706.318,4706.375,82350,0.0
20260424 20:42:00.000,4706.375,4706.538,4706.018,4706.135,50740,0.0
20260424 20:43:00.000,4706.158,4706.195,4705.098,4705.438,26600,0.0
20260424 20:44:00.000,4705.438,4707.328,4705.318,4707.105,30530,0.0
20260424 20:45:00.000,4707.105,4707.605,4706.675,4706.785,24300,0.0
20260424 20:46:00.000,4706.785,4708.525,4706.785,4707.695,24390,0.0
20260424 20:47:00.000,4707.695,4707.805,4707.025,4707.428,20630,0.0
20260424 20:48:00.000,4707.555,4708.398,4707.385,4708.235,13900,0.0
20260424 20:49:00.000,4708.235,4708.235,4706.425,4706.775,23010,0.0
20260424 20:50:00.000,4706.698,4708.818,4706.215,4707.685,29330,0.0
20260424 20:51:00.000,4707.878,4708.605,4707.395,4708.525,19110,0.0
20260424 20:52:00.000,4708.485,4708.485,4707.565,4708.018,21300,0.0
20260424 20:53:00.000,4708.018,4708.598,4706.458,4707.718,27540,0.0
20260424 20:54:00.000,4707.645,4707.898,4707.185,4707.738,36650,0.0
20260424 20:55:00.000,4707.698,4707.738,4706.425,4707.095,46470,0.0
20260424 20:56:00.000,4707.015,4707.315,4706.498,4707.055,23460,0.0
20260424 20:57:00.000,4707.065,4708.375,4706.348,4707.598,46090,0.0
20260424 20:58:00.000,4707.498,4709.978,4707.405,4709.848,32740,0.0
20260424 20:59:00.000,4709.848,4710.035,4707.635,4707.865,30210,0.0
